ISO-10303-21;
HEADER;
FILE_DESCRIPTION (( 'STEP AP214' ),
    '1' );
FILE_NAME ('door magnet holder.STEP',
    '2025-09-21T00:14:07',
    ( '' ),
    ( '' ),
    'SwSTEP 2.0',
    'SolidWorks 2024',
    '' );
FILE_SCHEMA (( 'AUTOMOTIVE_DESIGN' ));
ENDSEC;

DATA;
#1 = AXIS2_PLACEMENT_3D ( 'NONE', #2490, #2456, #1190 ) ;
#2 = ORIENTED_EDGE ( 'NONE', *, *, #2532, .F. ) ;
#3 = ORIENTED_EDGE ( 'NONE', *, *, #250, .F. ) ;
#4 = CARTESIAN_POINT ( 'NONE',  ( 30.00000000000000711, 45.00000000000000000, 6.650000000000001243 ) ) ;
#5 = DIRECTION ( 'NONE',  ( -1.000000000000000000, -0.000000000000000000, -0.000000000000000000 ) ) ;
#6 = APPLICATION_PROTOCOL_DEFINITION ( 'draft international standard', 'automotive_design', 1998, #573 ) ;
#7 = EDGE_CURVE ( 'NONE', #450, #1766, #1525, .T. ) ;
#8 = EDGE_CURVE ( 'NONE', #2115, #1723, #2187, .T. ) ;
#9 = ORIENTED_EDGE ( 'NONE', *, *, #2324, .T. ) ;
#10 = CARTESIAN_POINT ( 'NONE',  ( 33.50000000000000000, -8.500000000000000000, 17.49999999999999645 ) ) ;
#11 = CARTESIAN_POINT ( 'NONE',  ( 28.50000000000000355, 41.50000000000000000, 19.00000000000000000 ) ) ;
#12 = ORIENTED_EDGE ( 'NONE', *, *, #547, .T. ) ;
#13 = VECTOR ( 'NONE', #708, 1000.000000000000000 ) ;
#14 = ORIENTED_EDGE ( 'NONE', *, *, #579, .T. ) ;
#15 = ORIENTED_EDGE ( 'NONE', *, *, #857, .T. ) ;
#16 = AXIS2_PLACEMENT_3D ( 'NONE', #1013, #2600, #2382 ) ;
#17 = CYLINDRICAL_SURFACE ( 'NONE', #2816, 1.500000000000001332 ) ;
#18 = DIRECTION ( 'NONE',  ( 8.673617379884038430E-16, 4.625929269271486900E-15, 1.000000000000000000 ) ) ;
#19 = AXIS2_PLACEMENT_3D ( 'NONE', #1438, #320, #1221 ) ;
#20 = VECTOR ( 'NONE', #1673, 1000.000000000000000 ) ;
#21 = CARTESIAN_POINT ( 'NONE',  ( 0.000000000000000000, 0.000000000000000000, 12.62132034355968102 ) ) ;
#22 = ORIENTED_EDGE ( 'NONE', *, *, #388, .F. ) ;
#23 = AXIS2_PLACEMENT_3D ( 'NONE', #877, #2619, #1149 ) ;
#24 = DIRECTION ( 'NONE',  ( 0.8164965809277330289, 0.5773502691896160721, 0.000000000000000000 ) ) ;
#25 = DIRECTION ( 'NONE',  ( 0.000000000000000000, 1.000000000000000000, -0.000000000000000000 ) ) ;
#26 = EDGE_CURVE ( 'NONE', #810, #1199, #2425, .T. ) ;
#27 = ORIENTED_EDGE ( 'NONE', *, *, #2532, .T. ) ;
#28 = AXIS2_PLACEMENT_3D ( 'NONE', #53, #1158, #2643 ) ;
#29 = CARTESIAN_POINT ( 'NONE',  ( 3.621320343559646826, 1.500000000000000000, 23.00000000000000000 ) ) ;
#30 = ORIENTED_EDGE ( 'NONE', *, *, #2423, .T. ) ;
#31 = ORIENTED_EDGE ( 'NONE', *, *, #2711, .T. ) ;
#32 = CIRCLE ( 'NONE', #1242, 1.500000000000001332 ) ;
#33 = ORIENTED_EDGE ( 'NONE', *, *, #1366, .F. ) ;
#34 = CARTESIAN_POINT ( 'NONE',  ( 10.00000000000000000, 30.00000000000000000, 22.50000000000000000 ) ) ;
#35 = CARTESIAN_POINT ( 'NONE',  ( 31.50000000000000711, 48.50000000000000000, 0.000000000000000000 ) ) ;
#36 = FACE_OUTER_BOUND ( 'NONE', #2664, .T. ) ;
#37 = CIRCLE ( 'NONE', #1868, 1.500000000000001332 ) ;
#38 = PLANE ( 'NONE',  #2225 ) ;
#39 = ORIENTED_EDGE ( 'NONE', *, *, #2065, .T. ) ;
#40 = AXIS2_PLACEMENT_3D ( 'NONE', #454, #699, #1773 ) ;
#41 = CIRCLE ( 'NONE', #813, 3.350000000000000533 ) ;
#42 = EDGE_CURVE ( 'NONE', #1995, #2803, #92, .T. ) ;
#43 = DIRECTION ( 'NONE',  ( -0.000000000000000000, 1.000000000000000000, 0.000000000000000000 ) ) ;
#44 = DIRECTION ( 'NONE',  ( -1.000000000000000000, -0.000000000000000000, -0.000000000000000000 ) ) ;
#45 = ORIENTED_EDGE ( 'NONE', *, *, #2436, .T. ) ;
#46 = EDGE_CURVE ( 'NONE', #2181, #1821, #1721, .T. ) ;
#47 = DIRECTION ( 'NONE',  ( 0.000000000000000000, 0.000000000000000000, -1.000000000000000000 ) ) ;
#48 = ORIENTED_EDGE ( 'NONE', *, *, #1153, .T. ) ;
#49 = ORIENTED_EDGE ( 'NONE', *, *, #1828, .T. ) ;
#50 = BREP_WITH_VOIDS ( 'NONE', #360, ( #2496, #2527 ) );
#51 = ORIENTED_EDGE ( 'NONE', *, *, #1342, .F. ) ;
#52 = DIRECTION ( 'NONE',  ( 1.000000000000000000, 0.000000000000000000, 0.000000000000000000 ) ) ;
#53 = CARTESIAN_POINT ( 'NONE',  ( 10.00000000000000000, 30.00000000000000000, 10.30000000000000071 ) ) ;
#54 = DIRECTION ( 'NONE',  ( 1.000000000000000000, 0.000000000000000000, 0.000000000000000000 ) ) ;
#55 = ORIENTED_EDGE ( 'NONE', *, *, #164, .T. ) ;
#56 = DIRECTION ( 'NONE',  ( 0.000000000000000000, 0.000000000000000000, 1.000000000000000000 ) ) ;
#57 = DIRECTION ( 'NONE',  ( -0.000000000000000000, 0.000000000000000000, 1.000000000000000000 ) ) ;
#58 = FACE_OUTER_BOUND ( 'NONE', #2061, .T. ) ;
#59 = ORIENTED_EDGE ( 'NONE', *, *, #1044, .T. ) ;
#60 = EDGE_CURVE ( 'NONE', #1112, #1087, #1315, .T. ) ;
#61 = FACE_OUTER_BOUND ( 'NONE', #1302, .T. ) ;
#62 = EDGE_CURVE ( 'NONE', #2652, #1199, #2101, .T. ) ;
#63 = EDGE_CURVE ( 'NONE', #275, #2051, #1965, .T. ) ;
#64 = ORIENTED_EDGE ( 'NONE', *, *, #2336, .F. ) ;
#65 = ORIENTED_EDGE ( 'NONE', *, *, #1866, .T. ) ;
#66 = DIRECTION ( 'NONE',  ( 0.000000000000000000, -1.000000000000000000, 0.000000000000000000 ) ) ;
#67 = DIRECTION ( 'NONE',  ( 0.000000000000000000, 0.000000000000000000, 1.000000000000000000 ) ) ;
#68 = EDGE_CURVE ( 'NONE', #1960, #2652, #1163, .T. ) ;
#69 = ORIENTED_EDGE ( 'NONE', *, *, #1610, .T. ) ;
#70 = TOROIDAL_SURFACE ( 'NONE', #2198, 3.000000000000000000, 1.500000000000000000 ) ;
#71 = CYLINDRICAL_SURFACE ( 'NONE', #439, 1.500000000000000666 ) ;
#72 = ORIENTED_EDGE ( 'NONE', *, *, #1222, .F. ) ;
#73 = DIRECTION ( 'NONE',  ( 0.000000000000000000, -0.000000000000000000, -1.000000000000000000 ) ) ;
#74 = CARTESIAN_POINT ( 'NONE',  ( 26.50000000000000711, 0.000000000000000000, 17.49999999999999645 ) ) ;
#75 = ORIENTED_EDGE ( 'NONE', *, *, #2323, .F. ) ;
#76 = DIRECTION ( 'NONE',  ( 1.000000000000000000, -0.000000000000000000, 0.000000000000000000 ) ) ;
#77 = VERTEX_POINT ( 'NONE', #143 ) ;
#78 = EDGE_CURVE ( 'NONE', #1293, #907, #1608, .T. ) ;
#79 = VERTEX_POINT ( 'NONE', #785 ) ;
#80 = DIRECTION ( 'NONE',  ( -0.8164965809277242581, -0.5773502691896281735, 0.000000000000000000 ) ) ;
#81 = ORIENTED_EDGE ( 'NONE', *, *, #1132, .T. ) ;
#82 = EDGE_CURVE ( 'NONE', #854, #1617, #2700, .T. ) ;
#83 = CARTESIAN_POINT ( 'NONE',  ( 31.50000000000000711, -10.00000000000000000, 17.49999999999999645 ) ) ;
#84 = DIRECTION ( 'NONE',  ( 0.000000000000000000, -1.000000000000000000, 0.000000000000000000 ) ) ;
#85 = LINE ( 'NONE', #725, #754 ) ;
#86 = CIRCLE ( 'NONE', #1952, 1.500000000000001332 ) ;
#87 = DIRECTION ( 'NONE',  ( -0.8164965809277243691, 0.5773502691896280625, -0.000000000000000000 ) ) ;
#88 = DIRECTION ( 'NONE',  ( -0.000000000000000000, -1.000000000000000000, -0.000000000000000000 ) ) ;
#89 = ORIENTED_EDGE ( 'NONE', *, *, #68, .T. ) ;
#90 = DIRECTION ( 'NONE',  ( 0.000000000000000000, 1.000000000000000000, -0.000000000000000000 ) ) ;
#91 = AXIS2_PLACEMENT_3D ( 'NONE', #355, #1689, #1220 ) ;
#92 = CIRCLE ( 'NONE', #135, 5.249999999999997335 ) ;
#93 = DIRECTION ( 'NONE',  ( -0.7071067811865491270, -0.7071067811865459074, -0.000000000000000000 ) ) ;
#94 = ORIENTED_EDGE ( 'NONE', *, *, #186, .T. ) ;
#95 = LINE ( 'NONE', #1822, #1353 ) ;
#96 = DIRECTION ( 'NONE',  ( 0.000000000000000000, 0.000000000000000000, 1.000000000000000000 ) ) ;
#97 = ORIENTED_EDGE ( 'NONE', *, *, #1692, .T. ) ;
#98 = DIRECTION ( 'NONE',  ( 1.000000000000000000, -0.000000000000000000, 0.000000000000000000 ) ) ;
#99 = CARTESIAN_POINT ( 'NONE',  ( 33.50000000000000000, 0.000000000000000000, 17.49999999999999645 ) ) ;
#100 = ADVANCED_FACE ( 'NONE', ( #1662 ), #2754, .T. ) ;
#101 = EDGE_CURVE ( 'NONE', #720, #214, #2728, .T. ) ;
#102 = CARTESIAN_POINT ( 'NONE',  ( 23.50000000000000355, 38.50000000000000000, 21.50000000000000000 ) ) ;
#103 = DIRECTION ( 'NONE',  ( 0.000000000000000000, 0.000000000000000000, 1.000000000000000000 ) ) ;
#104 = LINE ( 'NONE', #1923, #884 ) ;
#105 = FACE_BOUND ( 'NONE', #986, .T. ) ;
#106 = SPHERICAL_SURFACE ( 'NONE', #1846, 1.500000000000000000 ) ;
#107 = VERTEX_POINT ( 'NONE', #1397 ) ;
#108 = DIRECTION ( 'NONE',  ( 0.000000000000000000, 0.000000000000000000, 1.000000000000000000 ) ) ;
#109 = EDGE_LOOP ( 'NONE', ( #1890, #943, #2365, #1224 ) ) ;
#110 = AXIS2_PLACEMENT_3D ( 'NONE', #286, #2004, #477 ) ;
#111 = DIRECTION ( 'NONE',  ( 0.000000000000000000, 0.000000000000000000, 1.000000000000000000 ) ) ;
#112 = LINE ( 'NONE', #337, #1009 ) ;
#113 = VECTOR ( 'NONE', #2506, 1000.000000000000000 ) ;
#114 = CIRCLE ( 'NONE', #1700, 1.500000000000000000 ) ;
#115 = LINE ( 'NONE', #921, #171 ) ;
#116 = DIRECTION ( 'NONE',  ( 0.000000000000000000, 1.000000000000000000, 0.000000000000000000 ) ) ;
#117 = VECTOR ( 'NONE', #236, 1000.000000000000000 ) ;
#118 = ADVANCED_FACE ( 'NONE', ( #1863 ), #577, .F. ) ;
#119 = CARTESIAN_POINT ( 'NONE',  ( 31.50000000000000711, 41.50000000000000000, 0.000000000000000000 ) ) ;
#120 = AXIS2_PLACEMENT_3D ( 'NONE', #1738, #5, #859 ) ;
#121 = ORIENTED_EDGE ( 'NONE', *, *, #1512, .F. ) ;
#122 = ORIENTED_EDGE ( 'NONE', *, *, #679, .T. ) ;
#123 = CARTESIAN_POINT ( 'NONE',  ( 26.50000000000000711, 0.000000000000000000, 20.50000000000000000 ) ) ;
#124 = DIRECTION ( 'NONE',  ( -0.000000000000000000, -1.000000000000000000, -0.000000000000000000 ) ) ;
#125 = DIRECTION ( 'NONE',  ( -1.000000000000000000, -0.000000000000000000, -0.000000000000000000 ) ) ;
#126 = DIRECTION ( 'NONE',  ( 1.000000000000000000, 0.000000000000000000, 0.000000000000000000 ) ) ;
#127 = DIRECTION ( 'NONE',  ( 0.000000000000000000, 0.000000000000000000, 1.000000000000000000 ) ) ;
#128 = EDGE_CURVE ( 'NONE', #1715, #2465, #343, .T. ) ;
#129 = AXIS2_PLACEMENT_3D ( 'NONE', #1456, #1026, #1656 ) ;
#130 = DIRECTION ( 'NONE',  ( 0.000000000000000000, 0.000000000000000000, 1.000000000000000000 ) ) ;
#131 = CIRCLE ( 'NONE', #1717, 1.499999999999999778 ) ;
#132 = AXIS2_PLACEMENT_3D ( 'NONE', #2689, #1756, #917 ) ;
#133 = EDGE_CURVE ( 'NONE', #418, #1378, #2509, .T. ) ;
#134 = AXIS2_PLACEMENT_3D ( 'NONE', #1741, #2395, #1994 ) ;
#135 = AXIS2_PLACEMENT_3D ( 'NONE', #2217, #2011, #951 ) ;
#136 = VERTEX_POINT ( 'NONE', #2283 ) ;
#137 = ORIENTED_EDGE ( 'NONE', *, *, #1529, .T. ) ;
#138 = DIRECTION ( 'NONE',  ( 0.000000000000000000, 0.000000000000000000, 1.000000000000000000 ) ) ;
#139 = FACE_OUTER_BOUND ( 'NONE', #2626, .T. ) ;
#140 = DIRECTION ( 'NONE',  ( -0.000000000000000000, -0.000000000000000000, 1.000000000000000000 ) ) ;
#141 = LINE ( 'NONE', #1447, #650 ) ;
#142 = VECTOR ( 'NONE', #84, 1000.000000000000000 ) ;
#143 = CARTESIAN_POINT ( 'NONE',  ( 28.50000000000000355, 38.50000000000000000, 19.00000000000000000 ) ) ;
#144 = CARTESIAN_POINT ( 'NONE',  ( 33.50000000000000000, 50.00000000000000000, 1.500000000000000000 ) ) ;
#145 = ADVANCED_FACE ( 'NONE', ( #2059, #105 ), #330, .T. ) ;
#146 = CARTESIAN_POINT ( 'NONE',  ( 12.62132034355964016, 36.37867965644035451, 1.500000000000000000 ) ) ;
#147 = EDGE_CURVE ( 'NONE', #418, #2523, #395, .T. ) ;
#148 = ADVANCED_FACE ( 'NONE', ( #1194, #553 ), #995, .F. ) ;
#149 = ORIENTED_EDGE ( 'NONE', *, *, #2423, .F. ) ;
#150 = ORIENTED_EDGE ( 'NONE', *, *, #2749, .T. ) ;
#151 = ORIENTED_EDGE ( 'NONE', *, *, #997, .T. ) ;
#152 = EDGE_CURVE ( 'NONE', #720, #361, #2772, .T. ) ;
#153 = FACE_OUTER_BOUND ( 'NONE', #940, .T. ) ;
#154 = FACE_OUTER_BOUND ( 'NONE', #688, .T. ) ;
#155 = CYLINDRICAL_SURFACE ( 'NONE', #1332, 1.500000000000000888 ) ;
#156 = VECTOR ( 'NONE', #792, 1000.000000000000000 ) ;
#157 = CYLINDRICAL_SURFACE ( 'NONE', #1696, 1.500000000000001332 ) ;
#158 = EDGE_LOOP ( 'NONE', ( #1091, #1074, #1917 ) ) ;
#159 = AXIS2_PLACEMENT_3D ( 'NONE', #1775, #1964, #716 ) ;
#160 = CARTESIAN_POINT ( 'NONE',  ( 33.50000000000000000, -8.500000000000000000, 19.00000000000000000 ) ) ;
#161 = CIRCLE ( 'NONE', #345, 1.499999999999999778 ) ;
#162 = ORIENTED_EDGE ( 'NONE', *, *, #1429, .F. ) ;
#163 = ORIENTED_EDGE ( 'NONE', *, *, #1465, .T. ) ;
#164 = EDGE_CURVE ( 'NONE', #1378, #705, #1204, .T. ) ;
#165 = DIRECTION ( 'NONE',  ( 1.000000000000000000, -2.891205793294675861E-16, 0.000000000000000000 ) ) ;
#166 = CARTESIAN_POINT ( 'NONE',  ( 30.00000000000000711, 45.00000000000000000, 10.00000000000000000 ) ) ;
#167 = CARTESIAN_POINT ( 'NONE',  ( 31.65000000000000568, -3.299999999999994049, 10.00000000000000000 ) ) ;
#168 = EDGE_CURVE ( 'NONE', #2181, #1120, #505, .T. ) ;
#169 = EDGE_CURVE ( 'NONE', #1120, #1453, #115, .T. ) ;
#170 = ORIENTED_EDGE ( 'NONE', *, *, #303, .T. ) ;
#171 = VECTOR ( 'NONE', #1192, 1000.000000000000000 ) ;
#172 = DIRECTION ( 'NONE',  ( -0.7071067811865463515, -7.850462293418891857E-17, 0.7071067811865487940 ) ) ;
#173 = CARTESIAN_POINT ( 'NONE',  ( 28.50000000000000355, 40.00000000000000000, 1.500000000000000000 ) ) ;
#174 = VECTOR ( 'NONE', #2505, 1000.000000000000000 ) ;
#175 = PRODUCT_DEFINITION_SHAPE ( 'NONE', 'NONE',  #1186 ) ;
#176 = CIRCLE ( 'NONE', #2224, 3.000000000000002665 ) ;
#177 = AXIS2_PLACEMENT_3D ( 'NONE', #1722, #836, #1514 ) ;
#178 = ORIENTED_EDGE ( 'NONE', *, *, #152, .F. ) ;
#179 = EDGE_LOOP ( 'NONE', ( #2179, #1582, #2702 ) ) ;
#180 = AXIS2_PLACEMENT_3D ( 'NONE', #1048, #2333, #2152 ) ;
#181 = DIRECTION ( 'NONE',  ( -0.000000000000000000, 0.000000000000000000, 1.000000000000000000 ) ) ;
#182 = DIRECTION ( 'NONE',  ( -1.000000000000000000, 0.000000000000000000, 0.000000000000000000 ) ) ;
#183 = LINE ( 'NONE', #2807, #1105 ) ;
#184 = CARTESIAN_POINT ( 'NONE',  ( 0.000000000000000000, 38.50000000000000000, 17.49999999999999645 ) ) ;
#185 = ADVANCED_FACE ( 'NONE', ( #2068 ), #757, .F. ) ;
#186 = EDGE_CURVE ( 'NONE', #676, #1453, #767, .T. ) ;
#187 = ORIENTED_EDGE ( 'NONE', *, *, #2745, .F. ) ;
#188 = DIRECTION ( 'NONE',  ( 0.000000000000000000, 0.000000000000000000, 1.000000000000000000 ) ) ;
#189 = CARTESIAN_POINT ( 'NONE',  ( 0.4393398282201846361, 37.43933982822017725, 21.50000000000000000 ) ) ;
#190 = ORIENTED_EDGE ( 'NONE', *, *, #969, .T. ) ;
#191 = ORIENTED_EDGE ( 'NONE', *, *, #1881, .T. ) ;
#192 = DIRECTION ( 'NONE',  ( 0.000000000000000000, 0.000000000000000000, -1.000000000000000000 ) ) ;
#193 = DIRECTION ( 'NONE',  ( 1.000000000000000000, 0.000000000000000000, 0.000000000000000000 ) ) ;
#194 = DIRECTION ( 'NONE',  ( 0.7071067811865463515, 0.000000000000000000, -0.7071067811865487940 ) ) ;
#195 = DIRECTION ( 'NONE',  ( 1.000000000000000000, -0.000000000000000000, 0.000000000000000000 ) ) ;
#196 = EDGE_LOOP ( 'NONE', ( #1902, #2437 ) ) ;
#197 = EDGE_CURVE ( 'NONE', #2406, #1087, #1845, .T. ) ;
#198 = CARTESIAN_POINT ( 'NONE',  ( 3.621320343559646826, 1.500000000000000000, 20.00000000000000000 ) ) ;
#199 = ORIENTED_EDGE ( 'NONE', *, *, #504, .F. ) ;
#200 = VECTOR ( 'NONE', #1347, 1000.000000000000000 ) ;
#201 = EDGE_CURVE ( 'NONE', #2483, #1576, #2492, .T. ) ;
#202 = ORIENTED_EDGE ( 'NONE', *, *, #1663, .F. ) ;
#203 = DIRECTION ( 'NONE',  ( 0.000000000000000000, -0.000000000000000000, 1.000000000000000000 ) ) ;
#204 = CARTESIAN_POINT ( 'NONE',  ( 0.000000000000000000, 38.50000000000000000, 23.00000000000000000 ) ) ;
#205 = DIRECTION ( 'NONE',  ( 0.000000000000000000, 0.000000000000000000, 1.000000000000000000 ) ) ;
#206 = AXIS2_PLACEMENT_3D ( 'NONE', #2042, #2133, #1166 ) ;
#207 = DIRECTION ( 'NONE',  ( -1.000000000000000000, -0.000000000000000000, -0.000000000000000000 ) ) ;
#208 = ORIENTED_EDGE ( 'NONE', *, *, #2065, .F. ) ;
#209 = CARTESIAN_POINT ( 'NONE',  ( 3.621320343559663701, 38.50000000000000000, 13.50000000000004619 ) ) ;
#210 = DIRECTION ( 'NONE',  ( -0.6785983445458456664, 0.6785983445458487751, -0.2810846377148194519 ) ) ;
#211 = ORIENTED_EDGE ( 'NONE', *, *, #969, .F. ) ;
#212 = EDGE_CURVE ( 'NONE', #613, #2465, #896, .T. ) ;
#213 = ORIENTED_EDGE ( 'NONE', *, *, #2353, .F. ) ;
#214 = VERTEX_POINT ( 'NONE', #1796 ) ;
#215 = CIRCLE ( 'NONE', #1075, 1.500000000000000222 ) ;
#216 = DIRECTION ( 'NONE',  ( -0.1685938580755602101, 0.1975199910557189908, 0.9656924790804505276 ) ) ;
#217 = LINE ( 'NONE', #426, #2079 ) ;
#218 = CIRCLE ( 'NONE', #2540, 1.499999999999998446 ) ;
#219 = DIRECTION ( 'NONE',  ( 0.000000000000000000, 0.000000000000000000, -1.000000000000000000 ) ) ;
#220 = EDGE_LOOP ( 'NONE', ( #2814, #778 ) ) ;
#221 = SPHERICAL_SURFACE ( 'NONE', #2632, 1.500000000000000000 ) ;
#222 = FACE_OUTER_BOUND ( 'NONE', #2777, .T. ) ;
#223 = ORIENTED_EDGE ( 'NONE', *, *, #1784, .F. ) ;
#224 =( GEOMETRIC_REPRESENTATION_CONTEXT ( 3 ) GLOBAL_UNCERTAINTY_ASSIGNED_CONTEXT ( ( #1751 ) ) GLOBAL_UNIT_ASSIGNED_CONTEXT ( ( #2494, #1219, #957 ) ) REPRESENTATION_CONTEXT ( 'NONE', 'WORKASPACE' ) );
#225 = ORIENTED_EDGE ( 'NONE', *, *, #78, .F. ) ;
#226 = VERTEX_POINT ( 'NONE', #1181 ) ;
#227 = EDGE_CURVE ( 'NONE', #2761, #1755, #32, .T. ) ;
#228 = FACE_OUTER_BOUND ( 'NONE', #1358, .T. ) ;
#229 = DIRECTION ( 'NONE',  ( -1.000000000000000000, 0.000000000000000000, -0.000000000000000000 ) ) ;
#230 = EDGE_CURVE ( 'NONE', #1274, #516, #1983, .T. ) ;
#231 = CARTESIAN_POINT ( 'NONE',  ( 28.50000000000000355, 1.500000000000000000, 17.49999999999999645 ) ) ;
#232 = ORIENTED_EDGE ( 'NONE', *, *, #763, .T. ) ;
#233 = DIRECTION ( 'NONE',  ( -1.000000000000000000, 0.000000000000000000, -0.000000000000000000 ) ) ;
#234 = DIRECTION ( 'NONE',  ( 1.000000000000000000, 0.000000000000000000, 0.000000000000000000 ) ) ;
#235 = ORIENTED_EDGE ( 'NONE', *, *, #246, .F. ) ;
#236 = DIRECTION ( 'NONE',  ( -1.000000000000000000, -0.000000000000000000, -0.000000000000000000 ) ) ;
#237 = UNCERTAINTY_MEASURE_WITH_UNIT (LENGTH_MEASURE( 1.000000000000000082E-05 ), #1585, 'distance_accuracy_value', 'NONE');
#238 = AXIS2_PLACEMENT_3D ( 'NONE', #2013, #922, #1831 ) ;
#239 = ORIENTED_EDGE ( 'NONE', *, *, #1345, .T. ) ;
#240 = ORIENTED_EDGE ( 'NONE', *, *, #2693, .T. ) ;
#241 = AXIS2_PLACEMENT_3D ( 'NONE', #2557, #2108, #1713 ) ;
#242 = ORIENTED_EDGE ( 'NONE', *, *, #1306, .T. ) ;
#243 = CARTESIAN_POINT ( 'NONE',  ( 35.00000000000000000, -8.500000000000000000, 19.00000000000000000 ) ) ;
#244 = CARTESIAN_POINT ( 'NONE',  ( 31.50000000000000711, -10.00000000000000000, 1.500000000000001332 ) ) ;
#245 = AXIS2_PLACEMENT_3D ( 'NONE', #356, #1651, #2295 ) ;
#246 = EDGE_CURVE ( 'NONE', #2567, #1000, #295, .T. ) ;
#247 = AXIS2_PLACEMENT_3D ( 'NONE', #2040, #2677, #1421 ) ;
#248 = CARTESIAN_POINT ( 'NONE',  ( 0.000000000000000000, 50.00000000000000000, 20.00000000000000000 ) ) ;
#249 = DIRECTION ( 'NONE',  ( -1.000000000000000000, -0.000000000000000000, -0.000000000000000000 ) ) ;
#250 = EDGE_CURVE ( 'NONE', #437, #2722, #1893, .T. ) ;
#251 = ADVANCED_FACE ( 'NONE', ( #340 ), #522, .T. ) ;
#252 = DIRECTION ( 'NONE',  ( 0.000000000000000000, 0.000000000000000000, -1.000000000000000000 ) ) ;
#253 = LINE ( 'NONE', #1135, #1899 ) ;
#254 = VERTEX_POINT ( 'NONE', #1394 ) ;
#255 = CARTESIAN_POINT ( 'NONE',  ( 15.24999999999999822, 10.00000000000000000, 10.30000000000000071 ) ) ;
#256 = EDGE_LOOP ( 'NONE', ( #2240, #1947, #1184, #1124 ) ) ;
#257 = VERTEX_POINT ( 'NONE', #1573 ) ;
#258 = ORIENTED_EDGE ( 'NONE', *, *, #2199, .F. ) ;
#259 = CARTESIAN_POINT ( 'NONE',  ( 16.24264068711930875, 40.00000000000000000, 1.500000000000000000 ) ) ;
#260 = LINE ( 'NONE', #1357, #1165 ) ;
#261 = AXIS2_PLACEMENT_3D ( 'NONE', #2215, #570, #138 ) ;
#262 = CARTESIAN_POINT ( 'NONE',  ( 30.00000000000000711, 48.50000000000000000, 1.500000000000000000 ) ) ;
#263 = EDGE_LOOP ( 'NONE', ( #975, #2077, #915, #1167 ) ) ;
#264 = AXIS2_PLACEMENT_3D ( 'NONE', #960, #1838, #2714 ) ;
#265 = AXIS2_PLACEMENT_3D ( 'NONE', #1037, #2789, #1905 ) ;
#266 = ADVANCED_FACE ( 'NONE', ( #2491 ), #1361, .T. ) ;
#267 = DIRECTION ( 'NONE',  ( 0.000000000000000000, 0.000000000000000000, 1.000000000000000000 ) ) ;
#268 = ADVANCED_FACE ( 'NONE', ( #2458 ), #936, .T. ) ;
#269 = DIRECTION ( 'NONE',  ( -0.7071067811865462405, -0.000000000000000000, 0.7071067811865489050 ) ) ;
#270 = DIRECTION ( 'NONE',  ( 1.000000000000000000, 0.000000000000000000, 0.000000000000000000 ) ) ;
#271 = ORIENTED_EDGE ( 'NONE', *, *, #808, .F. ) ;
#272 = EDGE_CURVE ( 'NONE', #433, #1051, #85, .T. ) ;
#273 = SPHERICAL_SURFACE ( 'NONE', #1556, 1.500000000000000000 ) ;
#274 = ORIENTED_EDGE ( 'NONE', *, *, #2390, .F. ) ;
#275 = VERTEX_POINT ( 'NONE', #953 ) ;
#276 = CARTESIAN_POINT ( 'NONE',  ( 11.56066017177981742, 3.621320343559655708, 0.4393398282201801952 ) ) ;
#277 = CARTESIAN_POINT ( 'NONE',  ( 3.621320343559662369, 38.50000000000000000, 23.00000000000000000 ) ) ;
#278 = ORIENTED_EDGE ( 'NONE', *, *, #1208, .F. ) ;
#279 = FACE_OUTER_BOUND ( 'NONE', #2043, .T. ) ;
#280 = ORIENTED_EDGE ( 'NONE', *, *, #2563, .F. ) ;
#281 = CARTESIAN_POINT ( 'NONE',  ( 23.50000000000000355, 38.50000000000000000, 20.50000000000000000 ) ) ;
#282 = LINE ( 'NONE', #2474, #2799 ) ;
#283 = CYLINDRICAL_SURFACE ( 'NONE', #23, 1.500000000000001332 ) ;
#284 = VERTEX_POINT ( 'NONE', #1830 ) ;
#285 = ADVANCED_FACE ( 'NONE', ( #2697 ), #2545, .T. ) ;
#286 = CARTESIAN_POINT ( 'NONE',  ( 12.62132034355963306, 36.37867965644034030, 1.500000000000002665 ) ) ;
#287 = EDGE_CURVE ( 'NONE', #79, #1794, #518, .T. ) ;
#288 = ORIENTED_EDGE ( 'NONE', *, *, #42, .T. ) ;
#289 = ORIENTED_EDGE ( 'NONE', *, *, #26, .T. ) ;
#290 = CARTESIAN_POINT ( 'NONE',  ( 0.000000000000000000, 38.50000000000000000, 1.500000000000000000 ) ) ;
#291 = DIRECTION ( 'NONE',  ( 0.7071067811865492381, 0.7071067811865459074, 0.000000000000000000 ) ) ;
#292 = ORIENTED_EDGE ( 'NONE', *, *, #8, .T. ) ;
#293 = AXIS2_PLACEMENT_3D ( 'NONE', #2742, #1243, #1473 ) ;
#294 = DIRECTION ( 'NONE',  ( -0.000000000000000000, -1.000000000000000000, 0.000000000000000000 ) ) ;
#295 = CIRCLE ( 'NONE', #2612, 3.350000000000000533 ) ;
#296 = DIRECTION ( 'NONE',  ( 0.000000000000000000, 0.000000000000000000, 1.000000000000000000 ) ) ;
#297 = VECTOR ( 'NONE', #1318, 1000.000000000000000 ) ;
#298 = DIRECTION ( 'NONE',  ( -0.000000000000000000, -0.000000000000000000, -1.000000000000000000 ) ) ;
#299 = CARTESIAN_POINT ( 'NONE',  ( -0.000000000000000000, 1.500000000000000000, 0.000000000000000000 ) ) ;
#300 = DIRECTION ( 'NONE',  ( 0.7071067811865492381, 0.7071067811865459074, 0.000000000000000000 ) ) ;
#301 = ORIENTED_EDGE ( 'NONE', *, *, #1065, .F. ) ;
#302 = CIRCLE ( 'NONE', #2721, 1.700000000000000178 ) ;
#303 = EDGE_CURVE ( 'NONE', #676, #862, #1214, .T. ) ;
#304 = CARTESIAN_POINT ( 'NONE',  ( 0.000000000000000000, 38.50000000000000000, 19.00000000000000000 ) ) ;
#305 = EDGE_CURVE ( 'NONE', #2102, #1479, #2117, .T. ) ;
#306 = ORIENTED_EDGE ( 'NONE', *, *, #1481, .T. ) ;
#307 = LINE ( 'NONE', #2196, #772 ) ;
#308 = DIRECTION ( 'NONE',  ( -1.000000000000000000, -0.000000000000000000, -0.000000000000000000 ) ) ;
#309 = ORIENTED_EDGE ( 'NONE', *, *, #1961, .T. ) ;
#310 = AXIS2_PLACEMENT_3D ( 'NONE', #2097, #2072, #352 ) ;
#311 = DIRECTION ( 'NONE',  ( 0.000000000000000000, 1.000000000000000000, 0.000000000000000000 ) ) ;
#312 = CARTESIAN_POINT ( 'NONE',  ( 33.50000000000000000, -10.00000000000000000, 20.00000000000000000 ) ) ;
#313 = DIRECTION ( 'NONE',  ( 0.000000000000000000, 0.000000000000000000, 1.000000000000000000 ) ) ;
#314 = VECTOR ( 'NONE', #869, 1000.000000000000000 ) ;
#315 = DIRECTION ( 'NONE',  ( -1.000000000000000000, -0.000000000000000000, -0.000000000000000000 ) ) ;
#316 = CARTESIAN_POINT ( 'NONE',  ( 0.4393398282201761984, 36.37867965644034030, 11.56066017177986183 ) ) ;
#317 = CIRCLE ( 'NONE', #265, 1.500000000000000000 ) ;
#318 = SURFACE_STYLE_FILL_AREA ( #982 ) ;
#319 = AXIS2_PLACEMENT_3D ( 'NONE', #2348, #409, #1275 ) ;
#320 = DIRECTION ( 'NONE',  ( -0.7071067811865502373, -0.7071067811865449082, 0.000000000000000000 ) ) ;
#321 = ORIENTED_EDGE ( 'NONE', *, *, #1044, .F. ) ;
#322 = CARTESIAN_POINT ( 'NONE',  ( 15.62132034355966859, 38.50000000000000000, 1.500000000000000000 ) ) ;
#323 = ORIENTED_EDGE ( 'NONE', *, *, #1258, .F. ) ;
#324 = EDGE_CURVE ( 'NONE', #1290, #1479, #806, .T. ) ;
#325 = CARTESIAN_POINT ( 'NONE',  ( 11.56066017177981742, 3.000000000000016431, 0.4393398282201803617 ) ) ;
#326 = LINE ( 'NONE', #1637, #113 ) ;
#327 = ADVANCED_FACE ( 'NONE', ( #1003 ), #1660, .T. ) ;
#328 = DIRECTION ( 'NONE',  ( -0.000000000000000000, -0.000000000000000000, 1.000000000000000000 ) ) ;
#329 = DIRECTION ( 'NONE',  ( 1.000000000000000000, 0.000000000000000000, 0.000000000000000000 ) ) ;
#330 = PLANE ( 'NONE',  #2350 ) ;
#331 = CARTESIAN_POINT ( 'NONE',  ( 31.65000000000000568, -4.999999999999993783, 11.70000000000000107 ) ) ;
#332 = EDGE_LOOP ( 'NONE', ( #1338, #2326, #2429, #1050 ) ) ;
#333 = ORIENTED_EDGE ( 'NONE', *, *, #804, .T. ) ;
#334 = AXIS2_PLACEMENT_3D ( 'NONE', #711, #1577, #729 ) ;
#335 = DIRECTION ( 'NONE',  ( -0.000000000000000000, -1.000000000000000000, -0.000000000000000000 ) ) ;
#336 = EDGE_CURVE ( 'NONE', #422, #825, #2717, .T. ) ;
#337 = CARTESIAN_POINT ( 'NONE',  ( 25.00000000000000355, 1.500000000000001332, 23.00000000000000000 ) ) ;
#338 = VECTOR ( 'NONE', #87, 1000.000000000000114 ) ;
#339 = AXIS2_PLACEMENT_3D ( 'NONE', #167, #2357, #860 ) ;
#340 = FACE_OUTER_BOUND ( 'NONE', #902, .T. ) ;
#341 = CARTESIAN_POINT ( 'NONE',  ( 11.99999999999999645, 0.000000000000000000, 0.000000000000000000 ) ) ;
#342 = ADVANCED_FACE ( 'NONE', ( #2752 ), #1431, .F. ) ;
#343 = LINE ( 'NONE', #540, #1399 ) ;
#344 = DIRECTION ( 'NONE',  ( 0.000000000000000000, 1.000000000000000000, 0.000000000000000000 ) ) ;
#345 = AXIS2_PLACEMENT_3D ( 'NONE', #571, #1239, #300 ) ;
#346 = ORIENTED_EDGE ( 'NONE', *, *, #561, .T. ) ;
#347 = ORIENTED_EDGE ( 'NONE', *, *, #147, .F. ) ;
#348 = FACE_BOUND ( 'NONE', #196, .T. ) ;
#349 = DIRECTION ( 'NONE',  ( 0.000000000000000000, 0.000000000000000000, -1.000000000000000000 ) ) ;
#350 = DIRECTION ( 'NONE',  ( -5.782411586589358625E-16, 1.000000000000000000, -2.395153302388628397E-16 ) ) ;
#351 = CARTESIAN_POINT ( 'NONE',  ( 23.50000000000000355, 1.500000000000001332, 23.00000000000000000 ) ) ;
#352 = DIRECTION ( 'NONE',  ( 0.000000000000000000, 0.000000000000000000, 1.000000000000000000 ) ) ;
#353 = ADVANCED_FACE ( 'NONE', ( #1900 ), #1884, .F. ) ;
#354 = CIRCLE ( 'NONE', #2536, 1.500000000000002887 ) ;
#355 = CARTESIAN_POINT ( 'NONE',  ( 23.50000000000000355, 1.500000000000001332, 20.50000000000000000 ) ) ;
#356 = CARTESIAN_POINT ( 'NONE',  ( 28.50000000000000355, 41.50000000000000000, 17.49999999999999645 ) ) ;
#357 = AXIS2_PLACEMENT_3D ( 'NONE', #2409, #615, #1084 ) ;
#358 = AXIS2_PLACEMENT_3D ( 'NONE', #290, #1599, #2213 ) ;
#359 = CIRCLE ( 'NONE', #1176, 1.500000000000000000 ) ;
#360 = CLOSED_SHELL ( 'NONE', ( #2087, #2055, #822, #509, #839, #1047, #1291, #145, #1287, #452, #1691, #1962, #2100, #1898, #2135, #118, #739, #100, #1010, #2719, #371, #1654, #148, #1098, #2418, #470, #871, #2552, #947, #2501, #1237, #268, #1996, #448, #493, #892, #1802, #2118, #1094, #2500, #703, #2601, #677, #1642, #408, #1029, #2676, #631, #485, #1191, #2440, #1321, #1791, #2733, #596, #2583, #1082, #2566, #2168, #2255, #2672, #1892, #1708, #1588, #2306, #1762, #2788, #405, #1850, #1033, #1058, #548, #1659, #1433, #2477, #595, #285, #1383, #610, #2638, #2166, #1062, #1434, #2103, #266, #2800, #251, #2151, #1449, #627, #469, #2369, #1829, #1545, #327, #1998, #2513, #2617, #2459, #789 ) ) ;
#361 = VERTEX_POINT ( 'NONE', #2521 ) ;
#362 = ORIENTED_EDGE ( 'NONE', *, *, #1729, .T. ) ;
#363 = CARTESIAN_POINT ( 'NONE',  ( 35.00000000000000000, -4.999999999999993783, 10.00000000000000000 ) ) ;
#364 = CARTESIAN_POINT ( 'NONE',  ( 26.50000000000000711, 1.500000000000000000, 17.49999999999999645 ) ) ;
#365 = LINE ( 'NONE', #737, #1328 ) ;
#366 = CARTESIAN_POINT ( 'NONE',  ( 33.50000000000000000, 48.50000000000000000, 17.49999999999999645 ) ) ;
#367 = CARTESIAN_POINT ( 'NONE',  ( 12.62132034355964016, 0.000000000000000000, 1.500000000000000000 ) ) ;
#368 = FILL_AREA_STYLE_COLOUR ( '', #1730 ) ;
#369 = CARTESIAN_POINT ( 'NONE',  ( 35.00000000000000000, 48.50000000000000000, 17.49999999999999645 ) ) ;
#370 = DIRECTION ( 'NONE',  ( -0.000000000000000000, -1.635512977795594347E-15, 1.000000000000000000 ) ) ;
#371 = ADVANCED_FACE ( 'NONE', ( #2307 ), #1904, .F. ) ;
#372 = EDGE_CURVE ( 'NONE', #2351, #1666, #582, .T. ) ;
#373 = ORIENTED_EDGE ( 'NONE', *, *, #2386, .F. ) ;
#374 = ORIENTED_EDGE ( 'NONE', *, *, #2403, .T. ) ;
#375 = DIRECTION ( 'NONE',  ( 0.000000000000000000, 0.000000000000000000, 1.000000000000000000 ) ) ;
#376 = CARTESIAN_POINT ( 'NONE',  ( 31.50000000000000711, 48.50000000000000000, 1.500000000000000000 ) ) ;
#377 = DIRECTION ( 'NONE',  ( -0.1685938580755602101, 0.1975199910557189908, 0.9656924790804505276 ) ) ;
#378 = CIRCLE ( 'NONE', #1472, 1.500000000000001332 ) ;
#379 = VECTOR ( 'NONE', #2110, 1000.000000000000000 ) ;
#380 = DIRECTION ( 'NONE',  ( -1.000000000000000000, 0.000000000000000000, 0.000000000000000000 ) ) ;
#381 = ORIENTED_EDGE ( 'NONE', *, *, #128, .T. ) ;
#382 = FACE_OUTER_BOUND ( 'NONE', #1547, .T. ) ;
#383 = DIRECTION ( 'NONE',  ( 1.000000000000000000, 0.000000000000000000, 0.000000000000000000 ) ) ;
#384 = AXIS2_PLACEMENT_3D ( 'NONE', #1641, #1233, #1398 ) ;
#385 = VECTOR ( 'NONE', #1874, 1000.000000000000000 ) ;
#386 = VERTEX_POINT ( 'NONE', #2127 ) ;
#387 = ORIENTED_EDGE ( 'NONE', *, *, #1277, .T. ) ;
#388 = EDGE_CURVE ( 'NONE', #284, #1426, #2398, .T. ) ;
#389 = CARTESIAN_POINT ( 'NONE',  ( -3.689339828220161710, 2.560660171779837402, 16.31066017177985117 ) ) ;
#390 = DIRECTION ( 'NONE',  ( 0.000000000000000000, 0.000000000000000000, 1.000000000000000000 ) ) ;
#391 = DIRECTION ( 'NONE',  ( 0.7071067811865462405, 0.000000000000000000, -0.7071067811865487940 ) ) ;
#392 = AXIS2_PLACEMENT_3D ( 'NONE', #1269, #1324, #193 ) ;
#393 = CARTESIAN_POINT ( 'NONE',  ( 28.50000000000000355, 0.000000000000000000, 20.00000000000000000 ) ) ;
#394 = ORIENTED_EDGE ( 'NONE', *, *, #809, .F. ) ;
#395 = CIRCLE ( 'NONE', #2625, 1.500000000000000000 ) ;
#396 = DIRECTION ( 'NONE',  ( 0.000000000000000000, 0.000000000000000000, 1.000000000000000000 ) ) ;
#397 = DIRECTION ( 'NONE',  ( 1.000000000000000000, 0.000000000000000000, 0.000000000000000000 ) ) ;
#398 = CIRCLE ( 'NONE', #2584, 1.500000000000001332 ) ;
#399 = AXIS2_PLACEMENT_3D ( 'NONE', #1248, #1462, #1265 ) ;
#400 = ORIENTED_EDGE ( 'NONE', *, *, #1097, .F. ) ;
#401 = ORIENTED_EDGE ( 'NONE', *, *, #2563, .T. ) ;
#402 = CARTESIAN_POINT ( 'NONE',  ( 33.50000000000000000, -8.500000000000000000, 17.49999999999999645 ) ) ;
#403 = CYLINDRICAL_SURFACE ( 'NONE', #120, 3.350000000000000533 ) ;
#404 = FACE_OUTER_BOUND ( 'NONE', #1814, .T. ) ;
#405 = ADVANCED_FACE ( 'NONE', ( #619 ), #2098, .T. ) ;
#406 = FACE_OUTER_BOUND ( 'NONE', #2237, .T. ) ;
#407 = ORIENTED_EDGE ( 'NONE', *, *, #777, .T. ) ;
#408 = ADVANCED_FACE ( 'NONE', ( #382 ), #2549, .T. ) ;
#409 = DIRECTION ( 'NONE',  ( 0.7071067811865459074, -0.7071067811865491270, -1.022195611122255712E-16 ) ) ;
#410 = DIRECTION ( 'NONE',  ( -0.7071067811865464625, -2.661967737297531509E-16, 0.7071067811865486830 ) ) ;
#411 = ORIENTED_EDGE ( 'NONE', *, *, #2341, .F. ) ;
#412 = EDGE_LOOP ( 'NONE', ( #2193, #14, #381, #2747 ) ) ;
#413 = CARTESIAN_POINT ( 'NONE',  ( 0.000000000000000000, 40.00000000000000000, 20.00000000000000000 ) ) ;
#414 = DIRECTION ( 'NONE',  ( 0.000000000000000000, 1.000000000000000000, 0.000000000000000000 ) ) ;
#415 = DIRECTION ( 'NONE',  ( 0.7071067811865479058, 0.000000000000000000, 0.7071067811865470176 ) ) ;
#416 = EDGE_CURVE ( 'NONE', #2681, #2722, #823, .T. ) ;
#417 = FACE_OUTER_BOUND ( 'NONE', #476, .T. ) ;
#418 = VERTEX_POINT ( 'NONE', #144 ) ;
#419 = EDGE_CURVE ( 'NONE', #2652, #1617, #949, .T. ) ;
#420 = CYLINDRICAL_SURFACE ( 'NONE', #2588, 1.500000000000000000 ) ;
#421 = CARTESIAN_POINT ( 'NONE',  ( 4.750000000000002665, 30.00000000000000000, 10.30000000000000071 ) ) ;
#422 = VERTEX_POINT ( 'NONE', #369 ) ;
#423 = ORIENTED_EDGE ( 'NONE', *, *, #133, .T. ) ;
#424 = ORIENTED_EDGE ( 'NONE', *, *, #1593, .T. ) ;
#425 = CARTESIAN_POINT ( 'NONE',  ( 30.00000000000000711, 48.50000000000000000, 17.49999999999999645 ) ) ;
#426 = CARTESIAN_POINT ( 'NONE',  ( 0.000000000000000000, 48.50000000000000000, 19.00000000000000000 ) ) ;
#427 = CARTESIAN_POINT ( 'NONE',  ( 30.00000000000000711, 45.00000000000000000, 13.34999999999999964 ) ) ;
#428 = CARTESIAN_POINT ( 'NONE',  ( 33.50000000000000000, -8.500000000000000000, 17.49999999999999645 ) ) ;
#429 = ORIENTED_EDGE ( 'NONE', *, *, #1417, .F. ) ;
#430 = CIRCLE ( 'NONE', #799, 1.500000000000000222 ) ;
#431 = DIRECTION ( 'NONE',  ( -1.000000000000000000, 0.000000000000000000, 0.000000000000000000 ) ) ;
#432 = DIRECTION ( 'NONE',  ( -0.7071067811865492381, -0.7071067811865457964, 0.000000000000000000 ) ) ;
#433 = VERTEX_POINT ( 'NONE', #1704 ) ;
#434 = ADVANCED_FACE ( 'NONE', ( #1678 ), #566, .T. ) ;
#435 = EDGE_CURVE ( 'NONE', #2143, #2504, #1246, .T. ) ;
#436 = ADVANCED_FACE ( 'NONE', ( #849 ), #1035, .F. ) ;
#437 = VERTEX_POINT ( 'NONE', #1927 ) ;
#438 = ORIENTED_EDGE ( 'NONE', *, *, #2273, .F. ) ;
#439 = AXIS2_PLACEMENT_3D ( 'NONE', #934, #2038, #736 ) ;
#440 = CARTESIAN_POINT ( 'NONE',  ( 33.50000000000000000, 0.000000000000000000, 1.500000000000001332 ) ) ;
#441 = DIRECTION ( 'NONE',  ( -0.7071067811865463515, 0.000000000000000000, 0.7071067811865487940 ) ) ;
#442 = AXIS2_PLACEMENT_3D ( 'NONE', #2797, #1664, #2576 ) ;
#443 = CARTESIAN_POINT ( 'NONE',  ( 31.65000000000000568, 45.00000000000000000, 10.00000000000000000 ) ) ;
#444 = ORIENTED_EDGE ( 'NONE', *, *, #2222, .F. ) ;
#445 = DIRECTION ( 'NONE',  ( 0.7071067811865459074, -0.7071067811865492381, 0.000000000000000000 ) ) ;
#446 = LINE ( 'NONE', #939, #2090 ) ;
#447 = EDGE_LOOP ( 'NONE', ( #2373, #498 ) ) ;
#448 = ADVANCED_FACE ( 'NONE', ( #1437 ), #1059, .T. ) ;
#449 = FACE_OUTER_BOUND ( 'NONE', #1810, .T. ) ;
#450 = VERTEX_POINT ( 'NONE', #2811 ) ;
#451 = ORIENTED_EDGE ( 'NONE', *, *, #1784, .T. ) ;
#452 = ADVANCED_FACE ( 'NONE', ( #1918, #1886, #607 ), #797, .F. ) ;
#453 = VERTEX_POINT ( 'NONE', #1475 ) ;
#454 = CARTESIAN_POINT ( 'NONE',  ( 31.65000000000000568, 45.00000000000000000, 10.00000000000000000 ) ) ;
#455 = DIRECTION ( 'NONE',  ( -0.000000000000000000, 1.000000000000000000, 0.000000000000000000 ) ) ;
#456 = CARTESIAN_POINT ( 'NONE',  ( 0.000000000000000000, -8.500000000000000000, 1.500000000000001332 ) ) ;
#457 = ORIENTED_EDGE ( 'NONE', *, *, #2071, .T. ) ;
#458 = DIRECTION ( 'NONE',  ( 0.000000000000000000, 1.000000000000000000, 0.000000000000000000 ) ) ;
#459 = ORIENTED_EDGE ( 'NONE', *, *, #526, .T. ) ;
#460 = AXIS2_PLACEMENT_3D ( 'NONE', #1195, #1865, #1414 ) ;
#461 = DIRECTION ( 'NONE',  ( -1.000000000000000000, 0.000000000000000000, -8.673617379884027583E-16 ) ) ;
#462 = PRODUCT_DEFINITION_CONTEXT ( 'detailed design', #2673, 'design' ) ;
#463 = AXIS2_PLACEMENT_3D ( 'NONE', #99, #2528, #349 ) ;
#464 = ORIENTED_EDGE ( 'NONE', *, *, #2238, .T. ) ;
#465 = ORIENTED_EDGE ( 'NONE', *, *, #1116, .T. ) ;
#466 = VERTEX_POINT ( 'NONE', #2141 ) ;
#467 = FACE_OUTER_BOUND ( 'NONE', #1223, .T. ) ;
#468 = DIRECTION ( 'NONE',  ( 0.000000000000000000, 0.000000000000000000, 1.000000000000000000 ) ) ;
#469 = ADVANCED_FACE ( 'NONE', ( #1088 ), #1329, .T. ) ;
#470 = ADVANCED_FACE ( 'NONE', ( #1542 ), #1300, .F. ) ;
#471 = CARTESIAN_POINT ( 'NONE',  ( 0.000000000000000000, 3.621320343559656596, 20.00000000000000000 ) ) ;
#472 = CIRCLE ( 'NONE', #2808, 3.000000000000002665 ) ;
#473 = DIRECTION ( 'NONE',  ( 1.000000000000000000, -1.156482317317870344E-15, -0.000000000000000000 ) ) ;
#474 = CARTESIAN_POINT ( 'NONE',  ( 0.000000000000000000, -10.00000000000000000, 1.500000000000001332 ) ) ;
#475 = SPHERICAL_SURFACE ( 'NONE', #1940, 1.500000000000000000 ) ;
#476 = EDGE_LOOP ( 'NONE', ( #1326, #49, #998 ) ) ;
#477 = DIRECTION ( 'NONE',  ( 0.5773502691896292838, -0.8164965809277234809, 0.000000000000000000 ) ) ;
#478 = ORIENTED_EDGE ( 'NONE', *, *, #336, .T. ) ;
#479 = ORIENTED_EDGE ( 'NONE', *, *, #999, .F. ) ;
#480 = SPHERICAL_SURFACE ( 'NONE', #1634, 1.500000000000000000 ) ;
#481 = SPHERICAL_SURFACE ( 'NONE', #937, 1.500000000000000000 ) ;
#482 = EDGE_LOOP ( 'NONE', ( #914, #1724, #1571, #873 ) ) ;
#483 = AXIS2_PLACEMENT_3D ( 'NONE', #1809, #98, #1130 ) ;
#484 = DIRECTION ( 'NONE',  ( -0.000000000000000000, 0.000000000000000000, 1.000000000000000000 ) ) ;
#485 = ADVANCED_FACE ( 'NONE', ( #1346 ), #2162, .T. ) ;
#486 = ORIENTED_EDGE ( 'NONE', *, *, #2148, .T. ) ;
#487 = AXIS2_PLACEMENT_3D ( 'NONE', #2412, #249, #2189 ) ;
#488 = AXIS2_PLACEMENT_3D ( 'NONE', #1566, #1992, #903 ) ;
#489 = AXIS2_PLACEMENT_3D ( 'NONE', #2591, #2614, #2410 ) ;
#490 = DIRECTION ( 'NONE',  ( 0.000000000000000000, 1.000000000000000000, 0.000000000000000000 ) ) ;
#491 = CARTESIAN_POINT ( 'NONE',  ( 11.56066017177981742, 36.37867965644034030, 0.4393398282201802507 ) ) ;
#492 = SPHERICAL_SURFACE ( 'NONE', #1987, 1.500000000000000000 ) ;
#493 = ADVANCED_FACE ( 'NONE', ( #2593 ), #221, .T. ) ;
#494 = VERTEX_POINT ( 'NONE', #2188 ) ;
#495 = DIRECTION ( 'NONE',  ( -0.000000000000000000, -0.000000000000000000, 1.000000000000000000 ) ) ;
#496 = ORIENTED_EDGE ( 'NONE', *, *, #1785, .T. ) ;
#497 = AXIS2_PLACEMENT_3D ( 'NONE', #1393, #756, #1621 ) ;
#498 = ORIENTED_EDGE ( 'NONE', *, *, #679, .F. ) ;
#499 = DIRECTION ( 'NONE',  ( 1.000000000000000000, 0.000000000000000000, 0.000000000000000000 ) ) ;
#500 = DIRECTION ( 'NONE',  ( 1.000000000000000000, -0.000000000000000000, 0.000000000000000000 ) ) ;
#501 = EDGE_LOOP ( 'NONE', ( #764, #1372, #149, #151, #1753, #486, #2391, #137 ) ) ;
#502 = DIRECTION ( 'NONE',  ( 0.000000000000000000, -0.000000000000000000, -1.000000000000000000 ) ) ;
#503 = DIRECTION ( 'NONE',  ( -1.000000000000000000, -0.000000000000000000, -0.000000000000000000 ) ) ;
#504 = EDGE_CURVE ( 'NONE', #826, #1274, #876, .T. ) ;
#505 = LINE ( 'NONE', #1622, #1906 ) ;
#506 = CYLINDRICAL_SURFACE ( 'NONE', #1152, 5.249999999999997335 ) ;
#507 = DIRECTION ( 'NONE',  ( -1.000000000000000000, -0.000000000000000000, -0.000000000000000000 ) ) ;
#508 = VERTEX_POINT ( 'NONE', #1763 ) ;
#509 = ADVANCED_FACE ( 'NONE', ( #1745 ), #1513, .F. ) ;
#510 = EDGE_CURVE ( 'NONE', #450, #1018, #721, .T. ) ;
#511 = CARTESIAN_POINT ( 'NONE',  ( 0.000000000000000000, 50.00000000000000000, 17.49999999999999645 ) ) ;
#512 = AXIS2_PLACEMENT_3D ( 'NONE', #341, #1004, #2124 ) ;
#513 = EDGE_LOOP ( 'NONE', ( #150, #2211, #1889 ) ) ;
#514 = FACE_OUTER_BOUND ( 'NONE', #2770, .T. ) ;
#515 = DIRECTION ( 'NONE',  ( 1.000000000000000000, 0.000000000000000000, 0.000000000000000000 ) ) ;
#516 = VERTEX_POINT ( 'NONE', #2218 ) ;
#517 = CARTESIAN_POINT ( 'NONE',  ( 25.00000000000000355, 40.00000000000000000, 20.50000000000000000 ) ) ;
#518 = CIRCLE ( 'NONE', #1384, 1.500000000000000000 ) ;
#520 = DIRECTION ( 'NONE',  ( -1.000000000000000000, 0.000000000000000000, 0.000000000000000000 ) ) ;
#519 = CARTESIAN_POINT ( 'NONE',  ( 33.50000000000000000, 48.50000000000000000, 0.000000000000000000 ) ) ;
#521 = VECTOR ( 'NONE', #414, 1000.000000000000000 ) ;
#522 = CYLINDRICAL_SURFACE ( 'NONE', #880, 1.500000000000001332 ) ;
#523 = DIRECTION ( 'NONE',  ( -0.7071067811865485719, -1.387778780781445833E-14, -0.7071067811865465735 ) ) ;
#524 = DIRECTION ( 'NONE',  ( -1.000000000000000000, 0.000000000000000000, 0.000000000000000000 ) ) ;
#525 = CARTESIAN_POINT ( 'NONE',  ( 2.871320343559644606, 0.4393398282201804173, 12.75000000000003730 ) ) ;
#526 = EDGE_CURVE ( 'NONE', #2192, #1715, #583, .T. ) ;
#527 = CIRCLE ( 'NONE', #2037, 1.500000000000001332 ) ;
#528 = EDGE_LOOP ( 'NONE', ( #2630, #31, #1938, #387 ) ) ;
#529 = CARTESIAN_POINT ( 'NONE',  ( 30.00000000000000711, -4.999999999999993783, 10.00000000000000000 ) ) ;
#530 = EDGE_CURVE ( 'NONE', #136, #2115, #1719, .T. ) ;
#531 = ORIENTED_EDGE ( 'NONE', *, *, #2238, .F. ) ;
#532 = AXIS2_PLACEMENT_3D ( 'NONE', #1650, #564, #980 ) ;
#533 = CARTESIAN_POINT ( 'NONE',  ( 3.621320343559663701, 38.50000000000000000, 13.50000000000004441 ) ) ;
#534 = LINE ( 'NONE', #964, #2379 ) ;
#535 = AXIS2_PLACEMENT_3D ( 'NONE', #2053, #484, #719 ) ;
#536 = CARTESIAN_POINT ( 'NONE',  ( 1.500000000000000000, 0.000000000000000000, 21.50000000000000000 ) ) ;
#537 = AXIS2_PLACEMENT_3D ( 'NONE', #671, #2655, #1538 ) ;
#538 = DIRECTION ( 'NONE',  ( -0.000000000000000000, -0.000000000000000000, 1.000000000000000000 ) ) ;
#539 = AXIS2_PLACEMENT_3D ( 'NONE', #1979, #2822, #861 ) ;
#540 = CARTESIAN_POINT ( 'NONE',  ( 30.00000000000000711, -10.00000000000000000, 1.500000000000000000 ) ) ;
#541 = AXIS2_PLACEMENT_3D ( 'NONE', #1461, #2787, #188 ) ;
#542 = CARTESIAN_POINT ( 'NONE',  ( 4.750000000000002665, 30.00000000000000000, 22.50000000000000000 ) ) ;
#543 = EDGE_CURVE ( 'NONE', #1389, #2407, #1077, .T. ) ;
#544 = ORIENTED_EDGE ( 'NONE', *, *, #2403, .F. ) ;
#545 = DIRECTION ( 'NONE',  ( 0.000000000000000000, -1.000000000000000000, 0.000000000000000000 ) ) ;
#546 = ORIENTED_EDGE ( 'NONE', *, *, #336, .F. ) ;
#547 = EDGE_CURVE ( 'NONE', #1335, #2277, #2374, .T. ) ;
#548 = ADVANCED_FACE ( 'NONE', ( #1526 ), #420, .T. ) ;
#549 = DIRECTION ( 'NONE',  ( -0.6785983445458513286, -0.6785983445458476648, -0.2810846377148082942 ) ) ;
#550 = CARTESIAN_POINT ( 'NONE',  ( 1.500000000000000000, 3.621320343559656152, 23.00000000000000000 ) ) ;
#551 = DIRECTION ( 'NONE',  ( 1.000000000000000000, 0.000000000000000000, 0.000000000000000000 ) ) ;
#552 = CARTESIAN_POINT ( 'NONE',  ( 25.00000000000000355, 38.50000000000000000, 20.50000000000000000 ) ) ;
#553 = FACE_OUTER_BOUND ( 'NONE', #2578, .T. ) ;
#554 = CARTESIAN_POINT ( 'NONE',  ( 31.65000000000000568, -4.999999999999993783, 13.35000000000000142 ) ) ;
#555 = ORIENTED_EDGE ( 'NONE', *, *, #197, .F. ) ;
#556 = EDGE_CURVE ( 'NONE', #107, #1087, #2682, .T. ) ;
#557 = ORIENTED_EDGE ( 'NONE', *, *, #2711, .F. ) ;
#558 = DIRECTION ( 'NONE',  ( 0.000000000000000000, 1.000000000000000000, 0.000000000000000000 ) ) ;
#559 = CIRCLE ( 'NONE', #1652, 1.500000000000000000 ) ;
#560 = EDGE_CURVE ( 'NONE', #466, #2088, #218, .T. ) ;
#561 = EDGE_CURVE ( 'NONE', #2244, #1322, #131, .T. ) ;
#562 = DIRECTION ( 'NONE',  ( 1.000000000000000000, 0.000000000000000000, 0.000000000000000000 ) ) ;
#563 = FACE_OUTER_BOUND ( 'NONE', #662, .T. ) ;
#564 = DIRECTION ( 'NONE',  ( 0.2886751345948134762, 0.4082482904638631283, -0.8660254037844385966 ) ) ;
#565 = EDGE_CURVE ( 'NONE', #2449, #226, #853, .T. ) ;
#566 = PLANE ( 'NONE',  #2539 ) ;
#567 = DIRECTION ( 'NONE',  ( -1.000000000000000000, -0.000000000000000000, -0.000000000000000000 ) ) ;
#568 = ORIENTED_EDGE ( 'NONE', *, *, #840, .T. ) ;
#569 = ORIENTED_EDGE ( 'NONE', *, *, #2748, .T. ) ;
#570 = DIRECTION ( 'NONE',  ( 0.000000000000000000, 1.000000000000000000, 0.000000000000000000 ) ) ;
#571 = CARTESIAN_POINT ( 'NONE',  ( 3.621320343559646826, 1.500000000000000000, 21.50000000000000000 ) ) ;
#572 = CARTESIAN_POINT ( 'NONE',  ( 3.621320343559645494, 0.000000000000000000, 13.50000000000003730 ) ) ;
#573 = APPLICATION_CONTEXT ( 'automotive_design' ) ;
#574 = EDGE_CURVE ( 'NONE', #1995, #2416, #446, .T. ) ;
#575 = DIRECTION ( 'NONE',  ( 1.000000000000000000, 0.000000000000000000, 0.000000000000000000 ) ) ;
#576 = CARTESIAN_POINT ( 'NONE',  ( 35.00000000000000000, -4.999999999999993783, 8.300000000000002487 ) ) ;
#577 = PLANE ( 'NONE',  #1628 ) ;
#578 = AXIS2_PLACEMENT_3D ( 'NONE', #1212, #2791, #599 ) ;
#579 = EDGE_CURVE ( 'NONE', #787, #1715, #727, .T. ) ;
#580 = DIRECTION ( 'NONE',  ( 0.000000000000000000, 0.000000000000000000, 1.000000000000000000 ) ) ;
#581 = DIRECTION ( 'NONE',  ( 0.000000000000000000, -0.000000000000000000, 1.000000000000000000 ) ) ;
#582 = CIRCLE ( 'NONE', #442, 1.499999999999999778 ) ;
#583 = CIRCLE ( 'NONE', #1580, 1.500000000000000000 ) ;
#584 = EDGE_LOOP ( 'NONE', ( #2746, #2125, #457, #459 ) ) ;
#585 = EDGE_LOOP ( 'NONE', ( #496, #1415, #2385, #1972 ) ) ;
#586 = DIRECTION ( 'NONE',  ( -1.000000000000000000, -0.000000000000000000, -0.000000000000000000 ) ) ;
#587 = CARTESIAN_POINT ( 'NONE',  ( 0.000000000000000000, 48.50000000000000000, 17.49999999999999645 ) ) ;
#588 = CARTESIAN_POINT ( 'NONE',  ( 16.68198051533945758, 0.000000000000000000, 0.4393398282201838034 ) ) ;
#589 = DIRECTION ( 'NONE',  ( -0.3826834323650883385, 0.000000000000000000, 0.9238795325112874046 ) ) ;
#590 = LINE ( 'NONE', #1205, #1014 ) ;
#591 = MECHANICAL_DESIGN_GEOMETRIC_PRESENTATION_REPRESENTATION (  '', ( #1225 ), #2551 ) ;
#592 = ORIENTED_EDGE ( 'NONE', *, *, #2289, .T. ) ;
#593 = DIRECTION ( 'NONE',  ( 1.000000000000000000, 0.000000000000000000, -0.000000000000000000 ) ) ;
#594 = LINE ( 'NONE', #634, #1982 ) ;
#595 = ADVANCED_FACE ( 'NONE', ( #691 ), #1364, .T. ) ;
#596 = ADVANCED_FACE ( 'NONE', ( #58 ), #1090, .F. ) ;
#597 = ORIENTED_EDGE ( 'NONE', *, *, #1512, .T. ) ;
#598 = ORIENTED_EDGE ( 'NONE', *, *, #2718, .F. ) ;
#599 = DIRECTION ( 'NONE',  ( 0.7071067811865454633, -0.7071067811865495711, 0.000000000000000000 ) ) ;
#600 = CARTESIAN_POINT ( 'NONE',  ( 35.00000000000000000, -4.999999999999993783, 11.69999999999999929 ) ) ;
#601 = DIRECTION ( 'NONE',  ( 0.000000000000000000, 0.000000000000000000, 1.000000000000000000 ) ) ;
#602 = CIRCLE ( 'NONE', #110, 1.499999999999998002 ) ;
#603 = CIRCLE ( 'NONE', #293, 2.999999999999999112 ) ;
#604 = CARTESIAN_POINT ( 'NONE',  ( 35.00000000000000000, -4.999999999999993783, 10.00000000000000000 ) ) ;
#605 = ORIENTED_EDGE ( 'NONE', *, *, #2582, .T. ) ;
#606 = VECTOR ( 'NONE', #194, 999.9999999999998863 ) ;
#607 = FACE_BOUND ( 'NONE', #1931, .T. ) ;
#608 = DIRECTION ( 'NONE',  ( 0.000000000000000000, 0.000000000000000000, 1.000000000000000000 ) ) ;
#609 = CIRCLE ( 'NONE', #1701, 1.500000000000000000 ) ;
#610 = ADVANCED_FACE ( 'NONE', ( #709 ), #1527, .T. ) ;
#611 = AXIS2_PLACEMENT_3D ( 'NONE', #2699, #1607, #524 ) ;
#612 = ORIENTED_EDGE ( 'NONE', *, *, #2200, .T. ) ;
#613 = VERTEX_POINT ( 'NONE', #1985 ) ;
#614 = DIRECTION ( 'NONE',  ( 0.000000000000000000, -1.000000000000000000, 0.000000000000000000 ) ) ;
#615 = DIRECTION ( 'NONE',  ( -0.7071067811865443531, 3.168806394478969767E-15, 0.7071067811865507924 ) ) ;
#616 = FACE_BOUND ( 'NONE', #447, .T. ) ;
#617 = CARTESIAN_POINT ( 'NONE',  ( 31.50000000000000711, -8.500000000000000000, 1.500000000000000000 ) ) ;
#618 = ORIENTED_EDGE ( 'NONE', *, *, #680, .F. ) ;
#619 = FACE_OUTER_BOUND ( 'NONE', #635, .T. ) ;
#620 = FACE_OUTER_BOUND ( 'NONE', #2378, .T. ) ;
#621 = ORIENTED_EDGE ( 'NONE', *, *, #777, .F. ) ;
#622 = CIRCLE ( 'NONE', #578, 1.500000000000000222 ) ;
#623 = CIRCLE ( 'NONE', #2683, 1.500000000000001332 ) ;
#624 = CIRCLE ( 'NONE', #134, 1.500000000000000000 ) ;
#625 = ORIENTED_EDGE ( 'NONE', *, *, #372, .F. ) ;
#626 = ORIENTED_EDGE ( 'NONE', *, *, #912, .F. ) ;
#627 = ADVANCED_FACE ( 'NONE', ( #222 ), #492, .T. ) ;
#628 = LINE ( 'NONE', #389, #1764 ) ;
#629 = DIRECTION ( 'NONE',  ( 0.000000000000000000, 0.000000000000000000, -1.000000000000000000 ) ) ;
#630 = CARTESIAN_POINT ( 'NONE',  ( 26.50000000000000711, 38.50000000000000000, 20.50000000000000000 ) ) ;
#631 = ADVANCED_FACE ( 'NONE', ( #2206 ), #475, .T. ) ;
#632 = LINE ( 'NONE', #1500, #1406 ) ;
#633 = ORIENTED_EDGE ( 'NONE', *, *, #2018, .T. ) ;
#634 = CARTESIAN_POINT ( 'NONE',  ( 25.00000000000000355, 38.50000000000000000, 23.00000000000000000 ) ) ;
#635 = EDGE_LOOP ( 'NONE', ( #2596, #1781, #1748, #2144 ) ) ;
#636 = ORIENTED_EDGE ( 'NONE', *, *, #997, .F. ) ;
#637 = ORIENTED_EDGE ( 'NONE', *, *, #510, .F. ) ;
#638 = DIRECTION ( 'NONE',  ( 0.000000000000000000, 0.000000000000000000, 1.000000000000000000 ) ) ;
#639 = LINE ( 'NONE', #1712, #1207 ) ;
#640 = EDGE_CURVE ( 'NONE', #2088, #2007, #1813, .T. ) ;
#641 = CARTESIAN_POINT ( 'NONE',  ( -2.189339828220138617, 39.56066017177982275, 17.81066017177986893 ) ) ;
#642 = CYLINDRICAL_SURFACE ( 'NONE', #2397, 1.500000000000000000 ) ;
#643 = EDGE_CURVE ( 'NONE', #712, #2261, #253, .T. ) ;
#644 = EDGE_CURVE ( 'NONE', #2051, #275, #706, .T. ) ;
#645 = ORIENTED_EDGE ( 'NONE', *, *, #62, .F. ) ;
#646 = DIRECTION ( 'NONE',  ( 1.000000000000000000, 0.000000000000000000, 0.000000000000000000 ) ) ;
#647 = CYLINDRICAL_SURFACE ( 'NONE', #2092, 1.500000000000000000 ) ;
#648 = EDGE_CURVE ( 'NONE', #2465, #2761, #2000, .T. ) ;
#649 = EDGE_LOOP ( 'NONE', ( #800, #2450, #569, #1817, #1681, #1100, #592, #333, #2005, #2826, #2512, #766 ) ) ;
#650 = VECTOR ( 'NONE', #1875, 1000.000000000000000 ) ;
#651 = CIRCLE ( 'NONE', #28, 5.249999999999997335 ) ;
#652 = ORIENTED_EDGE ( 'NONE', *, *, #2481, .T. ) ;
#653 = ORIENTED_EDGE ( 'NONE', *, *, #1499, .T. ) ;
#654 = CIRCLE ( 'NONE', #2345, 1.500000000000000222 ) ;
#655 = DIRECTION ( 'NONE',  ( -0.7606039926573439081, -0.6492161168314501962, 0.000000000000000000 ) ) ;
#656 = DIRECTION ( 'NONE',  ( -0.000000000000000000, -0.000000000000000000, 1.000000000000000000 ) ) ;
#657 = CARTESIAN_POINT ( 'NONE',  ( 0.7499999999999976685, 2.560660171779836514, 11.87132034355968102 ) ) ;
#658 = ORIENTED_EDGE ( 'NONE', *, *, #560, .F. ) ;
#659 = EDGE_CURVE ( 'NONE', #77, #2486, #472, .T. ) ;
#660 = CARTESIAN_POINT ( 'NONE',  ( 31.50000000000000711, -1.500000000000000000, 1.500000000000000000 ) ) ;
#661 = CARTESIAN_POINT ( 'NONE',  ( 15.62132034355964194, 1.500000000000000000, 1.500000000000000000 ) ) ;
#662 = EDGE_LOOP ( 'NONE', ( #2538, #1840, #223 ) ) ;
#663 = AXIS2_PLACEMENT_3D ( 'NONE', #1640, #2533, #2044 ) ;
#664 = EDGE_CURVE ( 'NONE', #2351, #2244, #1780, .T. ) ;
#665 = LINE ( 'NONE', #304, #2796 ) ;
#666 = ORIENTED_EDGE ( 'NONE', *, *, #2216, .F. ) ;
#667 = EDGE_LOOP ( 'NONE', ( #2433, #69, #1743 ) ) ;
#668 = AXIS2_PLACEMENT_3D ( 'NONE', #1200, #2080, #1428 ) ;
#669 = CIRCLE ( 'NONE', #2590, 5.249999999999997335 ) ;
#670 = ORIENTED_EDGE ( 'NONE', *, *, #246, .T. ) ;
#671 = CARTESIAN_POINT ( 'NONE',  ( 33.50000000000000000, -8.500000000000000000, 1.500000000000001332 ) ) ;
#672 = CYLINDRICAL_SURFACE ( 'NONE', #2167, 5.249999999999997335 ) ;
#673 = DIRECTION ( 'NONE',  ( 0.000000000000000000, 0.000000000000000000, 1.000000000000000000 ) ) ;
#674 = EDGE_LOOP ( 'NONE', ( #2606, #94, #1487, #1080 ) ) ;
#675 = DIRECTION ( 'NONE',  ( 0.7071067811865492381, 0.7071067811865459074, 0.000000000000000000 ) ) ;
#676 = VERTEX_POINT ( 'NONE', #2014 ) ;
#677 = ADVANCED_FACE ( 'NONE', ( #1575 ), #283, .T. ) ;
#678 = DIRECTION ( 'NONE',  ( 0.000000000000000000, 0.000000000000000000, 1.000000000000000000 ) ) ;
#679 = EDGE_CURVE ( 'NONE', #516, #1274, #302, .T. ) ;
#680 = EDGE_CURVE ( 'NONE', #214, #1794, #818, .T. ) ;
#681 = EDGE_LOOP ( 'NONE', ( #2230, #1824, #625, #2232 ) ) ;
#682 = ORIENTED_EDGE ( 'NONE', *, *, #659, .F. ) ;
#683 = ORIENTED_EDGE ( 'NONE', *, *, #984, .F. ) ;
#684 = DIRECTION ( 'NONE',  ( 0.000000000000000000, 0.000000000000000000, 1.000000000000000000 ) ) ;
#685 = DIRECTION ( 'NONE',  ( -1.000000000000000000, 0.000000000000000000, 0.000000000000000000 ) ) ;
#686 = PRODUCT_CONTEXT ( 'NONE', #573, 'mechanical' ) ;
#687 = DIRECTION ( 'NONE',  ( 0.000000000000000000, 0.000000000000000000, 1.000000000000000000 ) ) ;
#688 = EDGE_LOOP ( 'NONE', ( #1550, #1416, #479, #1267 ) ) ;
#689 = CARTESIAN_POINT ( 'NONE',  ( 0.000000000000000000, 36.99999999999999289, 20.00000000000000000 ) ) ;
#690 = FACE_OUTER_BOUND ( 'NONE', #1801, .T. ) ;
#691 = FACE_OUTER_BOUND ( 'NONE', #1971, .T. ) ;
#692 = ORIENTED_EDGE ( 'NONE', *, *, #1945, .T. ) ;
#693 = LINE ( 'NONE', #511, #1388 ) ;
#694 = AXIS2_PLACEMENT_3D ( 'NONE', #909, #1797, #523 ) ;
#695 = ORIENTED_EDGE ( 'NONE', *, *, #101, .F. ) ;
#696 = VECTOR ( 'NONE', #1728, 1000.000000000000000 ) ;
#697 = EDGE_CURVE ( 'NONE', #453, #1535, #2665, .T. ) ;
#698 = ORIENTED_EDGE ( 'NONE', *, *, #1345, .F. ) ;
#699 = DIRECTION ( 'NONE',  ( -1.000000000000000000, -0.000000000000000000, -0.000000000000000000 ) ) ;
#700 = FACE_OUTER_BOUND ( 'NONE', #1804, .T. ) ;
#701 = SHAPE_DEFINITION_REPRESENTATION ( #175, #1953 ) ;
#702 = ORIENTED_EDGE ( 'NONE', *, *, #2273, .T. ) ;
#703 = ADVANCED_FACE ( 'NONE', ( #154 ), #742, .T. ) ;
#704 = CARTESIAN_POINT ( 'NONE',  ( 10.00000000000000000, 30.00000000000000000, 10.30000000000000071 ) ) ;
#705 = VERTEX_POINT ( 'NONE', #1896 ) ;
#706 = CIRCLE ( 'NONE', #2299, 3.349999999999998757 ) ;
#707 = DIRECTION ( 'NONE',  ( 1.000000000000000000, 0.000000000000000000, 0.000000000000000000 ) ) ;
#708 = DIRECTION ( 'NONE',  ( 0.000000000000000000, 1.000000000000000000, -0.000000000000000000 ) ) ;
#709 = FACE_OUTER_BOUND ( 'NONE', #2705, .T. ) ;
#710 = ORIENTED_EDGE ( 'NONE', *, *, #1154, .T. ) ;
#711 = CARTESIAN_POINT ( 'NONE',  ( 0.000000000000000000, 48.50000000000000000, 1.500000000000000000 ) ) ;
#712 = VERTEX_POINT ( 'NONE', #316 ) ;
#713 = EDGE_LOOP ( 'NONE', ( #2347, #866, #1629, #401, #2401, #1360, #1597, #12 ) ) ;
#714 = CARTESIAN_POINT ( 'NONE',  ( 26.50000000000000711, 38.50000000000000000, 19.00000000000000000 ) ) ;
#715 = DIRECTION ( 'NONE',  ( -0.2886751345948114222, 0.4082482904638583543, 0.8660254037844414832 ) ) ;
#716 = DIRECTION ( 'NONE',  ( 0.000000000000000000, 0.000000000000000000, 1.000000000000000000 ) ) ;
#717 = ORIENTED_EDGE ( 'NONE', *, *, #1379, .T. ) ;
#718 = VECTOR ( 'NONE', #1668, 1000.000000000000000 ) ;
#719 = DIRECTION ( 'NONE',  ( 1.000000000000000000, 0.000000000000000000, 0.000000000000000000 ) ) ;
#720 = VERTEX_POINT ( 'NONE', #1442 ) ;
#721 = CIRCLE ( 'NONE', #1352, 1.500000000000001332 ) ;
#722 = AXIS2_PLACEMENT_3D ( 'NONE', #2598, #638, #1506 ) ;
#723 = EDGE_CURVE ( 'NONE', #1617, #2351, #2763, .T. ) ;
#724 = VECTOR ( 'NONE', #1301, 1000.000000000000114 ) ;
#725 = CARTESIAN_POINT ( 'NONE',  ( 0.000000000000000000, 36.37867965644034740, 20.00000000000000000 ) ) ;
#726 = CARTESIAN_POINT ( 'NONE',  ( 33.50000000000000000, 48.50000000000000000, 17.49999999999999645 ) ) ;
#727 = LINE ( 'NONE', #2413, #2446 ) ;
#728 = ORIENTED_EDGE ( 'NONE', *, *, #2653, .T. ) ;
#729 = DIRECTION ( 'NONE',  ( 0.000000000000000000, 0.000000000000000000, 1.000000000000000000 ) ) ;
#730 = ORIENTED_EDGE ( 'NONE', *, *, #1252, .F. ) ;
#731 = AXIS2_PLACEMENT_3D ( 'NONE', #2067, #503, #296 ) ;
#732 = ORIENTED_EDGE ( 'NONE', *, *, #1677, .T. ) ;
#733 = CARTESIAN_POINT ( 'NONE',  ( 35.00000000000000000, 48.50000000000000000, 1.500000000000001332 ) ) ;
#734 = DIRECTION ( 'NONE',  ( 0.7071067811865482389, 0.000000000000000000, 0.7071067811865469066 ) ) ;
#735 = ORIENTED_EDGE ( 'NONE', *, *, #1452, .T. ) ;
#736 = DIRECTION ( 'NONE',  ( -0.5773502691896248429, 0.8164965809277268116, 0.000000000000000000 ) ) ;
#738 = FILL_AREA_STYLE_COLOUR ( '', #1455 ) ;
#737 = CARTESIAN_POINT ( 'NONE',  ( 2.689339828220179918, 0.4393398282201801397, 12.93198051533950377 ) ) ;
#739 = ADVANCED_FACE ( 'NONE', ( #1254 ), #2781, .F. ) ;
#740 = DIRECTION ( 'NONE',  ( -0.000000000000000000, -1.000000000000000000, -0.000000000000000000 ) ) ;
#741 = CARTESIAN_POINT ( 'NONE',  ( 23.50000000000000355, 38.50000000000000000, 21.50000000000000000 ) ) ;
#742 = CYLINDRICAL_SURFACE ( 'NONE', #760, 1.500000000000001332 ) ;
#743 = DIRECTION ( 'NONE',  ( -0.7071067811865459074, 0.7071067811865491270, -0.000000000000000000 ) ) ;
#744 = EDGE_CURVE ( 'NONE', #1723, #2102, #104, .T. ) ;
#745 = PLANE ( 'NONE',  #971 ) ;
#746 = CIRCLE ( 'NONE', #460, 1.499999999999999556 ) ;
#747 = AXIS2_PLACEMENT_3D ( 'NONE', #1687, #1422, #380 ) ;
#748 = ORIENTED_EDGE ( 'NONE', *, *, #561, .F. ) ;
#749 = PLANE ( 'NONE',  #264 ) ;
#750 = CARTESIAN_POINT ( 'NONE',  ( 31.50000000000000711, 48.50000000000000000, 17.49999999999999645 ) ) ;
#751 = ORIENTED_EDGE ( 'NONE', *, *, #761, .T. ) ;
#752 = AXIS2_PLACEMENT_3D ( 'NONE', #1085, #2435, #2657 ) ;
#753 = CARTESIAN_POINT ( 'NONE',  ( 26.50000000000000711, 40.00000000000000000, 17.49999999999999645 ) ) ;
#754 = VECTOR ( 'NONE', #298, 1000.000000000000000 ) ;
#756 = DIRECTION ( 'NONE',  ( 0.6785983445458493302, 0.6785983445458451113, 0.2810846377148197295 ) ) ;
#755 = CARTESIAN_POINT ( 'NONE',  ( 3.621320343559646826, 1.500000000000000000, 21.50000000000000000 ) ) ;
#757 = CYLINDRICAL_SURFACE ( 'NONE', #1030, 5.249999999999997335 ) ;
#758 = LINE ( 'NONE', #1193, #13 ) ;
#759 = CARTESIAN_POINT ( 'NONE',  ( 31.50000000000000711, 50.00000000000000000, 0.000000000000000000 ) ) ;
#760 = AXIS2_PLACEMENT_3D ( 'NONE', #587, #2058, #1457 ) ;
#761 = EDGE_CURVE ( 'NONE', #2169, #254, #654, .T. ) ;
#762 = PLANE ( 'NONE',  #2204 ) ;
#763 = EDGE_CURVE ( 'NONE', #1278, #1474, #1803, .T. ) ;
#764 = ORIENTED_EDGE ( 'NONE', *, *, #7, .T. ) ;
#765 = CYLINDRICAL_SURFACE ( 'NONE', #2253, 1.500000000000000000 ) ;
#766 = ORIENTED_EDGE ( 'NONE', *, *, #1463, .T. ) ;
#767 = CIRCLE ( 'NONE', #1524, 3.000000000000002665 ) ;
#768 = FACE_OUTER_BOUND ( 'NONE', #2161, .T. ) ;
#769 = DIRECTION ( 'NONE',  ( 0.000000000000000000, 0.000000000000000000, 1.000000000000000000 ) ) ;
#770 = VECTOR ( 'NONE', #335, 1000.000000000000000 ) ;
#771 = DIRECTION ( 'NONE',  ( 1.000000000000000000, 0.000000000000000000, 0.000000000000000000 ) ) ;
#772 = VECTOR ( 'NONE', #1339, 1000.000000000000000 ) ;
#773 = DIRECTION ( 'NONE',  ( 0.000000000000000000, -1.000000000000000000, 0.000000000000000000 ) ) ;
#774 = AXIS2_PLACEMENT_3D ( 'NONE', #428, #2173, #219 ) ;
#775 = DIRECTION ( 'NONE',  ( 1.000000000000000000, 0.000000000000000000, 0.000000000000000000 ) ) ;
#776 = CARTESIAN_POINT ( 'NONE',  ( 26.50000000000000711, 1.500000000000001332, 20.50000000000000000 ) ) ;
#777 = EDGE_CURVE ( 'NONE', #2277, #1120, #1476, .T. ) ;
#778 = ORIENTED_EDGE ( 'NONE', *, *, #543, .F. ) ;
#779 = VERTEX_POINT ( 'NONE', #1377 ) ;
#780 = EDGE_CURVE ( 'NONE', #1535, #1857, #2792, .T. ) ;
#781 = CARTESIAN_POINT ( 'NONE',  ( 33.50000000000000000, -8.500000000000000000, 1.500000000000001332 ) ) ;
#782 = CARTESIAN_POINT ( 'NONE',  ( 31.65000000000000568, 45.00000000000000000, 10.00000000000000000 ) ) ;
#783 = DIRECTION ( 'NONE',  ( 0.7071067811865459074, -0.7071067811865491270, 0.000000000000000000 ) ) ;
#784 = FACE_OUTER_BOUND ( 'NONE', #1586, .T. ) ;
#785 = CARTESIAN_POINT ( 'NONE',  ( 28.50000000000000355, 1.500000000000000000, 0.000000000000000000 ) ) ;
#786 = CARTESIAN_POINT ( 'NONE',  ( 28.50000000000000355, 0.000000000000000000, 17.49999999999999645 ) ) ;
#787 = VERTEX_POINT ( 'NONE', #1684 ) ;
#788 = EDGE_LOOP ( 'NONE', ( #27, #2795 ) ) ;
#789 = ADVANCED_FACE ( 'NONE', ( #955 ), #2715, .T. ) ;
#790 = CYLINDRICAL_SURFACE ( 'NONE', #1261, 1.499999999999999556 ) ;
#791 = LINE ( 'NONE', #1657, #983 ) ;
#792 = DIRECTION ( 'NONE',  ( -0.000000000000000000, -0.000000000000000000, 1.000000000000000000 ) ) ;
#793 = EDGE_CURVE ( 'NONE', #2244, #2568, #1858, .T. ) ;
#794 = CARTESIAN_POINT ( 'NONE',  ( 28.50000000000000355, 1.500000000000000000, 1.500000000000001332 ) ) ;
#795 = PLANE ( 'NONE',  #512 ) ;
#796 = AXIS2_PLACEMENT_3D ( 'NONE', #2035, #685, #2259 ) ;
#797 = PLANE ( 'NONE',  #2047 ) ;
#798 = CARTESIAN_POINT ( 'NONE',  ( 31.65000000000000568, -4.999999999999993783, 10.00000000000000000 ) ) ;
#799 = AXIS2_PLACEMENT_3D ( 'NONE', #2704, #2467, #1387 ) ;
#800 = ORIENTED_EDGE ( 'NONE', *, *, #2548, .T. ) ;
#801 = EDGE_LOOP ( 'NONE', ( #2392, #1211, #2337, #2639 ) ) ;
#802 = CARTESIAN_POINT ( 'NONE',  ( 30.00000000000000711, 0.000000000000000000, 20.00000000000000000 ) ) ;
#803 = DIRECTION ( 'NONE',  ( 0.8164965809277249242, -0.5773502691896273964, -0.000000000000000000 ) ) ;
#804 = EDGE_CURVE ( 'NONE', #2592, #466, #791, .T. ) ;
#805 = DIRECTION ( 'NONE',  ( -0.7071067811865482389, 0.000000000000000000, -0.7071067811865469066 ) ) ;
#806 = LINE ( 'NONE', #2109, #20 ) ;
#807 = FACE_OUTER_BOUND ( 'NONE', #2190, .T. ) ;
#808 = EDGE_CURVE ( 'NONE', #1378, #907, #2760, .T. ) ;
#809 = EDGE_CURVE ( 'NONE', #1127, #854, #161, .T. ) ;
#810 = VERTEX_POINT ( 'NONE', #1396 ) ;
#811 = CIRCLE ( 'NONE', #1402, 1.500000000000001332 ) ;
#812 = CARTESIAN_POINT ( 'NONE',  ( 11.99999999999999645, 3.621320343559656152, 2.010236612481714373E-16 ) ) ;
#813 = AXIS2_PLACEMENT_3D ( 'NONE', #1937, #2186, #673 ) ;
#814 = CARTESIAN_POINT ( 'NONE',  ( 0.4393398282201751437, 0.000000000000000000, 11.56066017177986183 ) ) ;
#815 = UNCERTAINTY_MEASURE_WITH_UNIT (LENGTH_MEASURE( 1.000000000000000082E-05 ), #1180, 'distance_accuracy_value', 'NONE');
#816 = ORIENTED_EDGE ( 'NONE', *, *, #68, .F. ) ;
#817 = CARTESIAN_POINT ( 'NONE',  ( 28.50000000000000355, -1.500000000000000000, 1.500000000000001332 ) ) ;
#818 = LINE ( 'NONE', #1469, #1618 ) ;
#819 = CARTESIAN_POINT ( 'NONE',  ( 23.50000000000000355, 1.500000000000000000, 23.00000000000000000 ) ) ;
#820 = FACE_OUTER_BOUND ( 'NONE', #1187, .T. ) ;
#821 = ORIENTED_EDGE ( 'NONE', *, *, #1169, .T. ) ;
#822 = ADVANCED_FACE ( 'NONE', ( #2268 ), #2121, .F. ) ;
#823 = LINE ( 'NONE', #2321, #1038 ) ;
#824 = CARTESIAN_POINT ( 'NONE',  ( 2.660824630339297503, 2.460495713220354208, 13.10214964898295165 ) ) ;
#825 = VERTEX_POINT ( 'NONE', #2556 ) ;
#826 = VERTEX_POINT ( 'NONE', #600 ) ;
#827 = CARTESIAN_POINT ( 'NONE',  ( 4.750000000000002665, 10.00000000000000000, 10.30000000000000071 ) ) ;
#828 = DIRECTION ( 'NONE',  ( 1.000000000000000000, -0.000000000000000000, 0.000000000000000000 ) ) ;
#829 = FACE_OUTER_BOUND ( 'NONE', #2207, .T. ) ;
#830 = VECTOR ( 'NONE', #1451, 1000.000000000000000 ) ;
#831 = AXIS2_PLACEMENT_3D ( 'NONE', #782, #2515, #1430 ) ;
#832 = FACE_OUTER_BOUND ( 'NONE', #2790, .T. ) ;
#833 = EDGE_LOOP ( 'NONE', ( #2105, #626, #546, #1170 ) ) ;
#834 = PRODUCT_DEFINITION_FORMATION_WITH_SPECIFIED_SOURCE ( 'ANY', '', #1304, .NOT_KNOWN. ) ;
#835 = CARTESIAN_POINT ( 'NONE',  ( 12.62132034355964016, 36.37867965644034740, 1.500000000000000000 ) ) ;
#836 = DIRECTION ( 'NONE',  ( 0.000000000000000000, 0.000000000000000000, 1.000000000000000000 ) ) ;
#837 = ORIENTED_EDGE ( 'NONE', *, *, #2148, .F. ) ;
#838 = AXIS2_PLACEMENT_3D ( 'NONE', #798, #567, #2744 ) ;
#839 = ADVANCED_FACE ( 'NONE', ( #1114 ), #403, .F. ) ;
#840 = EDGE_CURVE ( 'NONE', #2366, #712, #1337, .T. ) ;
#841 = AXIS2_PLACEMENT_3D ( 'NONE', #2197, #1507, #870 ) ;
#842 = ORIENTED_EDGE ( 'NONE', *, *, #26, .F. ) ;
#843 = ORIENTED_EDGE ( 'NONE', *, *, #744, .T. ) ;
#844 = SPHERICAL_SURFACE ( 'NONE', #1078, 1.500000000000000000 ) ;
#845 = CARTESIAN_POINT ( 'NONE',  ( 30.00000000000000711, -4.999999999999993783, 8.300000000000002487 ) ) ;
#846 = DIRECTION ( 'NONE',  ( -0.6785983445458455554, 0.6785983445458487751, -0.2810846377148194519 ) ) ;
#847 = DIRECTION ( 'NONE',  ( -0.000000000000000000, 0.000000000000000000, 1.000000000000000000 ) ) ;
#848 = ORIENTED_EDGE ( 'NONE', *, *, #1362, .F. ) ;
#849 = FACE_OUTER_BOUND ( 'NONE', #1736, .T. ) ;
#850 = DIRECTION ( 'NONE',  ( 1.000000000000000000, 0.000000000000000000, 0.000000000000000000 ) ) ;
#851 = ORIENTED_EDGE ( 'NONE', *, *, #372, .T. ) ;
#852 = CIRCLE ( 'NONE', #668, 1.500000000000000000 ) ;
#853 = CIRCLE ( 'NONE', #487, 3.349999999999998757 ) ;
#854 = VERTEX_POINT ( 'NONE', #2806 ) ;
#855 = ORIENTED_EDGE ( 'NONE', *, *, #510, .T. ) ;
#856 = EDGE_CURVE ( 'NONE', #1857, #1770, #217, .T. ) ;
#857 = EDGE_CURVE ( 'NONE', #2244, #854, #639, .T. ) ;
#858 = CYLINDRICAL_SURFACE ( 'NONE', #722, 1.500000000000000000 ) ;
#859 = DIRECTION ( 'NONE',  ( 0.000000000000000000, 0.000000000000000000, 1.000000000000000000 ) ) ;
#860 = DIRECTION ( 'NONE',  ( 0.000000000000000000, 0.000000000000000000, -1.000000000000000000 ) ) ;
#861 = DIRECTION ( 'NONE',  ( 0.000000000000000000, 0.000000000000000000, 1.000000000000000000 ) ) ;
#862 = VERTEX_POINT ( 'NONE', #1949 ) ;
#863 = DIRECTION ( 'NONE',  ( 0.000000000000000000, 1.000000000000000000, 0.000000000000000000 ) ) ;
#864 = PRESENTATION_LAYER_ASSIGNMENT (  '', '', ( #1089 ) ) ;
#865 = CARTESIAN_POINT ( 'NONE',  ( 35.00000000000000000, 48.50000000000000000, 0.000000000000000000 ) ) ;
#866 = ORIENTED_EDGE ( 'NONE', *, *, #2372, .T. ) ;
#867 = ORIENTED_EDGE ( 'NONE', *, *, #2052, .T. ) ;
#868 = ORIENTED_EDGE ( 'NONE', *, *, #201, .F. ) ;
#869 = DIRECTION ( 'NONE',  ( -0.000000000000000000, -0.000000000000000000, 1.000000000000000000 ) ) ;
#870 = DIRECTION ( 'NONE',  ( -0.7071067811865463515, 0.000000000000000000, 0.7071067811865487940 ) ) ;
#871 = ADVANCED_FACE ( 'NONE', ( #2586 ), #1282, .F. ) ;
#872 = DIRECTION ( 'NONE',  ( -0.000000000000000000, -0.000000000000000000, 1.000000000000000000 ) ) ;
#873 = ORIENTED_EDGE ( 'NONE', *, *, #1981, .T. ) ;
#874 = EDGE_CURVE ( 'NONE', #2654, #2088, #2430, .T. ) ;
#875 = CIRCLE ( 'NONE', #1197, 1.500000000000000000 ) ;
#876 = LINE ( 'NONE', #2646, #1408 ) ;
#877 = CARTESIAN_POINT ( 'NONE',  ( 33.50000000000000000, -8.500000000000000000, 20.00000000000000000 ) ) ;
#878 = ORIENTED_EDGE ( 'NONE', *, *, #984, .T. ) ;
#879 = AXIS2_PLACEMENT_3D ( 'NONE', #1686, #2819, #1670 ) ;
#880 = AXIS2_PLACEMENT_3D ( 'NONE', #2661, #2056, #707 ) ;
#881 = VECTOR ( 'NONE', #229, 1000.000000000000000 ) ;
#882 = ORIENTED_EDGE ( 'NONE', *, *, #723, .T. ) ;
#883 = VERTEX_POINT ( 'NONE', #244 ) ;
#884 = VECTOR ( 'NONE', #88, 1000.000000000000000 ) ;
#885 = ORIENTED_EDGE ( 'NONE', *, *, #1175, .F. ) ;
#886 = DIRECTION ( 'NONE',  ( 0.7071067811865479058, 0.000000000000000000, 0.7071067811865470176 ) ) ;
#887 = DIRECTION ( 'NONE',  ( -1.000000000000000000, -0.000000000000000000, -0.000000000000000000 ) ) ;
#888 = EDGE_CURVE ( 'NONE', #2405, #516, #1296, .T. ) ;
#889 = SPHERICAL_SURFACE ( 'NONE', #1354, 1.500000000000000000 ) ;
#890 = EDGE_LOOP ( 'NONE', ( #191, #1319, #2131, #1131, #89, #1355 ) ) ;
#891 = CIRCLE ( 'NONE', #2487, 1.500000000000001332 ) ;
#892 = ADVANCED_FACE ( 'NONE', ( #2628 ), #2381, .T. ) ;
#893 = CARTESIAN_POINT ( 'NONE',  ( 3.621320343559646826, 1.500000000000000000, 13.50000000000003908 ) ) ;
#894 = DIRECTION ( 'NONE',  ( 0.000000000000000000, 0.000000000000000000, 1.000000000000000000 ) ) ;
#895 = ORIENTED_EDGE ( 'NONE', *, *, #1864, .F. ) ;
#896 = CIRCLE ( 'NONE', #1256, 1.500000000000000000 ) ;
#897 = DIRECTION ( 'NONE',  ( 0.000000000000000000, 0.000000000000000000, -1.000000000000000000 ) ) ;
#898 = CIRCLE ( 'NONE', #2678, 1.699999999999998401 ) ;
#899 = ORIENTED_EDGE ( 'NONE', *, *, #1076, .F. ) ;
#900 = EDGE_LOOP ( 'NONE', ( #1920, #821, #670, #2116 ) ) ;
#901 = AXIS2_PLACEMENT_3D ( 'NONE', #2363, #2594, #2142 ) ;
#902 = EDGE_LOOP ( 'NONE', ( #1040, #2212, #1308, #429 ) ) ;
#903 = DIRECTION ( 'NONE',  ( 0.000000000000000000, 0.000000000000000000, 1.000000000000000000 ) ) ;
#904 = DIRECTION ( 'NONE',  ( 1.000000000000000000, 0.000000000000000000, 0.000000000000000000 ) ) ;
#905 = CYLINDRICAL_SURFACE ( 'NONE', #159, 1.500000000000001332 ) ;
#906 = LINE ( 'NONE', #2010, #1444 ) ;
#907 = VERTEX_POINT ( 'NONE', #35 ) ;
#908 = CARTESIAN_POINT ( 'NONE',  ( 30.00000000000000711, 45.00000000000000000, 10.00000000000000000 ) ) ;
#909 = CARTESIAN_POINT ( 'NONE',  ( 12.62132034355964016, 36.37867965644034030, 1.499999999999999556 ) ) ;
#910 = DIRECTION ( 'NONE',  ( 1.000000000000000000, 0.000000000000000000, 0.000000000000000000 ) ) ;
#911 = ORIENTED_EDGE ( 'NONE', *, *, #1277, .F. ) ;
#912 = EDGE_CURVE ( 'NONE', #825, #418, #1053, .T. ) ;
#913 = DIRECTION ( 'NONE',  ( 0.000000000000000000, -0.000000000000000000, -1.000000000000000000 ) ) ;
#914 = ORIENTED_EDGE ( 'NONE', *, *, #2016, .F. ) ;
#915 = ORIENTED_EDGE ( 'NONE', *, *, #1569, .F. ) ;
#916 = ORIENTED_EDGE ( 'NONE', *, *, #648, .F. ) ;
#917 = DIRECTION ( 'NONE',  ( 1.272130549049658483E-14, 0.000000000000000000, 1.000000000000000000 ) ) ;
#918 = CARTESIAN_POINT ( 'NONE',  ( 1.910824630339300834, 38.60016445855946898, 12.35214964898295698 ) ) ;
#919 = DIRECTION ( 'NONE',  ( 0.000000000000000000, 0.000000000000000000, -1.000000000000000000 ) ) ;
#920 = VERTEX_POINT ( 'NONE', #2368 ) ;
#921 = CARTESIAN_POINT ( 'NONE',  ( 30.00000000000000711, 1.500000000000000000, 19.00000000000000000 ) ) ;
#922 = DIRECTION ( 'NONE',  ( 0.000000000000000000, -1.000000000000000000, -8.673617379884028570E-16 ) ) ;
#923 = CARTESIAN_POINT ( 'NONE',  ( 11.74999999999999822, 37.35355339059326951, 0.7500000000000061062 ) ) ;
#924 = EDGE_LOOP ( 'NONE', ( #51, #2170, #2608, #544 ) ) ;
#925 = ADVANCED_FACE ( 'NONE', ( #1483 ), #672, .F. ) ;
#926 = DIRECTION ( 'NONE',  ( -0.7071067811865470176, -0.000000000000000000, 0.7071067811865481278 ) ) ;
#927 = AXIS2_PLACEMENT_3D ( 'NONE', #1443, #989, #2288 ) ;
#928 = ORIENTED_EDGE ( 'NONE', *, *, #287, .T. ) ;
#929 = EDGE_CURVE ( 'NONE', #386, #2174, #2599, .T. ) ;
#930 = ORIENTED_EDGE ( 'NONE', *, *, #2771, .T. ) ;
#931 = FACE_OUTER_BOUND ( 'NONE', #2660, .T. ) ;
#932 = CARTESIAN_POINT ( 'NONE',  ( 2.560660171779844951, 39.56066017177982275, 13.50000000000004619 ) ) ;
#933 = ORIENTED_EDGE ( 'NONE', *, *, #419, .T. ) ;
#934 = CARTESIAN_POINT ( 'NONE',  ( -12.94196726926817043, 18.30270563598779887, 1.500000000000000000 ) ) ;
#935 = ORIENTED_EDGE ( 'NONE', *, *, #530, .T. ) ;
#936 = CYLINDRICAL_SURFACE ( 'NONE', #1016, 1.500000000000001332 ) ;
#937 = AXIS2_PLACEMENT_3D ( 'NONE', #322, #715, #80 ) ;
#938 = LINE ( 'NONE', #1812, #379 ) ;
#939 = CARTESIAN_POINT ( 'NONE',  ( 4.750000000000002665, 10.00000000000000000, 10.30000000000000071 ) ) ;
#940 = EDGE_LOOP ( 'NONE', ( #289, #2502, #956, #1970 ) ) ;
#941 = LINE ( 'NONE', #2191, #117 ) ;
#942 = VERTEX_POINT ( 'NONE', #1096 ) ;
#943 = ORIENTED_EDGE ( 'NONE', *, *, #272, .F. ) ;
#944 = CARTESIAN_POINT ( 'NONE',  ( 31.50000000000000711, 0.000000000000000000, 1.500000000000000000 ) ) ;
#945 = FACE_OUTER_BOUND ( 'NONE', #2575, .T. ) ;
#946 = EDGE_LOOP ( 'NONE', ( #2649, #15, #2015, #882 ) ) ;
#947 = ADVANCED_FACE ( 'NONE', ( #2394 ), #2356, .T. ) ;
#948 = CARTESIAN_POINT ( 'NONE',  ( 31.50000000000000711, 48.50000000000000000, 19.00000000000000000 ) ) ;
#949 = CIRCLE ( 'NONE', #319, 1.500000000000000000 ) ;
#951 = DIRECTION ( 'NONE',  ( 1.000000000000000000, 0.000000000000000000, 0.000000000000000000 ) ) ;
#950 = CYLINDRICAL_SURFACE ( 'NONE', #2564, 1.500000000000001332 ) ;
#952 = EDGE_CURVE ( 'NONE', #450, #2406, #1623, .T. ) ;
#953 = CARTESIAN_POINT ( 'NONE',  ( 30.00000000000000711, 45.00000000000000000, 13.34999999999999964 ) ) ;
#954 = DIRECTION ( 'NONE',  ( 0.000000000000000000, 0.000000000000000000, 1.000000000000000000 ) ) ;
#955 = FACE_OUTER_BOUND ( 'NONE', #1519, .T. ) ;
#956 = ORIENTED_EDGE ( 'NONE', *, *, #272, .T. ) ;
#957 =( NAMED_UNIT ( * ) SI_UNIT ( $, .STERADIAN. ) SOLID_ANGLE_UNIT ( ) );
#958 = DIRECTION ( 'NONE',  ( 0.7071067811865485719, 0.000000000000000000, 0.7071067811865463515 ) ) ;
#959 = ORIENTED_EDGE ( 'NONE', *, *, #1065, .T. ) ;
#960 = CARTESIAN_POINT ( 'NONE',  ( 10.00000000000000000, 10.00000000000000000, 10.30000000000000071 ) ) ;
#961 = ORIENTED_EDGE ( 'NONE', *, *, #1610, .F. ) ;
#962 = DIRECTION ( 'NONE',  ( -0.7071067811865455743, 0.7071067811865495711, 0.000000000000000000 ) ) ;
#963 = EDGE_CURVE ( 'NONE', #2722, #1018, #2158, .T. ) ;
#964 = CARTESIAN_POINT ( 'NONE',  ( 3.621320343559646826, 0.000000000000000000, 13.24264068711932474 ) ) ;
#965 = CARTESIAN_POINT ( 'NONE',  ( 28.50000000000000355, -1.500000000000000000, 19.00000000000000000 ) ) ;
#966 = FACE_OUTER_BOUND ( 'NONE', #584, .T. ) ;
#967 = CARTESIAN_POINT ( 'NONE',  ( 31.65000000000000568, -4.999999999999993783, 10.00000000000000000 ) ) ;
#968 = EDGE_CURVE ( 'NONE', #1837, #1061, #1311, .T. ) ;
#969 = EDGE_CURVE ( 'NONE', #1087, #494, #1934, .T. ) ;
#970 = DIRECTION ( 'NONE',  ( 0.000000000000000000, -1.000000000000000000, 4.625929269271481378E-15 ) ) ;
#971 = AXIS2_PLACEMENT_3D ( 'NONE', #2086, #344, #2074 ) ;
#972 = VECTOR ( 'NONE', #2235, 1000.000000000000000 ) ;
#973 = ORIENTED_EDGE ( 'NONE', *, *, #2353, .T. ) ;
#974 = CYLINDRICAL_SURFACE ( 'NONE', #2529, 1.499999999999999556 ) ;
#975 = ORIENTED_EDGE ( 'NONE', *, *, #388, .T. ) ;
#976 = CIRCLE ( 'NONE', #2712, 1.500000000000000666 ) ;
#977 = DIRECTION ( 'NONE',  ( 0.000000000000000000, -0.000000000000000000, -1.000000000000000000 ) ) ;
#978 = AXIS2_PLACEMENT_3D ( 'NONE', #1768, #926, #2637 ) ;
#979 = CARTESIAN_POINT ( 'NONE',  ( 26.50000000000000711, 38.50000000000000000, 20.50000000000000000 ) ) ;
#980 = DIRECTION ( 'NONE',  ( 0.000000000000000000, 0.9045340337332908875, 0.4264014327112208846 ) ) ;
#981 = CARTESIAN_POINT ( 'NONE',  ( 33.50000000000000000, 48.50000000000000000, 17.49999999999999645 ) ) ;
#982 = FILL_AREA_STYLE ('',( #368 ) ) ;
#983 = VECTOR ( 'NONE', #2250, 1000.000000000000114 ) ;
#984 = EDGE_CURVE ( 'NONE', #1427, #257, #651, .T. ) ;
#985 = FACE_OUTER_BOUND ( 'NONE', #1368, .T. ) ;
#986 = EDGE_LOOP ( 'NONE', ( #1286, #235 ) ) ;
#987 = ORIENTED_EDGE ( 'NONE', *, *, #1692, .F. ) ;
#988 = CARTESIAN_POINT ( 'NONE',  ( 10.00000000000000000, 10.00000000000000000, 10.30000000000000071 ) ) ;
#989 = DIRECTION ( 'NONE',  ( -0.7071067811865491270, -0.7071067811865459074, 0.000000000000000000 ) ) ;
#990 = TOROIDAL_SURFACE ( 'NONE', #535, 3.000000000000000000, 1.500000000000000000 ) ;
#991 = CARTESIAN_POINT ( 'NONE',  ( 28.50000000000000355, 41.50000000000000000, 1.500000000000001332 ) ) ;
#992 = VECTOR ( 'NONE', #233, 1000.000000000000000 ) ;
#993 = DIRECTION ( 'NONE',  ( 0.000000000000000000, 0.000000000000000000, 1.000000000000000000 ) ) ;
#994 = CIRCLE ( 'NONE', #2314, 1.500000000000001332 ) ;
#995 = PLANE ( 'NONE',  #1485 ) ;
#996 = FACE_OUTER_BOUND ( 'NONE', #713, .T. ) ;
#997 = EDGE_CURVE ( 'NONE', #1821, #1290, #2050, .T. ) ;
#998 = ORIENTED_EDGE ( 'NONE', *, *, #1782, .F. ) ;
#999 = EDGE_CURVE ( 'NONE', #1770, #705, #1294, .T. ) ;
#1000 = VERTEX_POINT ( 'NONE', #1600 ) ;
#1001 = DIRECTION ( 'NONE',  ( -1.000000000000000000, 0.000000000000000000, 0.000000000000000000 ) ) ;
#1002 = CARTESIAN_POINT ( 'NONE',  ( 31.50000000000000711, -8.500000000000000000, 20.00000000000000000 ) ) ;
#1003 = FACE_OUTER_BOUND ( 'NONE', #1156, .T. ) ;
#1004 = DIRECTION ( 'NONE',  ( -0.7071067811865487940, -0.000000000000000000, -0.7071067811865463515 ) ) ;
#1005 = CARTESIAN_POINT ( 'NONE',  ( 31.50000000000000711, 48.50000000000000000, 1.500000000000000000 ) ) ;
#1006 = FACE_OUTER_BOUND ( 'NONE', #2298, .T. ) ;
#1007 = EDGE_LOOP ( 'NONE', ( #1439, #2462, #2019, #730 ) ) ;
#1008 = ORIENTED_EDGE ( 'NONE', *, *, #1864, .T. ) ;
#1009 = VECTOR ( 'NONE', #2094, 1000.000000000000000 ) ;
#1010 = ADVANCED_FACE ( 'NONE', ( #2009 ), #2276, .F. ) ;
#1011 = CARTESIAN_POINT ( 'NONE',  ( 1.500000000000000000, 0.000000000000000000, 12.62132034355968102 ) ) ;
#1012 = CARTESIAN_POINT ( 'NONE',  ( 33.50000000000000000, -8.500000000000000000, 17.49999999999999645 ) ) ;
#1013 = CARTESIAN_POINT ( 'NONE',  ( 28.50000000000000355, 41.50000000000000000, 1.500000000000001332 ) ) ;
#1014 = VECTOR ( 'NONE', #2784, 1000.000000000000000 ) ;
#1015 = DIRECTION ( 'NONE',  ( 1.000000000000000000, 0.000000000000000000, 0.000000000000000000 ) ) ;
#1016 = AXIS2_PLACEMENT_3D ( 'NONE', #2248, #1811, #1375 ) ;
#1017 = DIRECTION ( 'NONE',  ( -1.000000000000000000, 0.000000000000000000, 0.000000000000000000 ) ) ;
#1018 = VERTEX_POINT ( 'NONE', #277 ) ;
#1019 = CIRCLE ( 'NONE', #1903, 1.500000000000001332 ) ;
#1020 = CARTESIAN_POINT ( 'NONE',  ( 10.00000000000000000, 30.00000000000000000, 10.30000000000000071 ) ) ;
#1021 = AXIS2_PLACEMENT_3D ( 'NONE', #967, #1848, #2571 ) ;
#1022 = DIRECTION ( 'NONE',  ( 1.000000000000000000, -0.000000000000000000, 0.000000000000000000 ) ) ;
#1023 = AXIS2_PLACEMENT_3D ( 'NONE', #1367, #1151, #678 ) ;
#1024 = ORIENTED_EDGE ( 'NONE', *, *, #2481, .F. ) ;
#1025 = ORIENTED_EDGE ( 'NONE', *, *, #1463, .F. ) ;
#1026 = DIRECTION ( 'NONE',  ( -1.000000000000000000, 0.000000000000000000, 0.000000000000000000 ) ) ;
#1027 = DIRECTION ( 'NONE',  ( -0.5773502691896272854, -0.8164965809277249242, 0.000000000000000000 ) ) ;
#1028 = CARTESIAN_POINT ( 'NONE',  ( 31.50000000000000711, 0.000000000000000000, 0.000000000000000000 ) ) ;
#1029 = ADVANCED_FACE ( 'NONE', ( #1567 ), #481, .T. ) ;
#1030 = AXIS2_PLACEMENT_3D ( 'NONE', #2727, #2082, #2473 ) ;
#1031 = CARTESIAN_POINT ( 'NONE',  ( 23.50000000000000355, 1.500000000000000000, 21.50000000000000000 ) ) ;
#1032 = ORIENTED_EDGE ( 'NONE', *, *, #305, .F. ) ;
#1033 = ADVANCED_FACE ( 'NONE', ( #2485 ), #2243, .T. ) ;
#1034 = AXIS2_PLACEMENT_3D ( 'NONE', #2355, #216, #655 ) ;
#1035 = PLANE ( 'NONE',  #180 ) ;
#1036 = VECTOR ( 'NONE', #1486, 1000.000000000000000 ) ;
#1037 = CARTESIAN_POINT ( 'NONE',  ( 12.62132034355964016, 3.621320343559655708, 1.499999999999999778 ) ) ;
#1038 = VECTOR ( 'NONE', #2773, 1000.000000000000000 ) ;
#1039 = ORIENTED_EDGE ( 'NONE', *, *, #1943, .T. ) ;
#1040 = ORIENTED_EDGE ( 'NONE', *, *, #201, .T. ) ;
#1041 = DIRECTION ( 'NONE',  ( 0.000000000000000000, 0.000000000000000000, 1.000000000000000000 ) ) ;
#1042 = CARTESIAN_POINT ( 'NONE',  ( 12.62132034355964016, 3.621320343559656596, 1.500000000000000000 ) ) ;
#1043 = PLANE ( 'NONE',  #339 ) ;
#1044 = EDGE_CURVE ( 'NONE', #705, #2115, #527, .T. ) ;
#1045 = CARTESIAN_POINT ( 'NONE',  ( 31.50000000000000711, -8.500000000000000000, 17.49999999999999645 ) ) ;
#1046 = ORIENTED_EDGE ( 'NONE', *, *, #1159, .T. ) ;
#1047 = ADVANCED_FACE ( 'NONE', ( #1616 ), #2421, .F. ) ;
#1048 = CARTESIAN_POINT ( 'NONE',  ( 10.00000000000000000, 10.00000000000000000, 22.50000000000000000 ) ) ;
#1049 = LINE ( 'NONE', #1928, #724 ) ;
#1050 = ORIENTED_EDGE ( 'NONE', *, *, #659, .T. ) ;
#1051 = VERTEX_POINT ( 'NONE', #1142 ) ;
#1052 = CARTESIAN_POINT ( 'NONE',  ( 1.499999999999996891, 36.37867965644034030, 12.62132034355968102 ) ) ;
#1053 = LINE ( 'NONE', #2611, #1249 ) ;
#1054 = CARTESIAN_POINT ( 'NONE',  ( 3.621320343559663701, 38.50000000000000000, 13.50000000000004619 ) ) ;
#1055 = TOROIDAL_SURFACE ( 'NONE', #1557, 3.000000000000000000, 1.500000000000000000 ) ;
#1056 = FACE_OUTER_BOUND ( 'NONE', #2036, .T. ) ;
#1057 = VERTEX_POINT ( 'NONE', #2214 ) ;
#1058 = ADVANCED_FACE ( 'NONE', ( #1552 ), #974, .T. ) ;
#1059 = SPHERICAL_SURFACE ( 'NONE', #1818, 1.500000000000000000 ) ;
#1060 = CARTESIAN_POINT ( 'NONE',  ( 10.00000000000000000, 10.00000000000000000, 22.50000000000000000 ) ) ;
#1061 = VERTEX_POINT ( 'NONE', #2656 ) ;
#1062 = ADVANCED_FACE ( 'NONE', ( #945 ), #1839, .T. ) ;
#1063 = EDGE_CURVE ( 'NONE', #2504, #1666, #430, .T. ) ;
#1064 = VECTOR ( 'NONE', #2648, 1000.000000000000114 ) ;
#1065 = EDGE_CURVE ( 'NONE', #2449, #2051, #260, .T. ) ;
#1066 = ORIENTED_EDGE ( 'NONE', *, *, #1645, .F. ) ;
#1067 = ORIENTED_EDGE ( 'NONE', *, *, #2289, .F. ) ;
#1068 = DIRECTION ( 'NONE',  ( 0.000000000000000000, -0.000000000000000000, -1.000000000000000000 ) ) ;
#1069 = CARTESIAN_POINT ( 'NONE',  ( 10.00000000000000000, 30.00000000000000000, 10.30000000000000071 ) ) ;
#1070 = CARTESIAN_POINT ( 'NONE',  ( 1.499999999999999334, 36.37867965644034030, 12.62132034355968102 ) ) ;
#1071 = ORIENTED_EDGE ( 'NONE', *, *, #874, .T. ) ;
#1072 = DIRECTION ( 'NONE',  ( -0.000000000000000000, -0.000000000000000000, 1.000000000000000000 ) ) ;
#1073 = LINE ( 'NONE', #1957, #2821 ) ;
#1074 = ORIENTED_EDGE ( 'NONE', *, *, #808, .T. ) ;
#1075 = AXIS2_PLACEMENT_3D ( 'NONE', #2315, #549, #1895 ) ;
#1076 = EDGE_CURVE ( 'NONE', #2778, #1112, #1129, .T. ) ;
#1077 = CIRCLE ( 'NONE', #2176, 5.249999999999997335 ) ;
#1078 = AXIS2_PLACEMENT_3D ( 'NONE', #1468, #1933, #1711 ) ;
#1079 = VECTOR ( 'NONE', #1298, 1000.000000000000000 ) ;
#1080 = ORIENTED_EDGE ( 'NONE', *, *, #1097, .T. ) ;
#1081 = ORIENTED_EDGE ( 'NONE', *, *, #2786, .F. ) ;
#1082 = ADVANCED_FACE ( 'NONE', ( #700 ), #2434, .T. ) ;
#1083 = DIRECTION ( 'NONE',  ( 0.000000000000000000, 1.000000000000000000, 0.000000000000000000 ) ) ;
#1084 = DIRECTION ( 'NONE',  ( -0.7071067811865507924, 0.000000000000000000, -0.7071067811865442421 ) ) ;
#1085 = CARTESIAN_POINT ( 'NONE',  ( 0.000000000000000000, 0.000000000000000000, 0.000000000000000000 ) ) ;
#1086 = LINE ( 'NONE', #1966, #1491 ) ;
#1087 = VERTEX_POINT ( 'NONE', #932 ) ;
#1088 = FACE_OUTER_BOUND ( 'NONE', #1466, .T. ) ;
#1089 = STYLED_ITEM ( 'NONE', ( #2519 ), #100 ) ;
#1090 = CYLINDRICAL_SURFACE ( 'NONE', #2208, 1.500000000000001332 ) ;
#1091 = ORIENTED_EDGE ( 'NONE', *, *, #1499, .F. ) ;
#1092 = ORIENTED_EDGE ( 'NONE', *, *, #565, .F. ) ;
#1093 = ORIENTED_EDGE ( 'NONE', *, *, #1169, .F. ) ;
#1094 = ADVANCED_FACE ( 'NONE', ( #2503 ), #765, .T. ) ;
#1095 = DIRECTION ( 'NONE',  ( 1.000000000000000000, 0.000000000000000000, 0.000000000000000000 ) ) ;
#1096 = CARTESIAN_POINT ( 'NONE',  ( 35.00000000000000000, 45.00000000000000000, 8.300000000000000711 ) ) ;
#1097 = EDGE_CURVE ( 'NONE', #1335, #787, #1019, .T. ) ;
#1098 = ADVANCED_FACE ( 'NONE', ( #449 ), #1563, .F. ) ;
#1099 = DIRECTION ( 'NONE',  ( -1.000000000000000000, -0.000000000000000000, 0.000000000000000000 ) ) ;
#1100 = ORIENTED_EDGE ( 'NONE', *, *, #2341, .T. ) ;
#1101 = CIRCLE ( 'NONE', #2706, 1.499999999999999778 ) ;
#1102 = DIRECTION ( 'NONE',  ( 0.000000000000000000, 0.000000000000000000, -1.000000000000000000 ) ) ;
#1103 = DIRECTION ( 'NONE',  ( 0.8164965809277257014, -0.5773502691896262862, 0.000000000000000000 ) ) ;
#1104 = ORIENTED_EDGE ( 'NONE', *, *, #2737, .T. ) ;
#1105 = VECTOR ( 'NONE', #846, 1000.000000000000114 ) ;
#1106 = AXIS2_PLACEMENT_3D ( 'NONE', #1626, #2535, #2510 ) ;
#1107 = DIRECTION ( 'NONE',  ( 1.000000000000000000, 0.000000000000000000, 0.000000000000000000 ) ) ;
#1108 = AXIS2_PLACEMENT_3D ( 'NONE', #2741, #783, #1648 ) ;
#1109 = ORIENTED_EDGE ( 'NONE', *, *, #1844, .F. ) ;
#1110 = EDGE_LOOP ( 'NONE', ( #1092, #959, #1235, #1299 ) ) ;
#1111 = AXIS2_PLACEMENT_3D ( 'NONE', #1012, #2107, #1183 ) ;
#1112 = VERTEX_POINT ( 'NONE', #2686 ) ;
#1113 = DIRECTION ( 'NONE',  ( 1.000000000000000000, -0.000000000000000000, 0.000000000000000000 ) ) ;
#1114 = FACE_OUTER_BOUND ( 'NONE', #900, .T. ) ;
#1115 = CARTESIAN_POINT ( 'NONE',  ( 31.50000000000000711, 0.000000000000000000, 19.00000000000000000 ) ) ;
#1116 = EDGE_CURVE ( 'NONE', #705, #825, #693, .T. ) ;
#1117 = CARTESIAN_POINT ( 'NONE',  ( 0.000000000000000000, 40.00000000000000000, 21.50000000000000000 ) ) ;
#1118 = CARTESIAN_POINT ( 'NONE',  ( 30.00000000000000711, 45.00000000000000000, 10.00000000000000000 ) ) ;
#1119 = EDGE_CURVE ( 'NONE', #787, #676, #2262, .T. ) ;
#1120 = VERTEX_POINT ( 'NONE', #1988 ) ;
#1121 = VECTOR ( 'NONE', #2084, 1000.000000000000000 ) ;
#1122 = DIRECTION ( 'NONE',  ( 0.000000000000000000, -1.000000000000000000, 0.000000000000000000 ) ) ;
#1123 = ORIENTED_EDGE ( 'NONE', *, *, #168, .T. ) ;
#1124 = ORIENTED_EDGE ( 'NONE', *, *, #2390, .T. ) ;
#1125 = AXIS2_PLACEMENT_3D ( 'NONE', #34, #684, #2408 ) ;
#1126 = CIRCLE ( 'NONE', #2003, 3.349999999999998757 ) ;
#1127 = VERTEX_POINT ( 'NONE', #29 ) ;
#1128 = FACE_OUTER_BOUND ( 'NONE', #1155, .T. ) ;
#1129 = LINE ( 'NONE', #918, #2767 ) ;
#1130 = DIRECTION ( 'NONE',  ( 0.000000000000000000, 0.000000000000000000, -1.000000000000000000 ) ) ;
#1131 = ORIENTED_EDGE ( 'NONE', *, *, #1137, .T. ) ;
#1132 = EDGE_CURVE ( 'NONE', #2465, #883, #891, .T. ) ;
#1133 = CARTESIAN_POINT ( 'NONE',  ( 10.00000000000000000, 30.00000000000000000, 22.50000000000000000 ) ) ;
#1134 = CARTESIAN_POINT ( 'NONE',  ( 25.00000000000000355, 1.500000000000001332, 21.50000000000000000 ) ) ;
#1135 = CARTESIAN_POINT ( 'NONE',  ( 11.99999999999999467, 36.37867965644034030, 1.305448755684016725E-15 ) ) ;
#1136 = ORIENTED_EDGE ( 'NONE', *, *, #164, .F. ) ;
#1137 = EDGE_CURVE ( 'NONE', #1018, #1960, #1815, .T. ) ;
#1138 = CARTESIAN_POINT ( 'NONE',  ( 3.621320343559646826, 1.500000000000000000, 21.50000000000000000 ) ) ;
#1139 = ORIENTED_EDGE ( 'NONE', *, *, #1429, .T. ) ;
#1140 = ORIENTED_EDGE ( 'NONE', *, *, #952, .T. ) ;
#1141 = DIRECTION ( 'NONE',  ( 0.000000000000000000, 0.000000000000000000, -1.000000000000000000 ) ) ;
#1142 = CARTESIAN_POINT ( 'NONE',  ( 0.000000000000000000, 36.37867965644034740, 12.62132034355968102 ) ) ;
#1143 = CYLINDRICAL_SURFACE ( 'NONE', #1241, 1.500000000000000222 ) ;
#1144 = ORIENTED_EDGE ( 'NONE', *, *, #1929, .F. ) ;
#1145 = CYLINDRICAL_SURFACE ( 'NONE', #1999, 1.500000000000000222 ) ;
#1146 = ORIENTED_EDGE ( 'NONE', *, *, #1570, .F. ) ;
#1147 = DIRECTION ( 'NONE',  ( -1.000000000000000000, -0.000000000000000000, -0.000000000000000000 ) ) ;
#1148 = DIRECTION ( 'NONE',  ( 1.000000000000000000, -0.000000000000000000, 0.000000000000000000 ) ) ;
#1149 = DIRECTION ( 'NONE',  ( -1.000000000000000000, 0.000000000000000000, 0.000000000000000000 ) ) ;
#1150 = ORIENTED_EDGE ( 'NONE', *, *, #1480, .T. ) ;
#1151 = DIRECTION ( 'NONE',  ( 0.000000000000000000, 1.000000000000000000, -0.000000000000000000 ) ) ;
#1152 = AXIS2_PLACEMENT_3D ( 'NONE', #1376, #1559, #329 ) ;
#1153 = EDGE_CURVE ( 'NONE', #1278, #1000, #2030, .T. ) ;
#1154 = EDGE_CURVE ( 'NONE', #2803, #920, #1750, .T. ) ;
#1155 = EDGE_LOOP ( 'NONE', ( #309, #288 ) ) ;
#1156 = EDGE_LOOP ( 'NONE', ( #933, #1644, #394, #1146 ) ) ;
#1157 = CARTESIAN_POINT ( 'NONE',  ( 0.000000000000000000, 0.000000000000000000, 19.00000000000000000 ) ) ;
#1158 = DIRECTION ( 'NONE',  ( 0.000000000000000000, 0.000000000000000000, 1.000000000000000000 ) ) ;
#1159 = EDGE_CURVE ( 'NONE', #2007, #2592, #602, .T. ) ;
#1160 = AXIS2_PLACEMENT_3D ( 'NONE', #529, #1340, #108 ) ;
#1161 = ORIENTED_EDGE ( 'NONE', *, *, #1945, .F. ) ;
#1162 = CARTESIAN_POINT ( 'NONE',  ( 2.660824630339300167, 37.53950428677964624, 13.10214964898295520 ) ) ;
#1163 = LINE ( 'NONE', #2039, #142 ) ;
#1164 = DIRECTION ( 'NONE',  ( -0.000000000000000000, 0.000000000000000000, 1.000000000000000000 ) ) ;
#1165 = VECTOR ( 'NONE', #1403, 1000.000000000000000 ) ;
#1166 = DIRECTION ( 'NONE',  ( 0.000000000000000000, 0.000000000000000000, 1.000000000000000000 ) ) ;
#1167 = ORIENTED_EDGE ( 'NONE', *, *, #2372, .F. ) ;
#1168 = CARTESIAN_POINT ( 'NONE',  ( 31.50000000000000711, -8.500000000000000000, 1.500000000000000000 ) ) ;
#1169 = EDGE_CURVE ( 'NONE', #1474, #2567, #941, .T. ) ;
#1170 = ORIENTED_EDGE ( 'NONE', *, *, #1672, .F. ) ;
#1171 = CARTESIAN_POINT ( 'NONE',  ( 11.87132034355963839, 2.560660171779836958, 0.7499999999999990008 ) ) ;
#1172 = DIRECTION ( 'NONE',  ( -0.7071067811865451302, 0.7071067811865499042, 0.000000000000000000 ) ) ;
#1173 = ORIENTED_EDGE ( 'NONE', *, *, #1252, .T. ) ;
#1174 = VECTOR ( 'NONE', #1909, 1000.000000000000000 ) ;
#1175 = EDGE_CURVE ( 'NONE', #77, #2181, #665, .T. ) ;
#1176 = AXIS2_PLACEMENT_3D ( 'NONE', #2349, #608, #383 ) ;
#1177 = FACE_OUTER_BOUND ( 'NONE', #332, .T. ) ;
#1178 = AXIS2_PLACEMENT_3D ( 'NONE', #835, #2362, #1490 ) ;
#1180 =( LENGTH_UNIT ( ) NAMED_UNIT ( * ) SI_UNIT ( .MILLI., .METRE. ) );
#1179 = FACE_OUTER_BOUND ( 'NONE', #585, .T. ) ;
#1181 = CARTESIAN_POINT ( 'NONE',  ( 31.65000000000000568, 45.00000000000000000, 13.34999999999999964 ) ) ;
#1182 = DIRECTION ( 'NONE',  ( 1.000000000000000000, 0.000000000000000000, 0.000000000000000000 ) ) ;
#1183 = DIRECTION ( 'NONE',  ( 0.000000000000000000, 0.000000000000000000, -1.000000000000000000 ) ) ;
#1184 = ORIENTED_EDGE ( 'NONE', *, *, #1672, .T. ) ;
#1185 = CARTESIAN_POINT ( 'NONE',  ( 0.000000000000000000, 40.00000000000000000, 17.49999999999999645 ) ) ;
#1186 = PRODUCT_DEFINITION ( 'UNKNOWN', '', #834, #462 ) ;
#1187 = EDGE_LOOP ( 'NONE', ( #653, #1907, #321, #1136 ) ) ;
#1188 = CARTESIAN_POINT ( 'NONE',  ( 33.50000000000000000, -10.00000000000000000, 1.500000000000001332 ) ) ;
#1190 = DIRECTION ( 'NONE',  ( 1.000000000000000000, -2.891205793294678326E-16, 0.000000000000000000 ) ) ;
#1189 = DIRECTION ( 'NONE',  ( -1.000000000000000000, -0.000000000000000000, -0.000000000000000000 ) ) ;
#1191 = ADVANCED_FACE ( 'NONE', ( #2622 ), #273, .T. ) ;
#1192 = DIRECTION ( 'NONE',  ( 1.000000000000000000, -0.000000000000000000, 0.000000000000000000 ) ) ;
#1193 = CARTESIAN_POINT ( 'NONE',  ( 12.62132034355964016, 36.99999999999999289, 0.000000000000000000 ) ) ;
#1194 = FACE_BOUND ( 'NONE', #2668, .T. ) ;
#1195 = CARTESIAN_POINT ( 'NONE',  ( 3.621320343559646826, 1.500000000000000222, 21.50000000000000000 ) ) ;
#1196 = AXIS2_PLACEMENT_3D ( 'NONE', #146, #2757, #2270 ) ;
#1197 = AXIS2_PLACEMENT_3D ( 'NONE', #1624, #2282, #954 ) ;
#1198 = ORIENTED_EDGE ( 'NONE', *, *, #169, .T. ) ;
#1199 = VERTEX_POINT ( 'NONE', #2415 ) ;
#1200 = CARTESIAN_POINT ( 'NONE',  ( 31.50000000000000711, 41.50000000000000000, 1.500000000000000000 ) ) ;
#1201 = CIRCLE ( 'NONE', #384, 1.700000000000000178 ) ;
#1202 = DIRECTION ( 'NONE',  ( -0.7071067811865463515, -0.000000000000000000, 0.7071067811865486830 ) ) ;
#1203 = EDGE_CURVE ( 'NONE', #2486, #136, #2560, .T. ) ;
#1204 = LINE ( 'NONE', #2281, #2266 ) ;
#1205 = CARTESIAN_POINT ( 'NONE',  ( 23.50000000000000355, 40.00000000000000000, 19.00000000000000000 ) ) ;
#1206 = CARTESIAN_POINT ( 'NONE',  ( 30.00000000000000711, 50.00000000000000000, 1.500000000000000000 ) ) ;
#1207 = VECTOR ( 'NONE', #2818, 1000.000000000000000 ) ;
#1208 = EDGE_CURVE ( 'NONE', #361, #214, #2804, .T. ) ;
#1209 = DIRECTION ( 'NONE',  ( 1.000000000000000000, 0.000000000000000000, 0.000000000000000000 ) ) ;
#1210 = ORIENTED_EDGE ( 'NONE', *, *, #197, .T. ) ;
#1211 = ORIENTED_EDGE ( 'NONE', *, *, #2180, .F. ) ;
#1212 = CARTESIAN_POINT ( 'NONE',  ( 1.500000000000003997, 36.37867965644034740, 12.62132034355968280 ) ) ;
#1213 = FACE_OUTER_BOUND ( 'NONE', #946, .T. ) ;
#1214 = LINE ( 'NONE', #1445, #385 ) ;
#1215 = AXIS2_PLACEMENT_3D ( 'NONE', #661, #2444, #1103 ) ;
#1216 = AXIS2_PLACEMENT_3D ( 'NONE', #1052, #2393, #886 ) ;
#1217 = DIRECTION ( 'NONE',  ( 0.000000000000000000, 0.000000000000000000, -1.000000000000000000 ) ) ;
#1218 = AXIS2_PLACEMENT_3D ( 'NONE', #1070, #2149, #1731 ) ;
#1219 =( NAMED_UNIT ( * ) PLANE_ANGLE_UNIT ( ) SI_UNIT ( $, .RADIAN. ) );
#1220 = DIRECTION ( 'NONE',  ( -1.000000000000000000, 0.000000000000000000, 0.000000000000000000 ) ) ;
#1221 = DIRECTION ( 'NONE',  ( 0.7071067811865451302, -0.7071067811865500152, 0.000000000000000000 ) ) ;
#1222 = EDGE_CURVE ( 'NONE', #508, #386, #609, .T. ) ;
#1223 = EDGE_LOOP ( 'NONE', ( #1986, #1150, #2352 ) ) ;
#1224 = ORIENTED_EDGE ( 'NONE', *, *, #2052, .F. ) ;
#1225 = STYLED_ITEM ( 'NONE', ( #1410 ), #50 ) ;
#1226 = DIRECTION ( 'NONE',  ( 0.000000000000000000, 0.000000000000000000, 1.000000000000000000 ) ) ;
#1227 = DIRECTION ( 'NONE',  ( 0.000000000000000000, 0.000000000000000000, 1.000000000000000000 ) ) ;
#1228 = DIRECTION ( 'NONE',  ( 1.000000000000000000, 0.000000000000000000, 0.000000000000000000 ) ) ;
#1229 = DIRECTION ( 'NONE',  ( 0.000000000000000000, 0.000000000000000000, 1.000000000000000000 ) ) ;
#1230 = CARTESIAN_POINT ( 'NONE',  ( 28.50000000000000355, -1.500000000000000000, 20.00000000000000000 ) ) ;
#1231 = ORIENTED_EDGE ( 'NONE', *, *, #1981, .F. ) ;
#1232 = DIRECTION ( 'NONE',  ( -0.7071067811865463515, -7.850462293418890625E-17, 0.7071067811865487940 ) ) ;
#1233 = DIRECTION ( 'NONE',  ( -1.000000000000000000, -0.000000000000000000, -0.000000000000000000 ) ) ;
#1234 = EDGE_CURVE ( 'NONE', #1127, #1061, #2194, .T. ) ;
#1235 = ORIENTED_EDGE ( 'NONE', *, *, #644, .T. ) ;
#1236 = ORIENTED_EDGE ( 'NONE', *, *, #793, .F. ) ;
#1237 = ADVANCED_FACE ( 'NONE', ( #61 ), #1381, .T. ) ;
#1238 = PLANE ( 'NONE',  #129 ) ;
#1239 = DIRECTION ( 'NONE',  ( 0.7071067811865459074, -0.7071067811865492381, 0.000000000000000000 ) ) ;
#1240 = FACE_OUTER_BOUND ( 'NONE', #1541, .T. ) ;
#1241 = AXIS2_PLACEMENT_3D ( 'NONE', #1758, #2453, #1553 ) ;
#1242 = AXIS2_PLACEMENT_3D ( 'NONE', #2507, #313, #551 ) ;
#1243 = DIRECTION ( 'NONE',  ( 0.000000000000000000, 1.000000000000000000, 0.000000000000000000 ) ) ;
#1244 = ORIENTED_EDGE ( 'NONE', *, *, #2183, .T. ) ;
#1245 = AXIS2_PLACEMENT_3D ( 'NONE', #1975, #1497, #441 ) ;
#1246 = LINE ( 'NONE', #812, #1305 ) ;
#1247 = AXIS2_PLACEMENT_3D ( 'NONE', #1348, #25, #2221 ) ;
#1248 = CARTESIAN_POINT ( 'NONE',  ( 0.000000000000000000, 1.500000000000000000, 17.49999999999999645 ) ) ;
#1249 = VECTOR ( 'NONE', #629, 1000.000000000000000 ) ;
#1250 = ORIENTED_EDGE ( 'NONE', *, *, #1481, .F. ) ;
#1251 = ORIENTED_EDGE ( 'NONE', *, *, #1742, .F. ) ;
#1252 = EDGE_CURVE ( 'NONE', #437, #2331, #1596, .T. ) ;
#1253 = CARTESIAN_POINT ( 'NONE',  ( 0.4393398282201846916, 37.43933982822017725, 20.00000000000000000 ) ) ;
#1254 = FACE_OUTER_BOUND ( 'NONE', #2468, .T. ) ;
#1255 = LINE ( 'NONE', #1028, #696 ) ;
#1256 = AXIS2_PLACEMENT_3D ( 'NONE', #1638, #490, #1604 ) ;
#1257 = EDGE_CURVE ( 'NONE', #854, #1061, #746, .T. ) ;
#1258 = EDGE_CURVE ( 'NONE', #1120, #1426, #1333, .T. ) ;
#1259 = CARTESIAN_POINT ( 'NONE',  ( 4.750000000000002665, 10.00000000000000000, 22.50000000000000000 ) ) ;
#1260 = ORIENTED_EDGE ( 'NONE', *, *, #574, .T. ) ;
#1261 = AXIS2_PLACEMENT_3D ( 'NONE', #1011, #2542, #2327 ) ;
#1262 = TOROIDAL_SURFACE ( 'NONE', #1767, 3.000000000000000000, 1.500000000000000000 ) ;
#1263 = DIRECTION ( 'NONE',  ( -1.000000000000000000, 0.000000000000000000, 0.000000000000000000 ) ) ;
#1264 = VECTOR ( 'NONE', #2798, 1000.000000000000000 ) ;
#1265 = DIRECTION ( 'NONE',  ( 0.000000000000000000, 0.000000000000000000, 1.000000000000000000 ) ) ;
#1266 = ORIENTED_EDGE ( 'NONE', *, *, #857, .F. ) ;
#1267 = ORIENTED_EDGE ( 'NONE', *, *, #856, .F. ) ;
#1268 = CYLINDRICAL_SURFACE ( 'NONE', #2442, 1.500000000000000000 ) ;
#1269 = CARTESIAN_POINT ( 'NONE',  ( 3.621320343559664146, 38.50000000000000000, 21.50000000000000000 ) ) ;
#1270 = EDGE_CURVE ( 'NONE', #494, #1051, #1327, .T. ) ;
#1271 = DIRECTION ( 'NONE',  ( 0.000000000000000000, 1.000000000000000000, 0.000000000000000000 ) ) ;
#1272 = DIRECTION ( 'NONE',  ( -0.000000000000000000, -0.000000000000000000, 1.000000000000000000 ) ) ;
#1273 = EDGE_CURVE ( 'NONE', #1766, #2722, #378, .T. ) ;
#1274 = VERTEX_POINT ( 'NONE', #331 ) ;
#1275 = DIRECTION ( 'NONE',  ( -0.7071067811865492381, -0.7071067811865457964, 0.000000000000000000 ) ) ;
#1276 = CYLINDRICAL_SURFACE ( 'NONE', #2716, 1.500000000000001332 ) ;
#1277 = EDGE_CURVE ( 'NONE', #2007, #2778, #2099, .T. ) ;
#1278 = VERTEX_POINT ( 'NONE', #554 ) ;
#1279 = ORIENTED_EDGE ( 'NONE', *, *, #1828, .F. ) ;
#1280 = ORIENTED_EDGE ( 'NONE', *, *, #2748, .F. ) ;
#1281 = FACE_OUTER_BOUND ( 'NONE', #2023, .T. ) ;
#1282 = PLANE ( 'NONE',  #841 ) ;
#1283 = DIRECTION ( 'NONE',  ( 0.000000000000000000, 0.000000000000000000, 1.000000000000000000 ) ) ;
#1284 = AXIS2_PLACEMENT_3D ( 'NONE', #755, #2066, #1826 ) ;
#1285 = LINE ( 'NONE', #1702, #1079 ) ;
#1286 = ORIENTED_EDGE ( 'NONE', *, *, #1611, .F. ) ;
#1287 = ADVANCED_FACE ( 'NONE', ( #2497 ), #745, .F. ) ;
#1288 = CARTESIAN_POINT ( 'NONE',  ( 3.621320343559664146, 38.50000000000000000, 20.00000000000000000 ) ) ;
#1289 = DIRECTION ( 'NONE',  ( -0.000000000000000000, -0.000000000000000000, 1.000000000000000000 ) ) ;
#1290 = VERTEX_POINT ( 'NONE', #2522 ) ;
#1291 = ADVANCED_FACE ( 'NONE', ( #996 ), #762, .F. ) ;
#1292 = ORIENTED_EDGE ( 'NONE', *, *, #2180, .T. ) ;
#1293 = VERTEX_POINT ( 'NONE', #119 ) ;
#1294 = CIRCLE ( 'NONE', #796, 1.500000000000001332 ) ;
#1295 = FACE_OUTER_BOUND ( 'NONE', #1725, .T. ) ;
#1296 = LINE ( 'NONE', #845, #2383 ) ;
#1297 = CARTESIAN_POINT ( 'NONE',  ( 15.24999999999999822, 10.00000000000000000, 10.30000000000000071 ) ) ;
#1298 = DIRECTION ( 'NONE',  ( 0.7071067811865459074, -0.7071067811865491270, 0.000000000000000000 ) ) ;
#1299 = ORIENTED_EDGE ( 'NONE', *, *, #2771, .F. ) ;
#1300 = PLANE ( 'NONE',  #1914 ) ;
#1301 = DIRECTION ( 'NONE',  ( 0.8164965809277243691, -0.5773502691896280625, 3.295974604355934096E-17 ) ) ;
#1302 = EDGE_LOOP ( 'NONE', ( #1536, #1025, #271, #2667 ) ) ;
#1303 = CIRCLE ( 'NONE', #2775, 1.500000000000000000 ) ;
#1304 = PRODUCT ( 'door magnet holder', 'door magnet holder', '', ( #686 ) ) ;
#1305 = VECTOR ( 'NONE', #172, 1000.000000000000000 ) ;
#1306 = EDGE_CURVE ( 'NONE', #1474, #1278, #2076, .T. ) ;
#1307 = VECTOR ( 'NONE', #1344, 1000.000000000000000 ) ;
#1308 = ORIENTED_EDGE ( 'NONE', *, *, #2765, .F. ) ;
#1309 = ORIENTED_EDGE ( 'NONE', *, *, #2765, .T. ) ;
#1310 = SPHERICAL_SURFACE ( 'NONE', #1034, 1.500000000000000000 ) ;
#1311 = LINE ( 'NONE', #2185, #881 ) ;
#1312 = DIRECTION ( 'NONE',  ( 0.000000000000000000, 0.000000000000000000, 1.000000000000000000 ) ) ;
#1313 = CARTESIAN_POINT ( 'NONE',  ( 30.00000000000000711, 48.50000000000000000, 20.00000000000000000 ) ) ;
#1314 = CARTESIAN_POINT ( 'NONE',  ( 25.00000000000000355, 0.000000000000000000, 17.49999999999999645 ) ) ;
#1315 = CIRCLE ( 'NONE', #497, 1.499999999999999778 ) ;
#1316 = CARTESIAN_POINT ( 'NONE',  ( 30.00000000000000711, -8.500000000000000000, 19.00000000000000000 ) ) ;
#1317 = ORIENTED_EDGE ( 'NONE', *, *, #963, .F. ) ;
#1318 = DIRECTION ( 'NONE',  ( -1.000000000000000000, -0.000000000000000000, -0.000000000000000000 ) ) ;
#1319 = ORIENTED_EDGE ( 'NONE', *, *, #416, .T. ) ;
#1320 = ORIENTED_EDGE ( 'NONE', *, *, #856, .T. ) ;
#1321 = ADVANCED_FACE ( 'NONE', ( #985 ), #1424, .T. ) ;
#1322 = VERTEX_POINT ( 'NONE', #525 ) ;
#1323 = CARTESIAN_POINT ( 'NONE',  ( 28.50000000000000355, -1.500000000000000000, 17.49999999999999645 ) ) ;
#1324 = DIRECTION ( 'NONE',  ( 0.000000000000000000, -0.000000000000000000, 1.000000000000000000 ) ) ;
#1325 = DIRECTION ( 'NONE',  ( 0.000000000000000000, -0.000000000000000000, 1.000000000000000000 ) ) ;
#1326 = ORIENTED_EDGE ( 'NONE', *, *, #227, .T. ) ;
#1327 = CIRCLE ( 'NONE', #2069, 1.500000000000001332 ) ;
#1328 = VECTOR ( 'NONE', #1202, 1000.000000000000114 ) ;
#1329 = SPHERICAL_SURFACE ( 'NONE', #1533, 1.500000000000000000 ) ;
#1330 = DIRECTION ( 'NONE',  ( 0.7071067811865463515, 5.074904731855964761E-17, -0.7071067811865487940 ) ) ;
#1331 = ORIENTED_EDGE ( 'NONE', *, *, #793, .T. ) ;
#1332 = AXIS2_PLACEMENT_3D ( 'NONE', #1498, #391, #805 ) ;
#1333 = CIRCLE ( 'NONE', #1930, 1.500000000000001332 ) ;
#1334 = CARTESIAN_POINT ( 'NONE',  ( 33.50000000000000000, -8.500000000000000000, 1.500000000000000000 ) ) ;
#1335 = VERTEX_POINT ( 'NONE', #786 ) ;
#1336 = ORIENTED_EDGE ( 'NONE', *, *, #2737, .F. ) ;
#1337 = CIRCLE ( 'NONE', #1705, 1.499999999999999556 ) ;
#1338 = ORIENTED_EDGE ( 'NONE', *, *, #1203, .T. ) ;
#1339 = DIRECTION ( 'NONE',  ( 1.000000000000000000, -0.000000000000000000, 0.000000000000000000 ) ) ;
#1340 = DIRECTION ( 'NONE',  ( -1.000000000000000000, -0.000000000000000000, -0.000000000000000000 ) ) ;
#1341 =( NAMED_UNIT ( * ) SI_UNIT ( $, .STERADIAN. ) SOLID_ANGLE_UNIT ( ) );
#1342 = EDGE_CURVE ( 'NONE', #942, #2203, #1201, .T. ) ;
#1343 = CARTESIAN_POINT ( 'NONE',  ( 23.50000000000000355, 0.000000000000000000, 21.50000000000000000 ) ) ;
#1344 = DIRECTION ( 'NONE',  ( 0.000000000000000000, 0.000000000000000000, 1.000000000000000000 ) ) ;
#1345 = EDGE_CURVE ( 'NONE', #2261, #2592, #1605, .T. ) ;
#1346 = FACE_OUTER_BOUND ( 'NONE', #1544, .T. ) ;
#1347 = DIRECTION ( 'NONE',  ( 1.000000000000000000, -0.000000000000000000, 0.000000000000000000 ) ) ;
#1348 = CARTESIAN_POINT ( 'NONE',  ( 3.621320343559663701, 38.50000000000000000, 21.50000000000000000 ) ) ;
#1349 = ORIENTED_EDGE ( 'NONE', *, *, #324, .F. ) ;
#1350 = DIRECTION ( 'NONE',  ( -1.000000000000000000, -0.000000000000000000, -0.000000000000000000 ) ) ;
#1351 = ORIENTED_EDGE ( 'NONE', *, *, #1976, .T. ) ;
#1352 = AXIS2_PLACEMENT_3D ( 'NONE', #2205, #473, #2399 ) ;
#1353 = VECTOR ( 'NONE', #2258, 1000.000000000000114 ) ;
#1354 = AXIS2_PLACEMENT_3D ( 'NONE', #1045, #2371, #2160 ) ;
#1355 = ORIENTED_EDGE ( 'NONE', *, *, #1570, .T. ) ;
#1356 = DIRECTION ( 'NONE',  ( 0.000000000000000000, 0.000000000000000000, 1.000000000000000000 ) ) ;
#1357 = CARTESIAN_POINT ( 'NONE',  ( 30.00000000000000711, 45.00000000000000000, 6.650000000000001243 ) ) ;
#1358 = EDGE_LOOP ( 'NONE', ( #973, #1752, #72, #1807 ) ) ;
#1359 = DIRECTION ( 'NONE',  ( 0.000000000000000000, 0.000000000000000000, -1.000000000000000000 ) ) ;
#1360 = ORIENTED_EDGE ( 'NONE', *, *, #680, .T. ) ;
#1361 = CYLINDRICAL_SURFACE ( 'NONE', #2252, 1.500000000000001332 ) ;
#1362 = EDGE_CURVE ( 'NONE', #810, #2504, #1853, .T. ) ;
#1363 = LINE ( 'NONE', #2220, #1740 ) ;
#1364 = SPHERICAL_SURFACE ( 'NONE', #1215, 1.500000000000000000 ) ;
#1365 = ORIENTED_EDGE ( 'NONE', *, *, #101, .T. ) ;
#1366 = EDGE_CURVE ( 'NONE', #136, #1290, #1973, .T. ) ;
#1367 = CARTESIAN_POINT ( 'NONE',  ( 31.50000000000000711, -1.500000000000000000, 17.49999999999999645 ) ) ;
#1368 = EDGE_LOOP ( 'NONE', ( #1494, #2597, #2156, #911 ) ) ;
#1369 = ORIENTED_EDGE ( 'NONE', *, *, #2579, .T. ) ;
#1370 = CYLINDRICAL_SURFACE ( 'NONE', #2447, 1.500000000000000000 ) ;
#1371 = CARTESIAN_POINT ( 'NONE',  ( 30.00000000000000711, -4.999999999999993783, 10.00000000000000000 ) ) ;
#1372 = ORIENTED_EDGE ( 'NONE', *, *, #2457, .T. ) ;
#1373 = CARTESIAN_POINT ( 'NONE',  ( 23.50000000000000355, 40.00000000000000000, 21.50000000000000000 ) ) ;
#1374 =( NAMED_UNIT ( * ) SI_UNIT ( $, .STERADIAN. ) SOLID_ANGLE_UNIT ( ) );
#1375 = DIRECTION ( 'NONE',  ( 1.000000000000000000, 0.000000000000000000, 0.000000000000000000 ) ) ;
#1376 = CARTESIAN_POINT ( 'NONE',  ( 10.00000000000000000, 10.00000000000000000, 10.30000000000000071 ) ) ;
#1377 = CARTESIAN_POINT ( 'NONE',  ( 31.65000000000000568, 45.00000000000000000, 11.70000000000000107 ) ) ;
#1378 = VERTEX_POINT ( 'NONE', #2322 ) ;
#1379 = EDGE_CURVE ( 'NONE', #1960, #1501, #2332, .T. ) ;
#1380 = VECTOR ( 'NONE', #124, 1000.000000000000000 ) ;
#1381 = CYLINDRICAL_SURFACE ( 'NONE', #334, 1.500000000000000000 ) ;
#1382 = VECTOR ( 'NONE', #1458, 1000.000000000000000 ) ;
#1383 = ADVANCED_FACE ( 'NONE', ( #1006 ), #106, .T. ) ;
#1384 = AXIS2_PLACEMENT_3D ( 'NONE', #794, #125, #2530 ) ;
#1385 = ORIENTED_EDGE ( 'NONE', *, *, #543, .T. ) ;
#1386 = CARTESIAN_POINT ( 'NONE',  ( 28.50000000000000355, 38.50000000000000000, 17.49999999999999645 ) ) ;
#1387 = DIRECTION ( 'NONE',  ( 0.7071067811865490160, 0.000000000000000000, 0.7071067811865460184 ) ) ;
#1388 = VECTOR ( 'NONE', #76, 1000.000000000000000 ) ;
#1389 = VERTEX_POINT ( 'NONE', #542 ) ;
#1390 = AXIS2_PLACEMENT_3D ( 'NONE', #364, #182, #2343 ) ;
#1391 = FACE_OUTER_BOUND ( 'NONE', #1991, .T. ) ;
#1393 = CARTESIAN_POINT ( 'NONE',  ( 3.621320343559662813, 38.50000000000000000, 13.50000000000004619 ) ) ;
#1392 = CARTESIAN_POINT ( 'NONE',  ( 12.62132034355963839, 36.37867965644035451, 0.000000000000000000 ) ) ;
#1394 = CARTESIAN_POINT ( 'NONE',  ( 12.62132034355964016, 3.621320343559656596, 0.000000000000000000 ) ) ;
#1395 = DIRECTION ( 'NONE',  ( 1.000000000000000000, 0.000000000000000000, 0.000000000000000000 ) ) ;
#1396 = CARTESIAN_POINT ( 'NONE',  ( 0.000000000000000000, 3.621320343559656596, 12.62132034355968102 ) ) ;
#1397 = CARTESIAN_POINT ( 'NONE',  ( 3.621320343559663701, 40.00000000000000000, 13.50000000000004619 ) ) ;
#1398 = DIRECTION ( 'NONE',  ( 0.000000000000000000, 0.000000000000000000, 1.000000000000000000 ) ) ;
#1399 = VECTOR ( 'NONE', #2269, 1000.000000000000000 ) ;
#1400 = EDGE_CURVE ( 'NONE', #942, #2376, #2113, .T. ) ;
#1401 = ORIENTED_EDGE ( 'NONE', *, *, #1881, .F. ) ;
#1402 = AXIS2_PLACEMENT_3D ( 'NONE', #2644, #1602, #919 ) ;
#1403 = DIRECTION ( 'NONE',  ( -1.000000000000000000, -0.000000000000000000, -0.000000000000000000 ) ) ;
#1404 = EDGE_LOOP ( 'NONE', ( #1614, #59, #2635 ) ) ;
#1405 = AXIS2_PLACEMENT_3D ( 'NONE', #402, #181, #1974 ) ;
#1406 = VECTOR ( 'NONE', #1272, 1000.000000000000000 ) ;
#1407 = DIRECTION ( 'NONE',  ( -0.000000000000000000, -0.000000000000000000, 1.000000000000000000 ) ) ;
#1408 = VECTOR ( 'NONE', #1558, 1000.000000000000000 ) ;
#1410 = PRESENTATION_STYLE_ASSIGNMENT (( #2246 ) ) ;
#1409 = FACE_OUTER_BOUND ( 'NONE', #2640, .T. ) ;
#1411 = DIRECTION ( 'NONE',  ( 0.000000000000000000, 0.000000000000000000, -1.000000000000000000 ) ) ;
#1412 = CARTESIAN_POINT ( 'NONE',  ( 15.62132034355964372, 1.499999999999999334, 1.500000000000000000 ) ) ;
#1413 = DIRECTION ( 'NONE',  ( 0.000000000000000000, 0.000000000000000000, -1.000000000000000000 ) ) ;
#1414 = DIRECTION ( 'NONE',  ( 1.000000000000000000, 0.000000000000000000, 0.000000000000000000 ) ) ;
#1415 = ORIENTED_EDGE ( 'NONE', *, *, #530, .F. ) ;
#1416 = ORIENTED_EDGE ( 'NONE', *, *, #1116, .F. ) ;
#1417 = EDGE_CURVE ( 'NONE', #2483, #437, #594, .T. ) ;
#1418 = DIRECTION ( 'NONE',  ( 0.000000000000000000, 0.000000000000000000, 1.000000000000000000 ) ) ;
#1419 = LINE ( 'NONE', #312, #156 ) ;
#1420 = EDGE_CURVE ( 'NONE', #2143, #2169, #1101, .T. ) ;
#1421 = DIRECTION ( 'NONE',  ( 0.000000000000000000, 0.000000000000000000, 1.000000000000000000 ) ) ;
#1422 = DIRECTION ( 'NONE',  ( 0.000000000000000000, 0.000000000000000000, -1.000000000000000000 ) ) ;
#1423 = CARTESIAN_POINT ( 'NONE',  ( 31.65000000000000568, 46.69999999999999574, 10.00000000000000000 ) ) ;
#1424 = CYLINDRICAL_SURFACE ( 'NONE', #2426, 1.499999999999999778 ) ;
#1425 = AXIS2_PLACEMENT_3D ( 'NONE', #981, #1901, #1885 ) ;
#1426 = VERTEX_POINT ( 'NONE', #2577 ) ;
#1427 = VERTEX_POINT ( 'NONE', #421 ) ;
#1428 = DIRECTION ( 'NONE',  ( 0.000000000000000000, 0.000000000000000000, -1.000000000000000000 ) ) ;
#1429 = EDGE_CURVE ( 'NONE', #2504, #712, #2375, .T. ) ;
#1430 = DIRECTION ( 'NONE',  ( 0.000000000000000000, 0.000000000000000000, 1.000000000000000000 ) ) ;
#1431 = CYLINDRICAL_SURFACE ( 'NONE', #1769, 5.249999999999997335 ) ;
#1432 = CARTESIAN_POINT ( 'NONE',  ( 31.50000000000000711, 41.50000000000000000, 19.00000000000000000 ) ) ;
#1433 = ADVANCED_FACE ( 'NONE', ( #2334 ), #1276, .T. ) ;
#1434 = ADVANCED_FACE ( 'NONE', ( #1690 ), #647, .T. ) ;
#1435 = CARTESIAN_POINT ( 'NONE',  ( 30.00000000000000711, 0.000000000000000000, 20.00000000000000000 ) ) ;
#1436 = VECTOR ( 'NONE', #1698, 1000.000000000000000 ) ;
#1437 = FACE_OUTER_BOUND ( 'NONE', #158, .T. ) ;
#1438 = CARTESIAN_POINT ( 'NONE',  ( 1.500000000000001776, 36.37867965644034740, 21.50000000000000000 ) ) ;
#1439 = ORIENTED_EDGE ( 'NONE', *, *, #250, .T. ) ;
#1440 = ORIENTED_EDGE ( 'NONE', *, *, #697, .F. ) ;
#1441 = LINE ( 'NONE', #2525, #174 ) ;
#1442 = CARTESIAN_POINT ( 'NONE',  ( 15.62132034355964372, 0.1431989494000636409, 0.8603978509331686730 ) ) ;
#1443 = CARTESIAN_POINT ( 'NONE',  ( 3.000000000000002665, 0.000000000000000000, 20.00000000000000000 ) ) ;
#1444 = VECTOR ( 'NONE', #1587, 1000.000000000000000 ) ;
#1445 = CARTESIAN_POINT ( 'NONE',  ( 31.50000000000000711, 0.000000000000000000, 19.00000000000000000 ) ) ;
#1446 = VECTOR ( 'NONE', #458, 1000.000000000000000 ) ;
#1447 = CARTESIAN_POINT ( 'NONE',  ( 31.50000000000000711, -10.00000000000000000, 0.000000000000000000 ) ) ;
#1448 = DIRECTION ( 'NONE',  ( -0.000000000000000000, 0.000000000000000000, 1.000000000000000000 ) ) ;
#1449 = ADVANCED_FACE ( 'NONE', ( #620 ), #2388, .T. ) ;
#1450 = CARTESIAN_POINT ( 'NONE',  ( 35.00000000000000000, 0.000000000000000000, 20.00000000000000000 ) ) ;
#1451 = DIRECTION ( 'NONE',  ( -0.7071067811865463515, -1.972152263052529514E-31, 0.7071067811865487940 ) ) ;
#1452 = EDGE_CURVE ( 'NONE', #1501, #433, #359, .T. ) ;
#1453 = VERTEX_POINT ( 'NONE', #1492 ) ;
#1454 = EDGE_LOOP ( 'NONE', ( #407, #2511, #22, #2020 ) ) ;
#1455 = COLOUR_RGB ( '',0.2509803921568627416, 0.2509803921568627416, 0.2509803921568627416 ) ;
#1456 = CARTESIAN_POINT ( 'NONE',  ( 0.000000000000000000, 0.000000000000000000, 20.00000000000000000 ) ) ;
#1457 = DIRECTION ( 'NONE',  ( 0.000000000000000000, 0.000000000000000000, -1.000000000000000000 ) ) ;
#1458 = DIRECTION ( 'NONE',  ( -1.000000000000000000, -0.000000000000000000, -0.000000000000000000 ) ) ;
#1459 = CARTESIAN_POINT ( 'NONE',  ( 0.4393398282201759764, 3.621320343559654820, 11.56066017177986183 ) ) ;
#1460 = EDGE_LOOP ( 'NONE', ( #1008, #2025, #208, #2691 ) ) ;
#1461 = CARTESIAN_POINT ( 'NONE',  ( 30.00000000000000711, -4.999999999999993783, 10.00000000000000000 ) ) ;
#1462 = DIRECTION ( 'NONE',  ( -1.000000000000000000, 0.000000000000000000, -0.000000000000000000 ) ) ;
#1463 = EDGE_CURVE ( 'NONE', #907, #2523, #2128, .T. ) ;
#1464 = VECTOR ( 'NONE', #1679, 1000.000000000000000 ) ;
#1465 = EDGE_CURVE ( 'NONE', #1427, #1389, #1073, .T. ) ;
#1466 = EDGE_LOOP ( 'NONE', ( #1734, #1680, #2195 ) ) ;
#1467 = ORIENTED_EDGE ( 'NONE', *, *, #2018, .F. ) ;
#1468 = CARTESIAN_POINT ( 'NONE',  ( 15.62132034355964194, 1.500000000000000000, 1.500000000000000000 ) ) ;
#1469 = CARTESIAN_POINT ( 'NONE',  ( 0.000000000000000000, 0.000000000000000000, 1.500000000000001332 ) ) ;
#1470 = CARTESIAN_POINT ( 'NONE',  ( 1.500000000000000000, 3.621320343559656596, 21.50000000000000000 ) ) ;
#1471 = CIRCLE ( 'NONE', #1562, 1.500000000000000000 ) ;
#1472 = AXIS2_PLACEMENT_3D ( 'NONE', #2308, #1209, #2284 ) ;
#1473 = DIRECTION ( 'NONE',  ( 0.000000000000000000, 0.000000000000000000, 1.000000000000000000 ) ) ;
#1474 = VERTEX_POINT ( 'NONE', #1733 ) ;
#1475 = CARTESIAN_POINT ( 'NONE',  ( 35.00000000000000000, -8.500000000000000000, 17.49999999999999645 ) ) ;
#1476 = CIRCLE ( 'NONE', #1390, 1.500000000000001332 ) ;
#1477 = DIRECTION ( 'NONE',  ( -0.7071067811865485719, 0.000000000000000000, -0.7071067811865465735 ) ) ;
#1478 = ORIENTED_EDGE ( 'NONE', *, *, #888, .F. ) ;
#1479 = VERTEX_POINT ( 'NONE', #173 ) ;
#1480 = EDGE_CURVE ( 'NONE', #2143, #254, #317, .T. ) ;
#1481 = EDGE_CURVE ( 'NONE', #920, #2416, #669, .T. ) ;
#1482 = DIRECTION ( 'NONE',  ( 0.1685938580755600713, -0.1975199910557191851, -0.9656924790804506387 ) ) ;
#1483 = FACE_OUTER_BOUND ( 'NONE', #1694, .T. ) ;
#1484 = DIRECTION ( 'NONE',  ( -0.7606039926573439081, -0.6492161168314501962, 0.000000000000000000 ) ) ;
#1485 = AXIS2_PLACEMENT_3D ( 'NONE', #1423, #1876, #2743 ) ;
#1486 = DIRECTION ( 'NONE',  ( 0.000000000000000000, -1.000000000000000000, 0.000000000000000000 ) ) ;
#1487 = ORIENTED_EDGE ( 'NONE', *, *, #1632, .F. ) ;
#1488 = AXIS2_PLACEMENT_3D ( 'NONE', #802, #1872, #1418 ) ;
#1489 = VECTOR ( 'NONE', #1113, 1000.000000000000000 ) ;
#1490 = DIRECTION ( 'NONE',  ( -0.7071067811865462405, 0.000000000000000000, 0.7071067811865489050 ) ) ;
#1491 = VECTOR ( 'NONE', #872, 1000.000000000000000 ) ;
#1492 = CARTESIAN_POINT ( 'NONE',  ( 28.50000000000000355, 1.500000000000000000, 19.00000000000000000 ) ) ;
#1493 = ORIENTED_EDGE ( 'NONE', *, *, #168, .F. ) ;
#1494 = ORIENTED_EDGE ( 'NONE', *, *, #2386, .T. ) ;
#1495 = ORIENTED_EDGE ( 'NONE', *, *, #1534, .T. ) ;
#1496 = FACE_OUTER_BOUND ( 'NONE', #501, .T. ) ;
#1497 = DIRECTION ( 'NONE',  ( -0.5000000000000018874, -0.7071067811865461294, -0.5000000000000001110 ) ) ;
#1498 = CARTESIAN_POINT ( 'NONE',  ( -1.439339828220139283, 38.50000000000000000, 18.56066017177986893 ) ) ;
#1499 = EDGE_CURVE ( 'NONE', #1378, #1723, #1913, .T. ) ;
#1500 = CARTESIAN_POINT ( 'NONE',  ( 15.24999999999999822, 30.00000000000000000, 10.30000000000000071 ) ) ;
#1501 = VERTEX_POINT ( 'NONE', #189 ) ;
#1502 = DIRECTION ( 'NONE',  ( 1.000000000000000000, 0.000000000000000000, 0.000000000000000000 ) ) ;
#1503 = CARTESIAN_POINT ( 'NONE',  ( 12.62132034355964016, 3.621320343559656152, 1.499999999999999334 ) ) ;
#1504 = ORIENTED_EDGE ( 'NONE', *, *, #1119, .F. ) ;
#1505 = ORIENTED_EDGE ( 'NONE', *, *, #169, .F. ) ;
#1506 = DIRECTION ( 'NONE',  ( 1.000000000000000000, 0.000000000000000000, 0.000000000000000000 ) ) ;
#1507 = DIRECTION ( 'NONE',  ( 0.4999999999999995559, -0.7071067811865494601, 0.4999999999999978351 ) ) ;
#1508 = DIRECTION ( 'NONE',  ( 1.000000000000000000, 0.000000000000000000, 0.000000000000000000 ) ) ;
#1509 = VECTOR ( 'NONE', #315, 1000.000000000000000 ) ;
#1510 = DIRECTION ( 'NONE',  ( 1.000000000000000000, -0.000000000000000000, 0.000000000000000000 ) ) ;
#1511 = EDGE_LOOP ( 'NONE', ( #464, #1109, #645, #816 ) ) ;
#1512 = EDGE_CURVE ( 'NONE', #2169, #361, #1049, .T. ) ;
#1513 = CYLINDRICAL_SURFACE ( 'NONE', #2312, 1.700000000000000178 ) ;
#1514 = DIRECTION ( 'NONE',  ( 1.000000000000000000, 0.000000000000000000, 0.000000000000000000 ) ) ;
#1515 = ORIENTED_EDGE ( 'NONE', *, *, #2436, .F. ) ;
#1516 = AXIS2_PLACEMENT_3D ( 'NONE', #2229, #2022, #67 ) ;
#1517 = AXIS2_PLACEMENT_3D ( 'NONE', #376, #2526, #1227 ) ;
#1518 = ORIENTED_EDGE ( 'NONE', *, *, #968, .F. ) ;
#1519 = EDGE_LOOP ( 'NONE', ( #1735, #1518, #451, #1401 ) ) ;
#1520 = AXIS2_PLACEMENT_3D ( 'NONE', #1584, #2452, #734 ) ;
#1521 = DIRECTION ( 'NONE',  ( -1.000000000000000000, -0.000000000000000000, -0.000000000000000000 ) ) ;
#1522 = CARTESIAN_POINT ( 'NONE',  ( 35.00000000000000000, 0.000000000000000000, 1.500000000000001332 ) ) ;
#1523 = CARTESIAN_POINT ( 'NONE',  ( 0.5595853180170771157, 37.48044398934198540, 12.23178782802757425 ) ) ;
#1524 = AXIS2_PLACEMENT_3D ( 'NONE', #965, #1164, #771 ) ;
#1525 = LINE ( 'NONE', #1117, #1820 ) ;
#1526 = FACE_OUTER_BOUND ( 'NONE', #1855, .T. ) ;
#1527 = SPHERICAL_SURFACE ( 'NONE', #1247, 1.500000000000000000 ) ;
#1528 = ORIENTED_EDGE ( 'NONE', *, *, #2404, .F. ) ;
#1529 = EDGE_CURVE ( 'NONE', #107, #450, #1941, .T. ) ;
#1530 = CIRCLE ( 'NONE', #2354, 5.249999999999997335 ) ;
#1531 = CIRCLE ( 'NONE', #1218, 1.499999999999999556 ) ;
#1532 = DIRECTION ( 'NONE',  ( 0.000000000000000000, -1.000000000000000000, 0.000000000000000000 ) ) ;
#1533 = AXIS2_PLACEMENT_3D ( 'NONE', #1968, #646, #2427 ) ;
#1534 = EDGE_CURVE ( 'NONE', #2416, #920, #1956, .T. ) ;
#1535 = VERTEX_POINT ( 'NONE', #160 ) ;
#1536 = ORIENTED_EDGE ( 'NONE', *, *, #147, .T. ) ;
#1537 = ORIENTED_EDGE ( 'NONE', *, *, #230, .T. ) ;
#1538 = DIRECTION ( 'NONE',  ( 0.000000000000000000, 0.000000000000000000, -1.000000000000000000 ) ) ;
#1539 = CARTESIAN_POINT ( 'NONE',  ( 33.50000000000000000, -8.500000000000000000, 1.500000000000000000 ) ) ;
#1540 = CARTESIAN_POINT ( 'NONE',  ( 23.50000000000000355, 1.500000000000000000, 21.50000000000000000 ) ) ;
#1541 = EDGE_LOOP ( 'NONE', ( #1568, #2048, #1032, #1351 ) ) ;
#1542 = FACE_OUTER_BOUND ( 'NONE', #1788, .T. ) ;
#1543 = DIRECTION ( 'NONE',  ( 0.000000000000000000, -0.000000000000000000, 1.000000000000000000 ) ) ;
#1544 = EDGE_LOOP ( 'NONE', ( #39, #2823, #202 ) ) ;
#1545 = ADVANCED_FACE ( 'NONE', ( #1706 ), #2153, .T. ) ;
#1546 = CARTESIAN_POINT ( 'NONE',  ( 31.50000000000000711, 41.50000000000000000, 17.49999999999999645 ) ) ;
#1547 = EDGE_LOOP ( 'NONE', ( #373, #1046, #698 ) ) ;
#1548 = ORIENTED_EDGE ( 'NONE', *, *, #2749, .F. ) ;
#1549 = EDGE_CURVE ( 'NONE', #226, #2449, #1126, .T. ) ;
#1550 = ORIENTED_EDGE ( 'NONE', *, *, #2463, .T. ) ;
#1551 = CARTESIAN_POINT ( 'NONE',  ( 2.560660171779823191, 0.4393398282201813054, 13.50000000000003908 ) ) ;
#1552 = FACE_OUTER_BOUND ( 'NONE', #801, .T. ) ;
#1553 = DIRECTION ( 'NONE',  ( 0.5773502691896278405, 0.8164965809277247022, 0.000000000000000000 ) ) ;
#1554 = FACE_OUTER_BOUND ( 'NONE', #1454, .T. ) ;
#1555 = DIRECTION ( 'NONE',  ( 0.000000000000000000, 0.000000000000000000, -1.000000000000000000 ) ) ;
#1556 = AXIS2_PLACEMENT_3D ( 'NONE', #1168, #1107, #1783 ) ;
#1557 = AXIS2_PLACEMENT_3D ( 'NONE', #2041, #57, #1395 ) ;
#1558 = DIRECTION ( 'NONE',  ( -1.000000000000000000, -0.000000000000000000, -0.000000000000000000 ) ) ;
#1559 = DIRECTION ( 'NONE',  ( -0.000000000000000000, -0.000000000000000000, 1.000000000000000000 ) ) ;
#1560 = CARTESIAN_POINT ( 'NONE',  ( 28.50000000000000355, 41.50000000000000000, 20.00000000000000000 ) ) ;
#1561 = ORIENTED_EDGE ( 'NONE', *, *, #1808, .T. ) ;
#1562 = AXIS2_PLACEMENT_3D ( 'NONE', #2122, #2572, #205 ) ;
#1563 = CYLINDRICAL_SURFACE ( 'NONE', #2119, 3.349999999999998757 ) ;
#1564 = ORIENTED_EDGE ( 'NONE', *, *, #1273, .F. ) ;
#1565 = ORIENTED_EDGE ( 'NONE', *, *, #2516, .F. ) ;
#1566 = CARTESIAN_POINT ( 'NONE',  ( 1.500000000000000000, 36.37867965644034740, 21.50000000000000000 ) ) ;
#1567 = FACE_OUTER_BOUND ( 'NONE', #2645, .T. ) ;
#1568 = ORIENTED_EDGE ( 'NONE', *, *, #1747, .T. ) ;
#1569 = EDGE_CURVE ( 'NONE', #1837, #2331, #994, .T. ) ;
#1570 = EDGE_CURVE ( 'NONE', #2652, #1127, #1285, .T. ) ;
#1571 = ORIENTED_EDGE ( 'NONE', *, *, #1270, .F. ) ;
#1572 = EDGE_CURVE ( 'NONE', #2406, #1018, #2684, .T. ) ;
#1573 = CARTESIAN_POINT ( 'NONE',  ( 15.24999999999999822, 30.00000000000000000, 10.30000000000000071 ) ) ;
#1574 = LINE ( 'NONE', #2647, #338 ) ;
#1575 = FACE_OUTER_BOUND ( 'NONE', #1460, .T. ) ;
#1576 = VERTEX_POINT ( 'NONE', #1759 ) ;
#1577 = DIRECTION ( 'NONE',  ( -1.000000000000000000, 0.000000000000000000, -0.000000000000000000 ) ) ;
#1578 = VECTOR ( 'NONE', #2707, 1000.000000000000000 ) ;
#1579 = EDGE_LOOP ( 'NONE', ( #928, #618, #695, #1467, #1589 ) ) ;
#1580 = AXIS2_PLACEMENT_3D ( 'NONE', #660, #863, #56 ) ;
#1581 = AXIS2_PLACEMENT_3D ( 'NONE', #231, #1099, #1925 ) ;
#1582 = ORIENTED_EDGE ( 'NONE', *, *, #1257, .T. ) ;
#1583 = CARTESIAN_POINT ( 'NONE',  ( 35.00000000000000000, 45.00000000000000000, 11.70000000000000107 ) ) ;
#1584 = CARTESIAN_POINT ( 'NONE',  ( -1.439339828220151718, 1.500000000000000000, 18.56066017177985472 ) ) ;
#1585 =( LENGTH_UNIT ( ) NAMED_UNIT ( * ) SI_UNIT ( .MILLI., .METRE. ) );
#1586 = EDGE_LOOP ( 'NONE', ( #1695, #692, #1653, #1139 ) ) ;
#1587 = DIRECTION ( 'NONE',  ( -1.000000000000000000, 0.000000000000000000, -0.000000000000000000 ) ) ;
#1588 = ADVANCED_FACE ( 'NONE', ( #417 ), #889, .T. ) ;
#1589 = ORIENTED_EDGE ( 'NONE', *, *, #2302, .F. ) ;
#1590 = DIRECTION ( 'NONE',  ( 0.000000000000000000, 0.000000000000000000, 1.000000000000000000 ) ) ;
#1591 = DIRECTION ( 'NONE',  ( 0.8164965809277247022, -0.5773502691896276184, -2.503857664561940265E-16 ) ) ;
#1592 = DIRECTION ( 'NONE',  ( 0.000000000000000000, 0.000000000000000000, 1.000000000000000000 ) ) ;
#1593 = EDGE_CURVE ( 'NONE', #1051, #2366, #1531, .T. ) ;
#1594 = ORIENTED_EDGE ( 'NONE', *, *, #2183, .F. ) ;
#1595 = VECTOR ( 'NONE', #90, 1000.000000000000000 ) ;
#1596 = LINE ( 'NONE', #2464, #2339 ) ;
#1597 = ORIENTED_EDGE ( 'NONE', *, *, #2404, .T. ) ;
#1598 = EDGE_LOOP ( 'NONE', ( #45, #1601, #1369, #362 ) ) ;
#1599 = DIRECTION ( 'NONE',  ( -1.000000000000000000, 0.000000000000000000, -0.000000000000000000 ) ) ;
#1600 = CARTESIAN_POINT ( 'NONE',  ( 30.00000000000000711, -4.999999999999993783, 13.35000000000000142 ) ) ;
#1601 = ORIENTED_EDGE ( 'NONE', *, *, #2290, .T. ) ;
#1602 = DIRECTION ( 'NONE',  ( -0.000000000000000000, 1.000000000000000000, -0.000000000000000000 ) ) ;
#1603 = DIRECTION ( 'NONE',  ( 0.000000000000000000, 0.000000000000000000, 1.000000000000000000 ) ) ;
#1604 = DIRECTION ( 'NONE',  ( 0.000000000000000000, 0.000000000000000000, -1.000000000000000000 ) ) ;
#1605 = CIRCLE ( 'NONE', #1196, 1.499999999999999556 ) ;
#1606 = DIRECTION ( 'NONE',  ( -0.000000000000000000, -1.000000000000000000, -0.000000000000000000 ) ) ;
#1607 = DIRECTION ( 'NONE',  ( -0.000000000000000000, 0.000000000000000000, 1.000000000000000000 ) ) ;
#1608 = LINE ( 'NONE', #759, #1595 ) ;
#1609 = AXIS2_PLACEMENT_3D ( 'NONE', #741, #1182, #103 ) ;
#1610 = EDGE_CURVE ( 'NONE', #613, #883, #2272, .T. ) ;
#1611 = EDGE_CURVE ( 'NONE', #1000, #2567, #41, .T. ) ;
#1612 = DIRECTION ( 'NONE',  ( 0.000000000000000000, 1.000000000000000000, 0.000000000000000000 ) ) ;
#1613 = VECTOR ( 'NONE', #2163, 1000.000000000000000 ) ;
#1614 = ORIENTED_EDGE ( 'NONE', *, *, #999, .T. ) ;
#1615 = CARTESIAN_POINT ( 'NONE',  ( 12.62132034355964016, 3.621320343559659261, 1.500000000000000000 ) ) ;
#1616 = FACE_OUTER_BOUND ( 'NONE', #1655, .T. ) ;
#1617 = VERTEX_POINT ( 'NONE', #2138 ) ;
#1618 = VECTOR ( 'NONE', #828, 1000.000000000000000 ) ;
#1619 = CARTESIAN_POINT ( 'NONE',  ( 31.50000000000000711, -8.500000000000000000, 17.49999999999999645 ) ) ;
#1621 = DIRECTION ( 'NONE',  ( -0.7071067811865453523, 0.7071067811865497932, 0.000000000000000000 ) ) ;
#1620 = CARTESIAN_POINT ( 'NONE',  ( 30.00000000000000711, 0.000000000000000000, 17.49999999999999645 ) ) ;
#1622 = CARTESIAN_POINT ( 'NONE',  ( 26.50000000000000711, 0.000000000000000000, 19.00000000000000000 ) ) ;
#1623 = CIRCLE ( 'NONE', #392, 1.499999999999999556 ) ;
#1624 = CARTESIAN_POINT ( 'NONE',  ( 33.50000000000000000, 48.50000000000000000, 1.500000000000001332 ) ) ;
#1625 = DIRECTION ( 'NONE',  ( -1.000000000000000000, 0.000000000000000000, -0.000000000000000000 ) ) ;
#1626 = CARTESIAN_POINT ( 'NONE',  ( 1.500000000000000000, 3.621320343559656596, 12.62132034355968102 ) ) ;
#1627 = EDGE_CURVE ( 'NONE', #1051, #810, #2794, .T. ) ;
#1628 = AXIS2_PLACEMENT_3D ( 'NONE', #2730, #1448, #775 ) ;
#1629 = ORIENTED_EDGE ( 'NONE', *, *, #968, .T. ) ;
#1630 = VECTOR ( 'NONE', #2750, 1000.000000000000000 ) ;
#1631 = CARTESIAN_POINT ( 'NONE',  ( 31.50000000000000711, 0.000000000000000000, 1.500000000000000000 ) ) ;
#1632 = EDGE_CURVE ( 'NONE', #1335, #1453, #2735, .T. ) ;
#1633 = VERTEX_POINT ( 'NONE', #2360 ) ;
#1634 = AXIS2_PLACEMENT_3D ( 'NONE', #1615, #2484, #2703 ) ;
#1635 = AXIS2_PLACEMENT_3D ( 'NONE', #184, #1510, #2384 ) ;
#1636 = FACE_OUTER_BOUND ( 'NONE', #2257, .T. ) ;
#1637 = CARTESIAN_POINT ( 'NONE',  ( 0.000000000000000000, -8.500000000000000000, 0.000000000000000000 ) ) ;
#1638 = CARTESIAN_POINT ( 'NONE',  ( 31.50000000000000711, -8.500000000000000000, 1.500000000000000000 ) ) ;
#1639 = CARTESIAN_POINT ( 'NONE',  ( 30.00000000000000711, -8.500000000000000000, 1.500000000000000000 ) ) ;
#1640 = CARTESIAN_POINT ( 'NONE',  ( 0.000000000000000000, 0.000000000000000000, 23.00000000000000000 ) ) ;
#1641 = CARTESIAN_POINT ( 'NONE',  ( 35.00000000000000000, 45.00000000000000000, 10.00000000000000000 ) ) ;
#1642 = ADVANCED_FACE ( 'NONE', ( #406 ), #642, .T. ) ;
#1643 = EDGE_LOOP ( 'NONE', ( #851, #2615, #748, #2675 ) ) ;
#1644 = ORIENTED_EDGE ( 'NONE', *, *, #82, .F. ) ;
#1645 = EDGE_CURVE ( 'NONE', #257, #2407, #632, .T. ) ;
#1646 = CARTESIAN_POINT ( 'NONE',  ( 35.00000000000000000, -8.500000000000000000, 20.00000000000000000 ) ) ;
#1647 = DIRECTION ( 'NONE',  ( 0.000000000000000000, 0.000000000000000000, -1.000000000000000000 ) ) ;
#1648 = DIRECTION ( 'NONE',  ( 0.7071067811865492381, 0.7071067811865459074, 0.000000000000000000 ) ) ;
#1649 = FACE_OUTER_BOUND ( 'NONE', #2311, .T. ) ;
#1650 = CARTESIAN_POINT ( 'NONE',  ( 15.62132034355964194, 1.500000000000000000, 1.500000000000000000 ) ) ;
#1651 = DIRECTION ( 'NONE',  ( 0.000000000000000000, -0.000000000000000000, -1.000000000000000000 ) ) ;
#1652 = AXIS2_PLACEMENT_3D ( 'NONE', #2267, #1148, #2679 ) ;
#1653 = ORIENTED_EDGE ( 'NONE', *, *, #435, .T. ) ;
#1654 = ADVANCED_FACE ( 'NONE', ( #1056 ), #1950, .F. ) ;
#1655 = EDGE_LOOP ( 'NONE', ( #2104, #2182, #122, #199 ) ) ;
#1656 = DIRECTION ( 'NONE',  ( 0.000000000000000000, 0.000000000000000000, 1.000000000000000000 ) ) ;
#1657 = CARTESIAN_POINT ( 'NONE',  ( 16.74264068711930875, 39.29289321881346098, 0.000000000000000000 ) ) ;
#1658 = CARTESIAN_POINT ( 'NONE',  ( 30.00000000000000711, -4.999999999999993783, 6.649999999999999467 ) ) ;
#1659 = ADVANCED_FACE ( 'NONE', ( #832 ), #2602, .T. ) ;
#1660 = CYLINDRICAL_SURFACE ( 'NONE', #1108, 1.499999999999999778 ) ;
#1661 = FACE_OUTER_BOUND ( 'NONE', #1879, .T. ) ;
#1662 = FACE_OUTER_BOUND ( 'NONE', #890, .T. ) ;
#1663 = EDGE_CURVE ( 'NONE', #1633, #1535, #2137, .T. ) ;
#1664 = DIRECTION ( 'NONE',  ( 0.6785983445458451113, -0.6785983445458489971, 0.2810846377148202846 ) ) ;
#1665 = DIRECTION ( 'NONE',  ( 1.000000000000000000, -2.674902700537822630E-30, -5.782411586589351722E-16 ) ) ;
#1666 = VERTEX_POINT ( 'NONE', #657 ) ;
#1667 = VERTEX_POINT ( 'NONE', #1523 ) ;
#1668 = DIRECTION ( 'NONE',  ( -0.000000000000000000, 1.000000000000000000, -0.000000000000000000 ) ) ;
#1669 = CARTESIAN_POINT ( 'NONE',  ( 33.50000000000000000, 50.00000000000000000, 19.00000000000000000 ) ) ;
#1670 = DIRECTION ( 'NONE',  ( 0.7071067811865479058, 0.000000000000000000, 0.7071067811865470176 ) ) ;
#1671 = AXIS2_PLACEMENT_3D ( 'NONE', #2231, #294, #1825 ) ;
#1672 = EDGE_CURVE ( 'NONE', #2174, #422, #1086, .T. ) ;
#1673 = DIRECTION ( 'NONE',  ( 0.000000000000000000, 0.000000000000000000, -1.000000000000000000 ) ) ;
#1674 = AXIS2_PLACEMENT_3D ( 'NONE', #2318, #1229, #2756 ) ;
#1675 = VECTOR ( 'NONE', #1555, 1000.000000000000000 ) ;
#1676 = ORIENTED_EDGE ( 'NONE', *, *, #2653, .F. ) ;
#1677 = EDGE_CURVE ( 'NONE', #810, #2351, #624, .T. ) ;
#1678 = FACE_OUTER_BOUND ( 'NONE', #2724, .T. ) ;
#1679 = DIRECTION ( 'NONE',  ( -0.000000000000000000, 1.000000000000000000, -0.000000000000000000 ) ) ;
#1680 = ORIENTED_EDGE ( 'NONE', *, *, #2786, .T. ) ;
#1681 = ORIENTED_EDGE ( 'NONE', *, *, #2302, .T. ) ;
#1682 = PRESENTATION_LAYER_ASSIGNMENT (  '', '', ( #1225 ) ) ;
#1683 = DIRECTION ( 'NONE',  ( -0.000000000000000000, -1.000000000000000000, -0.000000000000000000 ) ) ;
#1684 = CARTESIAN_POINT ( 'NONE',  ( 30.00000000000000711, -1.500000000000000000, 17.49999999999999645 ) ) ;
#1685 = AXIS2_PLACEMENT_3D ( 'NONE', #2471, #520, #1827 ) ;
#1686 = CARTESIAN_POINT ( 'NONE',  ( 3.621320343559647270, 1.499999999999999556, 13.50000000000003730 ) ) ;
#1687 = CARTESIAN_POINT ( 'NONE',  ( 31.50000000000000711, 48.50000000000000000, 20.00000000000000000 ) ) ;
#1688 = ORIENTED_EDGE ( 'NONE', *, *, #1549, .T. ) ;
#1689 = DIRECTION ( 'NONE',  ( -0.000000000000000000, -0.000000000000000000, 1.000000000000000000 ) ) ;
#1690 = FACE_OUTER_BOUND ( 'NONE', #1643, .T. ) ;
#1691 = ADVANCED_FACE ( 'NONE', ( #1391 ), #38, .T. ) ;
#1692 = EDGE_CURVE ( 'NONE', #1426, #2483, #2438, .T. ) ;
#1693 = AXIS2_PLACEMENT_3D ( 'NONE', #1546, #1532, #897 ) ;
#1694 = EDGE_LOOP ( 'NONE', ( #2377, #1251, #2813, #612 ) ) ;
#1695 = ORIENTED_EDGE ( 'NONE', *, *, #643, .T. ) ;
#1696 = AXIS2_PLACEMENT_3D ( 'NONE', #1230, #2083, #1017 ) ;
#1697 = CARTESIAN_POINT ( 'NONE',  ( 23.50000000000000355, 0.000000000000000000, 21.50000000000000000 ) ) ;
#1698 = DIRECTION ( 'NONE',  ( -0.000000000000000000, -0.000000000000000000, -1.000000000000000000 ) ) ;
#1699 = CARTESIAN_POINT ( 'NONE',  ( 1.499999999999998668, 36.37867965644034030, 12.62132034355968102 ) ) ;
#1700 = AXIS2_PLACEMENT_3D ( 'NONE', #1470, #2159, #2793 ) ;
#1701 = AXIS2_PLACEMENT_3D ( 'NONE', #1334, #1122, #47 ) ;
#1702 = CARTESIAN_POINT ( 'NONE',  ( 2.560660171779831629, 2.560660171779820082, 23.00000000000000000 ) ) ;
#1703 = ORIENTED_EDGE ( 'NONE', *, *, #744, .F. ) ;
#1704 = CARTESIAN_POINT ( 'NONE',  ( 0.000000000000000000, 36.37867965644034740, 21.50000000000000000 ) ) ;
#1705 = AXIS2_PLACEMENT_3D ( 'NONE', #1774, #2172, #18 ) ;
#1706 = FACE_OUTER_BOUND ( 'NONE', #2815, .T. ) ;
#1707 = ORIENTED_EDGE ( 'NONE', *, *, #2032, .T. ) ;
#1708 = ADVANCED_FACE ( 'NONE', ( #1177 ), #990, .T. ) ;
#1709 = ORIENTED_EDGE ( 'NONE', *, *, #874, .F. ) ;
#1710 = ORIENTED_EDGE ( 'NONE', *, *, #2085, .T. ) ;
#1711 = DIRECTION ( 'NONE',  ( 0.8164965809277257014, -0.5773502691896262862, 0.000000000000000000 ) ) ;
#1712 = CARTESIAN_POINT ( 'NONE',  ( 2.560660171779823191, 0.4393398282201814165, 23.00000000000000000 ) ) ;
#1713 = DIRECTION ( 'NONE',  ( -1.000000000000000000, 0.000000000000000000, -8.673617379884027583E-16 ) ) ;
#1714 = DIRECTION ( 'NONE',  ( 1.000000000000000000, 0.000000000000000000, 0.000000000000000000 ) ) ;
#1715 = VERTEX_POINT ( 'NONE', #2488 ) ;
#1716 = CIRCLE ( 'NONE', #2495, 3.000000000000002665 ) ;
#1717 = AXIS2_PLACEMENT_3D ( 'NONE', #893, #2633, #675 ) ;
#1718 = CIRCLE ( 'NONE', #537, 1.500000000000000000 ) ;
#1719 = LINE ( 'NONE', #2604, #1446 ) ;
#1720 = VECTOR ( 'NONE', #311, 1000.000000000000000 ) ;
#1721 = CIRCLE ( 'NONE', #1685, 1.500000000000001332 ) ;
#1722 = CARTESIAN_POINT ( 'NONE',  ( 10.00000000000000000, 10.00000000000000000, 22.50000000000000000 ) ) ;
#1723 = VERTEX_POINT ( 'NONE', #262 ) ;
#1724 = ORIENTED_EDGE ( 'NONE', *, *, #1593, .F. ) ;
#1725 = EDGE_LOOP ( 'NONE', ( #64, #2389, #1594, #837 ) ) ;
#1726 = DIRECTION ( 'NONE',  ( 0.000000000000000000, 1.000000000000000000, 0.000000000000000000 ) ) ;
#1727 = DIRECTION ( 'NONE',  ( -1.000000000000000000, 0.000000000000000000, -0.000000000000000000 ) ) ;
#1728 = DIRECTION ( 'NONE',  ( 0.000000000000000000, 1.000000000000000000, -0.000000000000000000 ) ) ;
#1729 = EDGE_CURVE ( 'NONE', #1633, #1755, #906, .T. ) ;
#1730 = COLOUR_RGB ( '',0.2980392156862745057, 0.2980392156862745057, 0.2980392156862745057 ) ;
#1731 = DIRECTION ( 'NONE',  ( -1.734723475976807686E-15, 4.625929269271486900E-15, 1.000000000000000000 ) ) ;
#1732 = ORIENTED_EDGE ( 'NONE', *, *, #2165, .T. ) ;
#1733 = CARTESIAN_POINT ( 'NONE',  ( 31.65000000000000568, -4.999999999999993783, 6.650000000000000355 ) ) ;
#1734 = ORIENTED_EDGE ( 'NONE', *, *, #62, .T. ) ;
#1735 = ORIENTED_EDGE ( 'NONE', *, *, #1234, .T. ) ;
#1736 = EDGE_LOOP ( 'NONE', ( #1250, #1891 ) ) ;
#1737 = FACE_OUTER_BOUND ( 'NONE', #1007, .T. ) ;
#1738 = CARTESIAN_POINT ( 'NONE',  ( 30.00000000000000711, -4.999999999999993783, 10.00000000000000000 ) ) ;
#1739 = APPLICATION_PROTOCOL_DEFINITION ( 'draft international standard', 'automotive_design', 1998, #2673 ) ;
#1740 = VECTOR ( 'NONE', #269, 999.9999999999998863 ) ;
#1741 = CARTESIAN_POINT ( 'NONE',  ( 1.500000000000000222, 3.621320343559656596, 12.62132034355968102 ) ) ;
#1742 = EDGE_CURVE ( 'NONE', #257, #1427, #1912, .T. ) ;
#1743 = ORIENTED_EDGE ( 'NONE', *, *, #1132, .F. ) ;
#1744 = AXIS2_PLACEMENT_3D ( 'NONE', #2303, #350, #589 ) ;
#1745 = FACE_OUTER_BOUND ( 'NONE', #924, .T. ) ;
#1746 = CARTESIAN_POINT ( 'NONE',  ( 3.621320343559647270, 1.500000000000000000, 13.50000000000003730 ) ) ;
#1747 = EDGE_CURVE ( 'NONE', #1293, #1057, #1716, .T. ) ;
#1748 = ORIENTED_EDGE ( 'NONE', *, *, #1063, .F. ) ;
#1749 = AXIS2_PLACEMENT_3D ( 'NONE', #1539, #455, #1993 ) ;
#1750 = LINE ( 'NONE', #255, #1894 ) ;
#1751 = UNCERTAINTY_MEASURE_WITH_UNIT (LENGTH_MEASURE( 1.000000000000000082E-05 ), #2494, 'distance_accuracy_value', 'NONE');
#1752 = ORIENTED_EDGE ( 'NONE', *, *, #929, .F. ) ;
#1753 = ORIENTED_EDGE ( 'NONE', *, *, #324, .T. ) ;
#1754 = VECTOR ( 'NONE', #2670, 999.9999999999998863 ) ;
#1755 = VERTEX_POINT ( 'NONE', #83 ) ;
#1756 = DIRECTION ( 'NONE',  ( -1.000000000000000000, 0.000000000000000000, 1.272130549049658483E-14 ) ) ;
#1757 = DIRECTION ( 'NONE',  ( -1.000000000000000000, -0.000000000000000000, -0.000000000000000000 ) ) ;
#1758 = CARTESIAN_POINT ( 'NONE',  ( 5.914213562373137556, 8.363961030678938258, 1.500000000000000000 ) ) ;
#1759 = CARTESIAN_POINT ( 'NONE',  ( 23.50000000000000355, 40.00000000000000000, 20.50000000000000000 ) ) ;
#1760 = VECTOR ( 'NONE', #73, 1000.000000000000000 ) ;
#1761 = ORIENTED_EDGE ( 'NONE', *, *, #42, .F. ) ;
#1762 = ADVANCED_FACE ( 'NONE', ( #2455 ), #2424, .T. ) ;
#1763 = CARTESIAN_POINT ( 'NONE',  ( 33.50000000000000000, -8.500000000000000000, 0.000000000000000000 ) ) ;
#1764 = VECTOR ( 'NONE', #1922, 1000.000000000000000 ) ;
#1765 = DIRECTION ( 'NONE',  ( 0.000000000000000000, -1.156482317317871725E-15, -1.000000000000000000 ) ) ;
#1766 = VERTEX_POINT ( 'NONE', #1373 ) ;
#1767 = AXIS2_PLACEMENT_3D ( 'NONE', #1323, #2228, #499 ) ;
#1768 = CARTESIAN_POINT ( 'NONE',  ( 15.62132034355964372, 1.500000000000000000, 1.500000000000001332 ) ) ;
#1769 = AXIS2_PLACEMENT_3D ( 'NONE', #2095, #140, #575 ) ;
#1770 = VERTEX_POINT ( 'NONE', #948 ) ;
#1771 = ORIENTED_EDGE ( 'NONE', *, *, #60, .F. ) ;
#1772 = ORIENTED_EDGE ( 'NONE', *, *, #2650, .F. ) ;
#1773 = DIRECTION ( 'NONE',  ( 0.000000000000000000, 0.000000000000000000, 1.000000000000000000 ) ) ;
#1774 = CARTESIAN_POINT ( 'NONE',  ( 1.499999999999999334, 36.37867965644034030, 12.62132034355968102 ) ) ;
#1775 = CARTESIAN_POINT ( 'NONE',  ( 0.000000000000000000, 38.50000000000000000, 21.50000000000000000 ) ) ;
#1776 = DIRECTION ( 'NONE',  ( 1.000000000000000000, 0.000000000000000000, 0.000000000000000000 ) ) ;
#1777 = EDGE_LOOP ( 'NONE', ( #1309, #2154, #3 ) ) ;
#1778 = DIRECTION ( 'NONE',  ( 0.000000000000000000, 0.000000000000000000, 1.000000000000000000 ) ) ;
#1779 = LINE ( 'NONE', #299, #1509 ) ;
#1780 = LINE ( 'NONE', #2236, #1064 ) ;
#1781 = ORIENTED_EDGE ( 'NONE', *, *, #2032, .F. ) ;
#1782 = EDGE_CURVE ( 'NONE', #2761, #862, #811, .T. ) ;
#1783 = DIRECTION ( 'NONE',  ( 0.000000000000000000, -1.156482317317871331E-15, -1.000000000000000000 ) ) ;
#1784 = EDGE_CURVE ( 'NONE', #1837, #2681, #86, .T. ) ;
#1785 = EDGE_CURVE ( 'NONE', #1770, #2115, #2219, .T. ) ;
#1786 = EDGE_LOOP ( 'NONE', ( #2063, #2164, #2226, #1710 ) ) ;
#1787 = EDGE_LOOP ( 'NONE', ( #1833, #2671, #1504, #2031 ) ) ;
#1788 = EDGE_LOOP ( 'NONE', ( #1292, #1210, #190, #867 ) ) ;
#1789 = DIRECTION ( 'NONE',  ( -1.000000000000000000, -0.000000000000000000, -0.000000000000000000 ) ) ;
#1790 = DIRECTION ( 'NONE',  ( 0.6785983445458485530, 0.6785983445458453334, 0.2810846377148206732 ) ) ;
#1791 = ADVANCED_FACE ( 'NONE', ( #279 ), #1145, .T. ) ;
#1792 =( NAMED_UNIT ( * ) PLANE_ANGLE_UNIT ( ) SI_UNIT ( $, .RADIAN. ) );
#1793 = DIRECTION ( 'NONE',  ( 0.000000000000000000, 0.000000000000000000, 1.000000000000000000 ) ) ;
#1794 = VERTEX_POINT ( 'NONE', #2024 ) ;
#1795 = AXIS2_PLACEMENT_3D ( 'NONE', #351, #1217, #1860 ) ;
#1796 = CARTESIAN_POINT ( 'NONE',  ( 15.62132034355964372, 0.000000000000000000, 1.500000000000001332 ) ) ;
#1797 = DIRECTION ( 'NONE',  ( -0.7071067811865464625, -7.320411277568172898E-15, 0.7071067811865486830 ) ) ;
#1798 = DIRECTION ( 'NONE',  ( -0.8164965809277269226, -0.5773502691896245098, 2.323194561277638291E-17 ) ) ;
#1799 = ORIENTED_EDGE ( 'NONE', *, *, #2290, .F. ) ;
#1800 = DIRECTION ( 'NONE',  ( 0.000000000000000000, 0.000000000000000000, 1.000000000000000000 ) ) ;
#1801 = EDGE_LOOP ( 'NONE', ( #1761, #1260, #1495, #1946 ) ) ;
#1802 = ADVANCED_FACE ( 'NONE', ( #1841 ), #71, .T. ) ;
#1803 = CIRCLE ( 'NONE', #1021, 3.350000000000000533 ) ;
#1804 = EDGE_LOOP ( 'NONE', ( #2445, #444, #1279, #2033 ) ) ;
#1805 = CYLINDRICAL_SURFACE ( 'NONE', #2136, 1.500000000000001332 ) ;
#1806 = DIRECTION ( 'NONE',  ( 1.000000000000000000, 0.000000000000000000, 0.000000000000000000 ) ) ;
#1807 = ORIENTED_EDGE ( 'NONE', *, *, #2548, .F. ) ;
#1808 = EDGE_CURVE ( 'NONE', #1770, #2486, #2469, .T. ) ;
#1809 = CARTESIAN_POINT ( 'NONE',  ( 0.000000000000000000, 1.500000000000000000, 1.500000000000001332 ) ) ;
#1810 = EDGE_LOOP ( 'NONE', ( #301, #2454, #930, #1967 ) ) ;
#1811 = DIRECTION ( 'NONE',  ( 0.000000000000000000, -0.000000000000000000, 1.000000000000000000 ) ) ;
#1812 = CARTESIAN_POINT ( 'NONE',  ( 30.00000000000000711, 45.00000000000000000, 11.70000000000000107 ) ) ;
#1813 = LINE ( 'NONE', #923, #2616 ) ;
#1814 = EDGE_LOOP ( 'NONE', ( #1071, #557, #1548, #75 ) ) ;
#1815 = LINE ( 'NONE', #2431, #2758 ) ;
#1816 = AXIS2_PLACEMENT_3D ( 'NONE', #123, #1683, #1226 ) ;
#1817 = ORIENTED_EDGE ( 'NONE', *, *, #2071, .F. ) ;
#1818 = AXIS2_PLACEMENT_3D ( 'NONE', #1005, #2561, #1263 ) ;
#1819 = AXIS2_PLACEMENT_3D ( 'NONE', #209, #1072, #1984 ) ;
#1820 = VECTOR ( 'NONE', #2396, 1000.000000000000000 ) ;
#1821 = VERTEX_POINT ( 'NONE', #753 ) ;
#1822 = CARTESIAN_POINT ( 'NONE',  ( 0.000000000000000000, 36.99999999999999289, 21.50000000000000000 ) ) ;
#1823 = DIRECTION ( 'NONE',  ( 0.000000000000000000, -0.000000000000000000, 1.000000000000000000 ) ) ;
#1824 = ORIENTED_EDGE ( 'NONE', *, *, #1063, .T. ) ;
#1825 = DIRECTION ( 'NONE',  ( 0.000000000000000000, 0.000000000000000000, 1.000000000000000000 ) ) ;
#1827 = DIRECTION ( 'NONE',  ( 0.000000000000000000, 0.000000000000000000, 1.000000000000000000 ) ) ;
#1826 = DIRECTION ( 'NONE',  ( 1.000000000000000000, 0.000000000000000000, 0.000000000000000000 ) ) ;
#1828 = EDGE_CURVE ( 'NONE', #1755, #862, #2046, .T. ) ;
#1829 = ADVANCED_FACE ( 'NONE', ( #1554 ), #2175, .T. ) ;
#1830 = CARTESIAN_POINT ( 'NONE',  ( 23.50000000000000355, 0.000000000000000000, 20.50000000000000000 ) ) ;
#1831 = DIRECTION ( 'NONE',  ( 0.000000000000000000, 8.673617379884027583E-16, -1.000000000000000000 ) ) ;
#1832 = CARTESIAN_POINT ( 'NONE',  ( 0.000000000000000000, 1.500000000000000000, 21.50000000000000000 ) ) ;
#1833 = ORIENTED_EDGE ( 'NONE', *, *, #1782, .T. ) ;
#1834 = CARTESIAN_POINT ( 'NONE',  ( 3.000000000000002665, 0.000000000000000000, 21.50000000000000000 ) ) ;
#1835 = VECTOR ( 'NONE', #743, 1000.000000000000000 ) ;
#1836 = CARTESIAN_POINT ( 'NONE',  ( 0.000000000000000000, 0.000000000000000000, 20.00000000000000000 ) ) ;
#1837 = VERTEX_POINT ( 'NONE', #1343 ) ;
#1838 = DIRECTION ( 'NONE',  ( 0.000000000000000000, 0.000000000000000000, 1.000000000000000000 ) ) ;
#1839 = CYLINDRICAL_SURFACE ( 'NONE', #1520, 1.500000000000000888 ) ;
#1840 = ORIENTED_EDGE ( 'NONE', *, *, #2359, .T. ) ;
#1841 = FACE_OUTER_BOUND ( 'NONE', #2223, .T. ) ;
#1843 = SURFACE_STYLE_FILL_AREA ( #2695 ) ;
#1842 = FACE_OUTER_BOUND ( 'NONE', #179, .T. ) ;
#1844 = EDGE_CURVE ( 'NONE', #1199, #433, #2300, .T. ) ;
#1845 = LINE ( 'NONE', #2265, #1760 ) ;
#1846 = AXIS2_PLACEMENT_3D ( 'NONE', #1887, #1665, #970 ) ;
#1847 = LINE ( 'NONE', #2443, #972 ) ;
#1848 = DIRECTION ( 'NONE',  ( -1.000000000000000000, -0.000000000000000000, -0.000000000000000000 ) ) ;
#1849 = VECTOR ( 'NONE', #558, 1000.000000000000000 ) ;
#1850 = ADVANCED_FACE ( 'NONE', ( #1636 ), #790, .T. ) ;
#1851 = CARTESIAN_POINT ( 'NONE',  ( 30.00000000000000711, 45.00000000000000000, 8.300000000000000711 ) ) ;
#1852 = CIRCLE ( 'NONE', #2472, 1.500000000000001332 ) ;
#1853 = CIRCLE ( 'NONE', #1106, 1.499999999999999556 ) ;
#1854 = AXIS2_PLACEMENT_3D ( 'NONE', #102, #740, #2441 ) ;
#1855 = EDGE_LOOP ( 'NONE', ( #1869, #555, #1908, #2285 ) ) ;
#1856 = DIRECTION ( 'NONE',  ( 0.000000000000000000, 0.000000000000000000, -1.000000000000000000 ) ) ;
#1857 = VERTEX_POINT ( 'NONE', #2287 ) ;
#1858 = CIRCLE ( 'NONE', #611, 1.500000000000000000 ) ;
#1859 = DIRECTION ( 'NONE',  ( 1.000000000000000000, 0.000000000000000000, 0.000000000000000000 ) ) ;
#1860 = DIRECTION ( 'NONE',  ( -1.000000000000000000, 0.000000000000000000, 0.000000000000000000 ) ) ;
#1861 = DIRECTION ( 'NONE',  ( -0.000000000000000000, -1.000000000000000000, -0.000000000000000000 ) ) ;
#1862 = CARTESIAN_POINT ( 'NONE',  ( 2.560660171779844951, 39.56066017177982275, 21.50000000000000000 ) ) ;
#1863 = FACE_OUTER_BOUND ( 'NONE', #649, .T. ) ;
#1864 = EDGE_CURVE ( 'NONE', #1959, #386, #37, .T. ) ;
#1865 = DIRECTION ( 'NONE',  ( 0.000000000000000000, 0.000000000000000000, 1.000000000000000000 ) ) ;
#1866 = EDGE_CURVE ( 'NONE', #2405, #826, #898, .T. ) ;
#1867 = ORIENTED_EDGE ( 'NONE', *, *, #780, .F. ) ;
#1868 = AXIS2_PLACEMENT_3D ( 'NONE', #781, #1407, #1001 ) ;
#1869 = ORIENTED_EDGE ( 'NONE', *, *, #556, .T. ) ;
#1870 = CIRCLE ( 'NONE', #2091, 1.500000000000000666 ) ;
#1871 = AXIS2_PLACEMENT_3D ( 'NONE', #617, #207, #1312 ) ;
#1872 = DIRECTION ( 'NONE',  ( -1.000000000000000000, 0.000000000000000000, 0.000000000000000000 ) ) ;
#1873 = DIRECTION ( 'NONE',  ( 0.000000000000000000, 1.000000000000000000, 0.000000000000000000 ) ) ;
#1874 = DIRECTION ( 'NONE',  ( -0.000000000000000000, -1.000000000000000000, -0.000000000000000000 ) ) ;
#1875 = DIRECTION ( 'NONE',  ( 0.000000000000000000, 0.000000000000000000, -1.000000000000000000 ) ) ;
#1876 = DIRECTION ( 'NONE',  ( 1.000000000000000000, 0.000000000000000000, 0.000000000000000000 ) ) ;
#1877 = CARTESIAN_POINT ( 'NONE',  ( 13.06066017177981742, 36.37867965644034030, 1.060660171779820748 ) ) ;
#1878 = EDGE_CURVE ( 'NONE', #453, #386, #2093, .T. ) ;
#1879 = EDGE_LOOP ( 'NONE', ( #239, #1067, #2364, #1161 ) ) ;
#1880 = ORIENTED_EDGE ( 'NONE', *, *, #1572, .T. ) ;
#1881 = EDGE_CURVE ( 'NONE', #1127, #2681, #2739, .T. ) ;
#1882 = SPHERICAL_SURFACE ( 'NONE', #2310, 1.500000000000000000 ) ;
#1883 = DIRECTION ( 'NONE',  ( 0.000000000000000000, -0.000000000000000000, 1.000000000000000000 ) ) ;
#1884 = PLANE ( 'NONE',  #1674 ) ;
#1885 = DIRECTION ( 'NONE',  ( 0.000000000000000000, 0.000000000000000000, -1.000000000000000000 ) ) ;
#1886 = FACE_BOUND ( 'NONE', #788, .T. ) ;
#1887 = CARTESIAN_POINT ( 'NONE',  ( 1.500000000000000000, 36.37867965644034030, 21.50000000000000000 ) ) ;
#1888 = AXIS2_PLACEMENT_3D ( 'NONE', #726, #1606, #2070 ) ;
#1889 = ORIENTED_EDGE ( 'NONE', *, *, #556, .F. ) ;
#1890 = ORIENTED_EDGE ( 'NONE', *, *, #1270, .T. ) ;
#1891 = ORIENTED_EDGE ( 'NONE', *, *, #1534, .F. ) ;
#1892 = ADVANCED_FACE ( 'NONE', ( #2514 ), #1882, .T. ) ;
#1893 = CIRCLE ( 'NONE', #1854, 1.500000000000001332 ) ;
#1894 = VECTOR ( 'NONE', #495, 1000.000000000000000 ) ;
#1895 = DIRECTION ( 'NONE',  ( 0.7071067811865454633, -0.7071067811865495711, 0.000000000000000000 ) ) ;
#1896 = CARTESIAN_POINT ( 'NONE',  ( 31.50000000000000711, 50.00000000000000000, 17.49999999999999645 ) ) ;
#1897 = CARTESIAN_POINT ( 'NONE',  ( 23.50000000000000355, 38.50000000000000000, 23.00000000000000000 ) ) ;
#1898 = ADVANCED_FACE ( 'NONE', ( #153 ), #1238, .T. ) ;
#1899 = VECTOR ( 'NONE', #1330, 1000.000000000000000 ) ;
#1900 = FACE_OUTER_BOUND ( 'NONE', #220, .T. ) ;
#1901 = DIRECTION ( 'NONE',  ( -1.000000000000000000, -0.000000000000000000, -0.000000000000000000 ) ) ;
#1902 = ORIENTED_EDGE ( 'NONE', *, *, #63, .F. ) ;
#1903 = AXIS2_PLACEMENT_3D ( 'NONE', #2723, #913, #2651 ) ;
#1904 = CYLINDRICAL_SURFACE ( 'NONE', #541, 3.350000000000000533 ) ;
#1905 = DIRECTION ( 'NONE',  ( 0.000000000000000000, 5.782411586589356653E-16, -1.000000000000000000 ) ) ;
#1906 = VECTOR ( 'NONE', #1861, 1000.000000000000000 ) ;
#1907 = ORIENTED_EDGE ( 'NONE', *, *, #8, .F. ) ;
#1908 = ORIENTED_EDGE ( 'NONE', *, *, #952, .F. ) ;
#1909 = DIRECTION ( 'NONE',  ( 0.000000000000000000, 0.000000000000000000, -1.000000000000000000 ) ) ;
#1910 = DIRECTION ( 'NONE',  ( -1.000000000000000000, -0.000000000000000000, -0.000000000000000000 ) ) ;
#1911 = CARTESIAN_POINT ( 'NONE',  ( 0.7499999999999974465, 37.43933982822017015, 11.87132034355968280 ) ) ;
#1912 = CIRCLE ( 'NONE', #2132, 5.249999999999997335 ) ;
#1913 = CIRCLE ( 'NONE', #901, 1.500000000000001332 ) ;
#1914 = AXIS2_PLACEMENT_3D ( 'NONE', #689, #445, #252 ) ;
#1915 = DIRECTION ( 'NONE',  ( 0.000000000000000000, 0.000000000000000000, 1.000000000000000000 ) ) ;
#1916 = EDGE_CURVE ( 'NONE', #2102, #136, #1441, .T. ) ;
#1917 = ORIENTED_EDGE ( 'NONE', *, *, #2693, .F. ) ;
#1918 = FACE_OUTER_BOUND ( 'NONE', #256, .T. ) ;
#1919 = DIRECTION ( 'NONE',  ( -0.000000000000000000, -0.000000000000000000, 1.000000000000000000 ) ) ;
#1920 = ORIENTED_EDGE ( 'NONE', *, *, #1306, .F. ) ;
#1921 = ORIENTED_EDGE ( 'NONE', *, *, #2324, .F. ) ;
#1922 = DIRECTION ( 'NONE',  ( 0.7071067811865463515, 5.551115123125782702E-17, -0.7071067811865487940 ) ) ;
#1923 = CARTESIAN_POINT ( 'NONE',  ( 30.00000000000000711, 40.00000000000000000, 1.500000000000000000 ) ) ;
#1924 = LINE ( 'NONE', #427, #1382 ) ;
#1925 = DIRECTION ( 'NONE',  ( 0.000000000000000000, 0.000000000000000000, -1.000000000000000000 ) ) ;
#1926 = ORIENTED_EDGE ( 'NONE', *, *, #804, .F. ) ;
#1927 = CARTESIAN_POINT ( 'NONE',  ( 25.00000000000000355, 38.50000000000000000, 21.50000000000000000 ) ) ;
#1928 = CARTESIAN_POINT ( 'NONE',  ( 15.99264068711927678, -0.3535533905932733978, 0.7499999999999990008 ) ) ;
#1929 = EDGE_CURVE ( 'NONE', #1667, #2778, #215, .T. ) ;
#1930 = AXIS2_PLACEMENT_3D ( 'NONE', #776, #1612, #130 ) ;
#1931 = EDGE_LOOP ( 'NONE', ( #652, #65 ) ) ;
#1932 = CIRCLE ( 'NONE', #694, 1.499999999999999778 ) ;
#1933 = DIRECTION ( 'NONE',  ( -0.2886751345948133651, -0.4082482904638631283, 0.8660254037844384856 ) ) ;
#1934 = LINE ( 'NONE', #2146, #1754 ) ;
#1935 = CARTESIAN_POINT ( 'NONE',  ( 23.50000000000000355, 38.50000000000000000, 21.50000000000000000 ) ) ;
#1936 = VECTOR ( 'NONE', #2544, 1000.000000000000000 ) ;
#1937 = CARTESIAN_POINT ( 'NONE',  ( 30.00000000000000711, -4.999999999999993783, 10.00000000000000000 ) ) ;
#1938 = ORIENTED_EDGE ( 'NONE', *, *, #640, .T. ) ;
#1939 = CARTESIAN_POINT ( 'NONE',  ( 13.06066017177981919, 3.621320343559655708, 1.060660171779819638 ) ) ;
#1940 = AXIS2_PLACEMENT_3D ( 'NONE', #2400, #270, #894 ) ;
#1941 = LINE ( 'NONE', #2605, #1264 ) ;
#1942 = ORIENTED_EDGE ( 'NONE', *, *, #912, .T. ) ;
#1943 = EDGE_CURVE ( 'NONE', #1794, #1715, #398, .T. ) ;
#1944 = EDGE_CURVE ( 'NONE', #284, #2277, #2271, .T. ) ;
#1945 = EDGE_CURVE ( 'NONE', #2261, #2143, #2279, .T. ) ;
#1946 = ORIENTED_EDGE ( 'NONE', *, *, #1154, .F. ) ;
#1947 = ORIENTED_EDGE ( 'NONE', *, *, #929, .T. ) ;
#1948 = CARTESIAN_POINT ( 'NONE',  ( 30.00000000000000711, 41.50000000000000000, 1.500000000000000000 ) ) ;
#1949 = CARTESIAN_POINT ( 'NONE',  ( 31.50000000000000711, -8.500000000000000000, 19.00000000000000000 ) ) ;
#1950 = CYLINDRICAL_SURFACE ( 'NONE', #539, 1.700000000000000178 ) ;
#1951 = ORIENTED_EDGE ( 'NONE', *, *, #2718, .T. ) ;
#1952 = AXIS2_PLACEMENT_3D ( 'NONE', #2245, #2659, #1359 ) ;
#1953 = ADVANCED_BREP_SHAPE_REPRESENTATION ( 'door magnet holder', ( #50, #752 ), #2075 ) ;
#1954 = AXIS2_PLACEMENT_3D ( 'NONE', #413, #1726, #203 ) ;
#1955 = DIRECTION ( 'NONE',  ( 0.000000000000000000, 0.000000000000000000, -1.000000000000000000 ) ) ;
#1956 = CIRCLE ( 'NONE', #177, 5.249999999999997335 ) ;
#1957 = CARTESIAN_POINT ( 'NONE',  ( 4.750000000000002665, 30.00000000000000000, 10.30000000000000071 ) ) ;
#1958 = ORIENTED_EDGE ( 'NONE', *, *, #46, .T. ) ;
#1959 = VERTEX_POINT ( 'NONE', #1188 ) ;
#1960 = VERTEX_POINT ( 'NONE', #2064 ) ;
#1961 = EDGE_CURVE ( 'NONE', #2803, #1995, #1530, .T. ) ;
#1962 = ADVANCED_FACE ( 'NONE', ( #768, #348 ), #2762, .T. ) ;
#1963 = CARTESIAN_POINT ( 'NONE',  ( 11.87132034355963306, 37.43933982822017015, 0.7500000000000057732 ) ) ;
#1964 = DIRECTION ( 'NONE',  ( -1.000000000000000000, 0.000000000000000000, -0.000000000000000000 ) ) ;
#1965 = CIRCLE ( 'NONE', #731, 3.349999999999998757 ) ;
#1966 = CARTESIAN_POINT ( 'NONE',  ( 35.00000000000000000, 48.50000000000000000, 19.00000000000000000 ) ) ;
#1967 = ORIENTED_EDGE ( 'NONE', *, *, #63, .T. ) ;
#1968 = CARTESIAN_POINT ( 'NONE',  ( 1.500000000000000000, 3.621320343559656596, 21.50000000000000000 ) ) ;
#1969 = DIRECTION ( 'NONE',  ( 0.000000000000000000, 0.000000000000000000, -1.000000000000000000 ) ) ;
#1970 = ORIENTED_EDGE ( 'NONE', *, *, #1627, .T. ) ;
#1971 = EDGE_LOOP ( 'NONE', ( #178, #1365, #278 ) ) ;
#1972 = ORIENTED_EDGE ( 'NONE', *, *, #1808, .F. ) ;
#1973 = CIRCLE ( 'NONE', #245, 1.500000000000001332 ) ;
#1974 = DIRECTION ( 'NONE',  ( 1.000000000000000000, 0.000000000000000000, 0.000000000000000000 ) ) ;
#1975 = CARTESIAN_POINT ( 'NONE',  ( -1.878679656440332524, 0.000000000000000000, 18.12132034355967392 ) ) ;
#1976 = EDGE_CURVE ( 'NONE', #2102, #1293, #852, .T. ) ;
#1977 = CIRCLE ( 'NONE', #1425, 1.500000000000001332 ) ;
#1978 = CIRCLE ( 'NONE', #241, 1.500000000000001332 ) ;
#1979 = CARTESIAN_POINT ( 'NONE',  ( 30.00000000000000711, 45.00000000000000000, 10.00000000000000000 ) ) ;
#1980 = EDGE_LOOP ( 'NONE', ( #1921, #478, #1989 ) ) ;
#1981 = EDGE_CURVE ( 'NONE', #494, #1667, #622, .T. ) ;
#1982 = VECTOR ( 'NONE', #1289, 1000.000000000000000 ) ;
#1983 = CIRCLE ( 'NONE', #247, 1.700000000000000178 ) ;
#1984 = DIRECTION ( 'NONE',  ( -1.000000000000000000, 0.000000000000000000, 0.000000000000000000 ) ) ;
#1985 = CARTESIAN_POINT ( 'NONE',  ( 31.50000000000000711, -8.500000000000000000, 0.000000000000000000 ) ) ;
#1986 = ORIENTED_EDGE ( 'NONE', *, *, #1420, .F. ) ;
#1987 = AXIS2_PLACEMENT_3D ( 'NONE', #1746, #2680, #1765 ) ;
#1988 = CARTESIAN_POINT ( 'NONE',  ( 26.50000000000000711, 1.500000000000000000, 19.00000000000000000 ) ) ;
#1989 = ORIENTED_EDGE ( 'NONE', *, *, #2463, .F. ) ;
#1990 = EDGE_LOOP ( 'NONE', ( #1093, #2286, #48, #2417 ) ) ;
#1991 = EDGE_LOOP ( 'NONE', ( #1942, #423, #55, #465 ) ) ;
#1992 = DIRECTION ( 'NONE',  ( -0.000000000000000000, -1.000000000000000000, 0.000000000000000000 ) ) ;
#1993 = DIRECTION ( 'NONE',  ( 0.000000000000000000, 0.000000000000000000, -1.000000000000000000 ) ) ;
#1994 = DIRECTION ( 'NONE',  ( -1.000000000000000000, 0.000000000000000000, 0.000000000000000000 ) ) ;
#1995 = VERTEX_POINT ( 'NONE', #827 ) ;
#1996 = ADVANCED_FACE ( 'NONE', ( #228 ), #1268, .T. ) ;
#1997 = DIRECTION ( 'NONE',  ( -0.5773502691896164052, 0.8164965809277325848, 0.000000000000000000 ) ) ;
#1998 = ADVANCED_FACE ( 'NONE', ( #1737 ), #17, .T. ) ;
#1999 = AXIS2_PLACEMENT_3D ( 'NONE', #1162, #2692, #962 ) ;
#2000 = LINE ( 'NONE', #1316, #2256 ) ;
#2001 = ORIENTED_EDGE ( 'NONE', *, *, #2766, .T. ) ;
#2002 = VECTOR ( 'NONE', #2642, 1000.000000000000000 ) ;
#2003 = AXIS2_PLACEMENT_3D ( 'NONE', #443, #2574, #2809 ) ;
#2004 = DIRECTION ( 'NONE',  ( -0.8164965809277242581, -0.5773502691896285066, -9.118618449705784203E-15 ) ) ;
#2005 = ORIENTED_EDGE ( 'NONE', *, *, #2140, .T. ) ;
#2006 = ORIENTED_EDGE ( 'NONE', *, *, #1632, .T. ) ;
#2007 = VERTEX_POINT ( 'NONE', #1963 ) ;
#2008 = FACE_OUTER_BOUND ( 'NONE', #2297, .T. ) ;
#2009 = FACE_OUTER_BOUND ( 'NONE', #2155, .T. ) ;
#2010 = CARTESIAN_POINT ( 'NONE',  ( 30.00000000000000711, -10.00000000000000000, 17.49999999999999645 ) ) ;
#2011 = DIRECTION ( 'NONE',  ( 0.000000000000000000, 0.000000000000000000, 1.000000000000000000 ) ) ;
#2012 = DIRECTION ( 'NONE',  ( 1.000000000000000000, 0.000000000000000000, 0.000000000000000000 ) ) ;
#2013 = CARTESIAN_POINT ( 'NONE',  ( 23.50000000000000355, 1.500000000000001332, 21.50000000000000000 ) ) ;
#2014 = CARTESIAN_POINT ( 'NONE',  ( 31.50000000000000711, -1.500000000000000000, 19.00000000000000000 ) ) ;
#2015 = ORIENTED_EDGE ( 'NONE', *, *, #82, .T. ) ;
#2016 = EDGE_CURVE ( 'NONE', #2366, #1667, #354, .T. ) ;
#2017 = DIRECTION ( 'NONE',  ( 0.000000000000000000, 0.000000000000000000, 1.000000000000000000 ) ) ;
#2018 = EDGE_CURVE ( 'NONE', #2078, #720, #1303, .T. ) ;
#2019 = ORIENTED_EDGE ( 'NONE', *, *, #2359, .F. ) ;
#2020 = ORIENTED_EDGE ( 'NONE', *, *, #1944, .T. ) ;
#2021 = FACE_OUTER_BOUND ( 'NONE', #674, .T. ) ;
#2022 = DIRECTION ( 'NONE',  ( -1.000000000000000000, 0.000000000000000000, -0.000000000000000000 ) ) ;
#2023 = EDGE_LOOP ( 'NONE', ( #633, #2029, #702 ) ) ;
#2024 = CARTESIAN_POINT ( 'NONE',  ( 28.50000000000000355, 0.000000000000000000, 1.500000000000001332 ) ) ;
#2025 = ORIENTED_EDGE ( 'NONE', *, *, #1878, .F. ) ;
#2026 = CIRCLE ( 'NONE', #2710, 1.699999999999998401 ) ;
#2027 = DIRECTION ( 'NONE',  ( -1.000000000000000000, 0.000000000000000000, 0.000000000000000000 ) ) ;
#2028 = DIRECTION ( 'NONE',  ( -0.000000000000000000, 0.000000000000000000, 1.000000000000000000 ) ) ;
#2029 = ORIENTED_EDGE ( 'NONE', *, *, #152, .T. ) ;
#2030 = LINE ( 'NONE', #2402, #297 ) ;
#2031 = ORIENTED_EDGE ( 'NONE', *, *, #2636, .F. ) ;
#2032 = EDGE_CURVE ( 'NONE', #1666, #2169, #628, .T. ) ;
#2033 = ORIENTED_EDGE ( 'NONE', *, *, #1729, .F. ) ;
#2034 = DIRECTION ( 'NONE',  ( -0.000000000000000000, 0.000000000000000000, 1.000000000000000000 ) ) ;
#2035 = CARTESIAN_POINT ( 'NONE',  ( 31.50000000000000711, 48.50000000000000000, 17.49999999999999645 ) ) ;
#2036 = EDGE_LOOP ( 'NONE', ( #2554, #2, #374, #728 ) ) ;
#2037 = AXIS2_PLACEMENT_3D ( 'NONE', #750, #1823, #515 ) ;
#2038 = DIRECTION ( 'NONE',  ( 0.8164965809277270337, 0.5773502691896245098, 0.000000000000000000 ) ) ;
#2039 = CARTESIAN_POINT ( 'NONE',  ( 1.500000000000000000, 0.000000000000000000, 23.00000000000000000 ) ) ;
#2040 = CARTESIAN_POINT ( 'NONE',  ( 31.65000000000000568, -4.999999999999993783, 10.00000000000000000 ) ) ;
#2041 = CARTESIAN_POINT ( 'NONE',  ( 28.50000000000000355, -1.500000000000000000, 1.500000000000001332 ) ) ;
#2042 = CARTESIAN_POINT ( 'NONE',  ( 25.00000000000000355, 40.00000000000000000, 23.00000000000000000 ) ) ;
#2043 = EDGE_LOOP ( 'NONE', ( #1771, #899, #1144, #1231, #211 ) ) ;
#2044 = DIRECTION ( 'NONE',  ( 1.000000000000000000, 0.000000000000000000, 0.000000000000000000 ) ) ;
#2045 = DIRECTION ( 'NONE',  ( -1.000000000000000000, -0.000000000000000000, -0.000000000000000000 ) ) ;
#2046 = CIRCLE ( 'NONE', #2731, 1.500000000000001332 ) ;
#2047 = AXIS2_PLACEMENT_3D ( 'NONE', #1450, #2534, #580 ) ;
#2048 = ORIENTED_EDGE ( 'NONE', *, *, #2336, .T. ) ;
#2049 = LINE ( 'NONE', #259, #2002 ) ;
#2050 = LINE ( 'NONE', #1185, #2613 ) ;
#2051 = VERTEX_POINT ( 'NONE', #4 ) ;
#2052 = EDGE_CURVE ( 'NONE', #494, #1501, #2145, .T. ) ;
#2053 = CARTESIAN_POINT ( 'NONE',  ( 28.50000000000000355, 41.50000000000000000, 17.49999999999999645 ) ) ;
#2054 = CARTESIAN_POINT ( 'NONE',  ( 31.50000000000000711, 0.000000000000000000, 17.49999999999999645 ) ) ;
#2055 = ADVANCED_FACE ( 'NONE', ( #2570 ), #1310, .T. ) ;
#2056 = DIRECTION ( 'NONE',  ( 0.000000000000000000, -0.000000000000000000, 1.000000000000000000 ) ) ;
#2057 = CARTESIAN_POINT ( 'NONE',  ( 0.4393398282201763649, 2.560660171779837846, 12.62132034355968102 ) ) ;
#2058 = DIRECTION ( 'NONE',  ( 1.000000000000000000, -0.000000000000000000, 0.000000000000000000 ) ) ;
#2059 = FACE_OUTER_BOUND ( 'NONE', #412, .T. ) ;
#2060 = DIRECTION ( 'NONE',  ( 2.602085213965208275E-15, 1.000000000000000000, 1.156482317317870344E-15 ) ) ;
#2061 = EDGE_LOOP ( 'NONE', ( #2275, #1349, #33, #2524 ) ) ;
#2062 = CARTESIAN_POINT ( 'NONE',  ( 1.500000000000000000, 36.37867965644034740, 20.00000000000000000 ) ) ;
#2063 = ORIENTED_EDGE ( 'NONE', *, *, #840, .F. ) ;
#2064 = CARTESIAN_POINT ( 'NONE',  ( 1.500000000000000000, 36.37867965644034740, 23.00000000000000000 ) ) ;
#2065 = EDGE_CURVE ( 'NONE', #1633, #453, #2631, .T. ) ;
#2067 = CARTESIAN_POINT ( 'NONE',  ( 30.00000000000000711, 45.00000000000000000, 10.00000000000000000 ) ) ;
#2066 = DIRECTION ( 'NONE',  ( 0.000000000000000000, 1.000000000000000000, 0.000000000000000000 ) ) ;
#2068 = FACE_OUTER_BOUND ( 'NONE', #2432, .T. ) ;
#2069 = AXIS2_PLACEMENT_3D ( 'NONE', #2720, #370, #2060 ) ;
#2070 = DIRECTION ( 'NONE',  ( 0.000000000000000000, 0.000000000000000000, 1.000000000000000000 ) ) ;
#2071 = EDGE_CURVE ( 'NONE', #79, #2192, #176, .T. ) ;
#2072 = DIRECTION ( 'NONE',  ( -1.000000000000000000, -0.000000000000000000, -0.000000000000000000 ) ) ;
#2073 = CIRCLE ( 'NONE', #831, 1.700000000000000178 ) ;
#2074 = DIRECTION ( 'NONE',  ( 0.000000000000000000, -0.000000000000000000, 1.000000000000000000 ) ) ;
#2075 =( GEOMETRIC_REPRESENTATION_CONTEXT ( 3 ) GLOBAL_UNCERTAINTY_ASSIGNED_CONTEXT ( ( #237 ) ) GLOBAL_UNIT_ASSIGNED_CONTEXT ( ( #1585, #1792, #1341 ) ) REPRESENTATION_CONTEXT ( 'NONE', 'WORKASPACE' ) );
#2076 = CIRCLE ( 'NONE', #838, 3.350000000000000533 ) ;
#2077 = ORIENTED_EDGE ( 'NONE', *, *, #2582, .F. ) ;
#2078 = VERTEX_POINT ( 'NONE', #2380 ) ;
#2079 = VECTOR ( 'NONE', #887, 1000.000000000000000 ) ;
#2080 = DIRECTION ( 'NONE',  ( -0.000000000000000000, -1.000000000000000000, -0.000000000000000000 ) ) ;
#2081 = LINE ( 'NONE', #2470, #1380 ) ;
#2082 = DIRECTION ( 'NONE',  ( -0.000000000000000000, -0.000000000000000000, 1.000000000000000000 ) ) ;
#2083 = DIRECTION ( 'NONE',  ( 0.000000000000000000, 0.000000000000000000, -1.000000000000000000 ) ) ;
#2084 = DIRECTION ( 'NONE',  ( -1.000000000000000000, 0.000000000000000000, -0.000000000000000000 ) ) ;
#2085 = EDGE_CURVE ( 'NONE', #2778, #712, #2313, .T. ) ;
#2086 = CARTESIAN_POINT ( 'NONE',  ( 0.000000000000000000, -10.00000000000000000, 20.00000000000000000 ) ) ;
#2087 = ADVANCED_FACE ( 'NONE', ( #1281 ), #844, .T. ) ;
#2088 = VERTEX_POINT ( 'NONE', #2585 ) ;
#2089 = ORIENTED_EDGE ( 'NONE', *, *, #723, .F. ) ;
#2090 = VECTOR ( 'NONE', #2634, 1000.000000000000000 ) ;
#2091 = AXIS2_PLACEMENT_3D ( 'NONE', #1412, #1591, #2249 ) ;
#2092 = AXIS2_PLACEMENT_3D ( 'NONE', #824, #210, #432 ) ;
#2093 = LINE ( 'NONE', #1646, #1174 ) ;
#2094 = DIRECTION ( 'NONE',  ( 0.000000000000000000, 0.000000000000000000, -1.000000000000000000 ) ) ;
#2095 = CARTESIAN_POINT ( 'NONE',  ( 10.00000000000000000, 30.00000000000000000, 10.30000000000000071 ) ) ;
#2096 = CARTESIAN_POINT ( 'NONE',  ( 15.24999999999999822, 30.00000000000000000, 22.50000000000000000 ) ) ;
#2097 = CARTESIAN_POINT ( 'NONE',  ( 15.62132034355964372, 1.500000000000000000, 1.500000000000000000 ) ) ;
#2098 = CYLINDRICAL_SURFACE ( 'NONE', #2779, 1.499999999999999778 ) ;
#2099 = LINE ( 'NONE', #2701, #830 ) ;
#2100 = ADVANCED_FACE ( 'NONE', ( #1496 ), #2367, .T. ) ;
#2101 = CIRCLE ( 'NONE', #1, 1.500000000000000000 ) ;
#2102 = VERTEX_POINT ( 'NONE', #1948 ) ;
#2103 = ADVANCED_FACE ( 'NONE', ( #2817 ), #858, .T. ) ;
#2104 = ORIENTED_EDGE ( 'NONE', *, *, #1866, .F. ) ;
#2105 = ORIENTED_EDGE ( 'NONE', *, *, #2783, .T. ) ;
#2106 = DIRECTION ( 'NONE',  ( 0.000000000000000000, 0.000000000000000000, 1.000000000000000000 ) ) ;
#2107 = DIRECTION ( 'NONE',  ( 0.000000000000000000, -1.000000000000000000, 0.000000000000000000 ) ) ;
#2108 = DIRECTION ( 'NONE',  ( -8.673617379884028570E-16, -0.000000000000000000, 1.000000000000000000 ) ) ;
#2109 = CARTESIAN_POINT ( 'NONE',  ( 28.50000000000000355, 40.00000000000000000, 0.000000000000000000 ) ) ;
#2110 = DIRECTION ( 'NONE',  ( -1.000000000000000000, -0.000000000000000000, -0.000000000000000000 ) ) ;
#2111 = ORIENTED_EDGE ( 'NONE', *, *, #2516, .T. ) ;
#2112 = DIRECTION ( 'NONE',  ( 0.7071067811865485719, 0.000000000000000000, 0.7071067811865465735 ) ) ;
#2113 = LINE ( 'NONE', #1851, #1613 ) ;
#2114 = AXIS2_PLACEMENT_3D ( 'NONE', #1031, #1915, #116 ) ;
#2115 = VERTEX_POINT ( 'NONE', #425 ) ;
#2116 = ORIENTED_EDGE ( 'NONE', *, *, #1153, .F. ) ;
#2117 = CIRCLE ( 'NONE', #2478, 1.500000000000001332 ) ;
#2118 = ADVANCED_FACE ( 'NONE', ( #1295 ), #2171, .T. ) ;
#2119 = AXIS2_PLACEMENT_3D ( 'NONE', #2448, #2045, #1800 ) ;
#2120 = CARTESIAN_POINT ( 'NONE',  ( 0.000000000000000000, 0.000000000000000000, 21.50000000000000000 ) ) ;
#2121 = CYLINDRICAL_SURFACE ( 'NONE', #2573, 3.349999999999998757 ) ;
#2122 = CARTESIAN_POINT ( 'NONE',  ( 31.50000000000000711, 48.50000000000000000, 1.500000000000000000 ) ) ;
#2123 = VECTOR ( 'NONE', #2475, 1000.000000000000000 ) ;
#2124 = DIRECTION ( 'NONE',  ( 0.000000000000000000, -1.000000000000000000, 0.000000000000000000 ) ) ;
#2125 = ORIENTED_EDGE ( 'NONE', *, *, #287, .F. ) ;
#2126 = AXIS2_PLACEMENT_3D ( 'NONE', #1371, #308, #96 ) ;
#2127 = CARTESIAN_POINT ( 'NONE',  ( 35.00000000000000000, -8.500000000000000000, 1.500000000000001332 ) ) ;
#2128 = LINE ( 'NONE', #865, #2499 ) ;
#2129 = AXIS2_PLACEMENT_3D ( 'NONE', #281, #2713, #2027 ) ;
#2130 = ORIENTED_EDGE ( 'NONE', *, *, #1916, .T. ) ;
#2131 = ORIENTED_EDGE ( 'NONE', *, *, #963, .T. ) ;
#2132 = AXIS2_PLACEMENT_3D ( 'NONE', #704, #1793, #1776 ) ;
#2133 = DIRECTION ( 'NONE',  ( -1.000000000000000000, 0.000000000000000000, 0.000000000000000000 ) ) ;
#2134 = CARTESIAN_POINT ( 'NONE',  ( 30.00000000000000711, -8.500000000000000000, 17.49999999999999645 ) ) ;
#2135 = ADVANCED_FACE ( 'NONE', ( #2008 ), #2242, .T. ) ;
#2136 = AXIS2_PLACEMENT_3D ( 'NONE', #2420, #2669, #1356 ) ;
#2137 = CIRCLE ( 'NONE', #774, 1.500000000000001332 ) ;
#2138 = CARTESIAN_POINT ( 'NONE',  ( 0.4393398282201764204, 2.560660171779837846, 21.50000000000000000 ) ) ;
#2139 = ORIENTED_EDGE ( 'NONE', *, *, #1208, .T. ) ;
#2140 = EDGE_CURVE ( 'NONE', #466, #1057, #307, .T. ) ;
#2141 = CARTESIAN_POINT ( 'NONE',  ( 15.62132034355964727, 38.50000000000000000, 0.000000000000000000 ) ) ;
#2142 = DIRECTION ( 'NONE',  ( -1.000000000000000000, 0.000000000000000000, 0.000000000000000000 ) ) ;
#2143 = VERTEX_POINT ( 'NONE', #276 ) ;
#2144 = ORIENTED_EDGE ( 'NONE', *, *, #435, .F. ) ;
#2145 = LINE ( 'NONE', #1253, #314 ) ;
#2146 = CARTESIAN_POINT ( 'NONE',  ( 1.442147311440912016, 38.44214731144089825, 13.03669680355893767 ) ) ;
#2147 = SPHERICAL_SURFACE ( 'NONE', #2422, 1.500000000000000000 ) ;
#2148 = EDGE_CURVE ( 'NONE', #1479, #2654, #2049, .T. ) ;
#2149 = DIRECTION ( 'NONE',  ( -4.625929269271487689E-15, -1.000000000000000000, 4.625929269271504255E-15 ) ) ;
#2150 = ORIENTED_EDGE ( 'NONE', *, *, #579, .F. ) ;
#2151 = ADVANCED_FACE ( 'NONE', ( #931 ), #1805, .F. ) ;
#2152 = DIRECTION ( 'NONE',  ( 1.000000000000000000, 0.000000000000000000, -0.000000000000000000 ) ) ;
#2153 = CYLINDRICAL_SURFACE ( 'NONE', #2776, 1.499999999999999556 ) ;
#2154 = ORIENTED_EDGE ( 'NONE', *, *, #1273, .T. ) ;
#2155 = EDGE_LOOP ( 'NONE', ( #1478, #1024, #2361, #1537 ) ) ;
#2156 = ORIENTED_EDGE ( 'NONE', *, *, #2085, .F. ) ;
#2157 = AXIS2_PLACEMENT_3D ( 'NONE', #2301, #1189, #1603 ) ;
#2158 = LINE ( 'NONE', #204, #2621 ) ;
#2159 = DIRECTION ( 'NONE',  ( 0.000000000000000000, 0.000000000000000000, 1.000000000000000000 ) ) ;
#2160 = DIRECTION ( 'NONE',  ( 0.000000000000000000, 0.000000000000000000, -1.000000000000000000 ) ) ;
#2161 = EDGE_LOOP ( 'NONE', ( #843, #2130, #935, #292 ) ) ;
#2162 = SPHERICAL_SURFACE ( 'NONE', #2274, 1.500000000000000000 ) ;
#2163 = DIRECTION ( 'NONE',  ( -1.000000000000000000, -0.000000000000000000, -0.000000000000000000 ) ) ;
#2164 = ORIENTED_EDGE ( 'NONE', *, *, #2016, .T. ) ;
#2165 = EDGE_CURVE ( 'NONE', #77, #1290, #623, .T. ) ;
#2166 = ADVANCED_FACE ( 'NONE', ( #2021 ), #1262, .T. ) ;
#2167 = AXIS2_PLACEMENT_3D ( 'NONE', #1069, #656, #904 ) ;
#2168 = ADVANCED_FACE ( 'NONE', ( #514 ), #1370, .T. ) ;
#2169 = VERTEX_POINT ( 'NONE', #1171 ) ;
#2170 = ORIENTED_EDGE ( 'NONE', *, *, #1400, .T. ) ;
#2171 = CYLINDRICAL_SURFACE ( 'NONE', #358, 1.500000000000000000 ) ;
#2172 = DIRECTION ( 'NONE',  ( -4.625929269271487689E-15, -1.000000000000000000, 4.625929269271504255E-15 ) ) ;
#2173 = DIRECTION ( 'NONE',  ( -1.000000000000000000, -0.000000000000000000, 0.000000000000000000 ) ) ;
#2174 = VERTEX_POINT ( 'NONE', #733 ) ;
#2175 = TOROIDAL_SURFACE ( 'NONE', #261, 3.000000000000000000, 1.500000000000000000 ) ;
#2176 = AXIS2_PLACEMENT_3D ( 'NONE', #1133, #2387, #1502 ) ;
#2177 = CARTESIAN_POINT ( 'NONE',  ( 15.62132034355964727, 38.50000000000000000, 1.500000000000000000 ) ) ;
#2178 = DIRECTION ( 'NONE',  ( 0.000000000000000000, 0.000000000000000000, 1.000000000000000000 ) ) ;
#2179 = ORIENTED_EDGE ( 'NONE', *, *, #809, .T. ) ;
#2180 = EDGE_CURVE ( 'NONE', #1501, #2406, #95, .T. ) ;
#2181 = VERTEX_POINT ( 'NONE', #714 ) ;
#2182 = ORIENTED_EDGE ( 'NONE', *, *, #888, .T. ) ;
#2183 = EDGE_CURVE ( 'NONE', #2654, #466, #2820, .T. ) ;
#2184 = DIRECTION ( 'NONE',  ( 0.000000000000000000, 0.000000000000000000, 1.000000000000000000 ) ) ;
#2185 = CARTESIAN_POINT ( 'NONE',  ( 3.000000000000002665, 0.000000000000000000, 21.50000000000000000 ) ) ;
#2186 = DIRECTION ( 'NONE',  ( -1.000000000000000000, -0.000000000000000000, -0.000000000000000000 ) ) ;
#2187 = LINE ( 'NONE', #1313, #1675 ) ;
#2188 = CARTESIAN_POINT ( 'NONE',  ( 0.4393398282201846361, 37.43933982822017725, 12.62132034355968280 ) ) ;
#2189 = DIRECTION ( 'NONE',  ( 0.000000000000000000, 0.000000000000000000, 1.000000000000000000 ) ) ;
#2190 = EDGE_LOOP ( 'NONE', ( #213, #347, #2736 ) ) ;
#2191 = CARTESIAN_POINT ( 'NONE',  ( 30.00000000000000711, -4.999999999999993783, 6.649999999999999467 ) ) ;
#2192 = VERTEX_POINT ( 'NONE', #2627 ) ;
#2193 = ORIENTED_EDGE ( 'NONE', *, *, #2636, .T. ) ;
#2194 = CIRCLE ( 'NONE', #2569, 1.500000000000001332 ) ;
#2195 = ORIENTED_EDGE ( 'NONE', *, *, #419, .F. ) ;
#2196 = CARTESIAN_POINT ( 'NONE',  ( 30.00000000000000711, 38.50000000000000000, 0.000000000000000000 ) ) ;
#2197 = CARTESIAN_POINT ( 'NONE',  ( -1.878679656440317647, 40.00000000000000000, 18.12132034355969168 ) ) ;
#2198 = AXIS2_PLACEMENT_3D ( 'NONE', #979, #1873, #2726 ) ;
#2199 = EDGE_CURVE ( 'NONE', #508, #1959, #1718, .T. ) ;
#2200 = EDGE_CURVE ( 'NONE', #2407, #1389, #2734, .T. ) ;
#2201 = CIRCLE ( 'NONE', #879, 1.500000000000000666 ) ;
#2202 = DIRECTION ( 'NONE',  ( -1.000000000000000000, 0.000000000000000000, 0.000000000000000000 ) ) ;
#2203 = VERTEX_POINT ( 'NONE', #1583 ) ;
#2204 = AXIS2_PLACEMENT_3D ( 'NONE', #1836, #2480, #581 ) ;
#2205 = CARTESIAN_POINT ( 'NONE',  ( 3.621320343559662369, 38.50000000000000000, 21.50000000000000000 ) ) ;
#2206 = FACE_OUTER_BOUND ( 'NONE', #1404, .T. ) ;
#2207 = EDGE_LOOP ( 'NONE', ( #751, #411, #438, #121 ) ) ;
#2208 = AXIS2_PLACEMENT_3D ( 'NONE', #1560, #1543, #234 ) ;
#2209 = DIRECTION ( 'NONE',  ( -8.673617379884028570E-16, -0.000000000000000000, 1.000000000000000000 ) ) ;
#2210 = EDGE_LOOP ( 'NONE', ( #232, #242 ) ) ;
#2211 = ORIENTED_EDGE ( 'NONE', *, *, #60, .T. ) ;
#2212 = ORIENTED_EDGE ( 'NONE', *, *, #2457, .F. ) ;
#2213 = DIRECTION ( 'NONE',  ( 0.000000000000000000, 0.000000000000000000, 1.000000000000000000 ) ) ;
#2214 = CARTESIAN_POINT ( 'NONE',  ( 28.50000000000000355, 38.50000000000000000, 0.000000000000000000 ) ) ;
#2215 = CARTESIAN_POINT ( 'NONE',  ( 26.50000000000000711, 1.500000000000001332, 20.50000000000000000 ) ) ;
#2216 = EDGE_CURVE ( 'NONE', #2376, #779, #2498, .T. ) ;
#2217 = CARTESIAN_POINT ( 'NONE',  ( 10.00000000000000000, 10.00000000000000000, 10.30000000000000071 ) ) ;
#2218 = CARTESIAN_POINT ( 'NONE',  ( 31.65000000000000568, -4.999999999999993783, 8.300000000000000711 ) ) ;
#2219 = CIRCLE ( 'NONE', #1671, 1.500000000000001332 ) ;
#2220 = CARTESIAN_POINT ( 'NONE',  ( -1.439339828220138395, 40.00000000000000000, 18.56066017177986893 ) ) ;
#2221 = DIRECTION ( 'NONE',  ( 1.000000000000000000, 0.000000000000000000, 0.000000000000000000 ) ) ;
#2222 = EDGE_CURVE ( 'NONE', #862, #1535, #2451, .T. ) ;
#2223 = EDGE_LOOP ( 'NONE', ( #658, #1926, #2580, #2603 ) ) ;
#2224 = AXIS2_PLACEMENT_3D ( 'NONE', #2805, #1068, #1095 ) ;
#2225 = AXIS2_PLACEMENT_3D ( 'NONE', #248, #2674, #1325 ) ;
#2226 = ORIENTED_EDGE ( 'NONE', *, *, #1929, .T. ) ;
#2227 = ORIENTED_EDGE ( 'NONE', *, *, #1257, .F. ) ;
#2228 = DIRECTION ( 'NONE',  ( -0.000000000000000000, 0.000000000000000000, 1.000000000000000000 ) ) ;
#2229 = CARTESIAN_POINT ( 'NONE',  ( 0.000000000000000000, -8.500000000000000000, 17.49999999999999645 ) ) ;
#2230 = ORIENTED_EDGE ( 'NONE', *, *, #1362, .T. ) ;
#2231 = CARTESIAN_POINT ( 'NONE',  ( 31.50000000000000711, 48.50000000000000000, 17.49999999999999645 ) ) ;
#2232 = ORIENTED_EDGE ( 'NONE', *, *, #1677, .F. ) ;
#2233 = PRODUCT_RELATED_PRODUCT_CATEGORY ( 'part', '', ( #1304 ) ) ;
#2234 = DIRECTION ( 'NONE',  ( 0.000000000000000000, -1.000000000000000000, 0.000000000000000000 ) ) ;
#2235 = DIRECTION ( 'NONE',  ( -0.000000000000000000, -1.000000000000000000, -0.000000000000000000 ) ) ;
#2236 = CARTESIAN_POINT ( 'NONE',  ( 4.205121590763087447, -1.205121590763090333, 14.18115822254221392 ) ) ;
#2237 = EDGE_LOOP ( 'NONE', ( #2419, #1799, #961, #1772 ) ) ;
#2238 = EDGE_CURVE ( 'NONE', #1960, #433, #2358, .T. ) ;
#2239 = CARTESIAN_POINT ( 'NONE',  ( 31.50000000000000711, -8.500000000000000000, 1.500000000000001332 ) ) ;
#2240 = ORIENTED_EDGE ( 'NONE', *, *, #1878, .T. ) ;
#2241 = ORIENTED_EDGE ( 'NONE', *, *, #526, .F. ) ;
#2242 = PLANE ( 'NONE',  #2589 ) ;
#2243 = CYLINDRICAL_SURFACE ( 'NONE', #2479, 1.500000000000000000 ) ;
#2244 = VERTEX_POINT ( 'NONE', #1551 ) ;
#2245 = CARTESIAN_POINT ( 'NONE',  ( 23.50000000000000355, 1.500000000000000000, 21.50000000000000000 ) ) ;
#2246 = SURFACE_STYLE_USAGE ( .BOTH. , #2709 ) ;
#2247 = AXIS2_PLACEMENT_3D ( 'NONE', #367, #773, #2346 ) ;
#2248 = CARTESIAN_POINT ( 'NONE',  ( 33.50000000000000000, 48.50000000000000000, 20.00000000000000000 ) ) ;
#2249 = DIRECTION ( 'NONE',  ( 0.5773502691896282846, 0.8164965809277242581, 0.000000000000000000 ) ) ;
#2250 = DIRECTION ( 'NONE',  ( 0.8164965809277269226, 0.5773502691896245098, -0.000000000000000000 ) ) ;
#2251 = ORIENTED_EDGE ( 'NONE', *, *, #574, .F. ) ;
#2252 = AXIS2_PLACEMENT_3D ( 'NONE', #536, #2234, #1411 ) ;
#2253 = AXIS2_PLACEMENT_3D ( 'NONE', #1631, #545, #1856 ) ;
#2254 = DIRECTION ( 'NONE',  ( -0.000000000000000000, -1.000000000000000000, -0.000000000000000000 ) ) ;
#2255 = ADVANCED_FACE ( 'NONE', ( #467 ), #480, .T. ) ;
#2256 = VECTOR ( 'NONE', #2663, 1000.000000000000000 ) ;
#2257 = EDGE_LOOP ( 'NONE', ( #424, #568, #162, #848, #2687 ) ) ;
#2258 = DIRECTION ( 'NONE',  ( 0.7071067811865491270, 0.7071067811865459074, -0.000000000000000000 ) ) ;
#2259 = DIRECTION ( 'NONE',  ( 0.000000000000000000, 0.000000000000000000, 1.000000000000000000 ) ) ;
#2260 = ADVANCED_FACE ( 'NONE', ( #1128 ), #749, .T. ) ;
#2261 = VERTEX_POINT ( 'NONE', #491 ) ;
#2262 = CIRCLE ( 'NONE', #1023, 1.500000000000001332 ) ;
#2263 = CARTESIAN_POINT ( 'NONE',  ( 28.50000000000000355, 41.50000000000000000, 0.000000000000000000 ) ) ;
#2264 = CYLINDRICAL_SURFACE ( 'NONE', #463, 1.500000000000001332 ) ;
#2265 = CARTESIAN_POINT ( 'NONE',  ( 2.560660171779844951, 39.56066017177982275, 20.00000000000000000 ) ) ;
#2266 = VECTOR ( 'NONE', #328, 1000.000000000000000 ) ;
#2267 = CARTESIAN_POINT ( 'NONE',  ( 28.50000000000000355, 38.50000000000000000, 1.500000000000000000 ) ) ;
#2268 = FACE_OUTER_BOUND ( 'NONE', #1110, .T. ) ;
#2269 = DIRECTION ( 'NONE',  ( -0.000000000000000000, -1.000000000000000000, -0.000000000000000000 ) ) ;
#2270 = DIRECTION ( 'NONE',  ( -1.000000000000000000, -1.387778780781446149E-14, 8.673617379884038430E-16 ) ) ;
#2271 = CIRCLE ( 'NONE', #1816, 2.999999999999999112 ) ;
#2272 = CIRCLE ( 'NONE', #1871, 1.500000000000000000 ) ;
#2273 = EDGE_CURVE ( 'NONE', #361, #2078, #1870, .T. ) ;
#2274 = AXIS2_PLACEMENT_3D ( 'NONE', #10, #43, #1955 ) ;
#2275 = ORIENTED_EDGE ( 'NONE', *, *, #305, .T. ) ;
#2276 = CYLINDRICAL_SURFACE ( 'NONE', #2126, 1.699999999999998401 ) ;
#2277 = VERTEX_POINT ( 'NONE', #74 ) ;
#2278 = ADVANCED_FACE ( 'NONE', ( #690 ), #506, .F. ) ;
#2279 = LINE ( 'NONE', #325, #770 ) ;
#2280 =( NAMED_UNIT ( * ) PLANE_ANGLE_UNIT ( ) SI_UNIT ( $, .RADIAN. ) );
#2281 = CARTESIAN_POINT ( 'NONE',  ( 31.50000000000000711, 50.00000000000000000, 20.00000000000000000 ) ) ;
#2282 = DIRECTION ( 'NONE',  ( 0.000000000000000000, -1.000000000000000000, -0.000000000000000000 ) ) ;
#2283 = CARTESIAN_POINT ( 'NONE',  ( 30.00000000000000711, 41.50000000000000000, 17.49999999999999645 ) ) ;
#2284 = DIRECTION ( 'NONE',  ( 0.000000000000000000, 0.000000000000000000, -1.000000000000000000 ) ) ;
#2285 = ORIENTED_EDGE ( 'NONE', *, *, #1529, .F. ) ;
#2286 = ORIENTED_EDGE ( 'NONE', *, *, #763, .F. ) ;
#2287 = CARTESIAN_POINT ( 'NONE',  ( 33.50000000000000000, 48.50000000000000000, 19.00000000000000000 ) ) ;
#2288 = DIRECTION ( 'NONE',  ( 0.000000000000000000, -0.000000000000000000, 1.000000000000000000 ) ) ;
#2289 = EDGE_CURVE ( 'NONE', #254, #2592, #758, .T. ) ;
#2290 = EDGE_CURVE ( 'NONE', #883, #1959, #2428, .T. ) ;
#2291 = CARTESIAN_POINT ( 'NONE',  ( 30.00000000000000711, -4.999999999999993783, 10.00000000000000000 ) ) ;
#2292 = LINE ( 'NONE', #393, #2658 ) ;
#2293 = SURFACE_SIDE_STYLE ('',( #318 ) ) ;
#2294 = CIRCLE ( 'NONE', #238, 1.500000000000001332 ) ;
#2295 = DIRECTION ( 'NONE',  ( 1.000000000000000000, 0.000000000000000000, 0.000000000000000000 ) ) ;
#2296 = CIRCLE ( 'NONE', #2565, 1.500000000000001332 ) ;
#2297 = EDGE_LOOP ( 'NONE', ( #1320, #1561, #682, #2537, #1123, #1198, #2595, #170, #2623, #2688 ) ) ;
#2298 = EDGE_LOOP ( 'NONE', ( #717, #735, #531 ) ) ;
#2299 = AXIS2_PLACEMENT_3D ( 'NONE', #1118, #44, #1592 ) ;
#2300 = LINE ( 'NONE', #2120, #718 ) ;
#2301 = CARTESIAN_POINT ( 'NONE',  ( 35.00000000000000000, 45.00000000000000000, 10.00000000000000000 ) ) ;
#2302 = EDGE_CURVE ( 'NONE', #79, #2078, #1779, .T. ) ;
#2303 = CARTESIAN_POINT ( 'NONE',  ( 1.500000000000000000, 3.621320343559656152, 12.62132034355967924 ) ) ;
#2304 = FACE_OUTER_BOUND ( 'NONE', #263, .T. ) ;
#2305 = CARTESIAN_POINT ( 'NONE',  ( 33.50000000000000000, 48.50000000000000000, 1.500000000000000000 ) ) ;
#2306 = ADVANCED_FACE ( 'NONE', ( #966 ), #1055, .T. ) ;
#2307 = FACE_OUTER_BOUND ( 'NONE', #1990, .T. ) ;
#2308 = CARTESIAN_POINT ( 'NONE',  ( 23.50000000000000355, 38.50000000000000000, 21.50000000000000000 ) ) ;
#2309 = ORIENTED_EDGE ( 'NONE', *, *, #1417, .T. ) ;
#2310 = AXIS2_PLACEMENT_3D ( 'NONE', #533, #165, #2106 ) ;
#2311 = EDGE_LOOP ( 'NONE', ( #1039, #2150, #400, #1528 ) ) ;
#2312 = AXIS2_PLACEMENT_3D ( 'NONE', #908, #2618, #267 ) ;
#2313 = CIRCLE ( 'NONE', #1216, 1.500000000000000666 ) ;
#2314 = AXIS2_PLACEMENT_3D ( 'NONE', #1540, #847, #1714 ) ;
#2315 = CARTESIAN_POINT ( 'NONE',  ( 1.500000000000003997, 36.37867965644034740, 12.62132034355968280 ) ) ;
#2316 = CARTESIAN_POINT ( 'NONE',  ( 0.4393398282201764204, 2.560660171779837846, 20.00000000000000000 ) ) ;
#2317 = DIRECTION ( 'NONE',  ( 0.000000000000000000, 1.000000000000000000, 0.000000000000000000 ) ) ;
#2318 = CARTESIAN_POINT ( 'NONE',  ( 10.00000000000000000, 30.00000000000000000, 22.50000000000000000 ) ) ;
#2319 = CYLINDRICAL_SURFACE ( 'NONE', #2247, 1.500000000000000000 ) ;
#2320 = DIRECTION ( 'NONE',  ( -1.000000000000000000, 0.000000000000000000, 0.000000000000000000 ) ) ;
#2321 = CARTESIAN_POINT ( 'NONE',  ( 23.50000000000000355, 40.00000000000000000, 23.00000000000000000 ) ) ;
#2322 = CARTESIAN_POINT ( 'NONE',  ( 31.50000000000000711, 50.00000000000000000, 1.500000000000000000 ) ) ;
#2323 = EDGE_CURVE ( 'NONE', #2654, #107, #1363, .T. ) ;
#2324 = EDGE_CURVE ( 'NONE', #422, #1857, #2755, .T. ) ;
#2325 = ORIENTED_EDGE ( 'NONE', *, *, #128, .F. ) ;
#2326 = ORIENTED_EDGE ( 'NONE', *, *, #1366, .T. ) ;
#2327 = DIRECTION ( 'NONE',  ( 0.000000000000000000, 0.000000000000000000, -1.000000000000000000 ) ) ;
#2328 = DIRECTION ( 'NONE',  ( 0.000000000000000000, 0.000000000000000000, 1.000000000000000000 ) ) ;
#2329 = FACE_OUTER_BOUND ( 'NONE', #482, .T. ) ;
#2330 = CYLINDRICAL_SURFACE ( 'NONE', #1795, 1.500000000000001332 ) ;
#2331 = VERTEX_POINT ( 'NONE', #1134 ) ;
#2332 = CIRCLE ( 'NONE', #19, 1.499999999999999334 ) ;
#2333 = DIRECTION ( 'NONE',  ( 0.000000000000000000, 0.000000000000000000, 1.000000000000000000 ) ) ;
#2334 = FACE_OUTER_BOUND ( 'NONE', #1787, .T. ) ;
#2335 = AXIS2_PLACEMENT_3D ( 'NONE', #1002, #1883, #1228 ) ;
#2336 = EDGE_CURVE ( 'NONE', #1057, #1479, #559, .T. ) ;
#2337 = ORIENTED_EDGE ( 'NONE', *, *, #1379, .F. ) ;
#2338 = EDGE_LOOP ( 'NONE', ( #597, #2111, #2001, #1707 ) ) ;
#2339 = VECTOR ( 'NONE', #2254, 1000.000000000000000 ) ;
#2340 = AXIS2_PLACEMENT_3D ( 'NONE', #366, #2517, #1015 ) ;
#2341 = EDGE_CURVE ( 'NONE', #2078, #254, #1574, .T. ) ;
#2342 = DIRECTION ( 'NONE',  ( 0.000000000000000000, 0.9797165289030268509, -0.2003884302902849135 ) ) ;
#2343 = DIRECTION ( 'NONE',  ( 0.000000000000000000, 0.000000000000000000, 1.000000000000000000 ) ) ;
#2344 = LINE ( 'NONE', #641, #1936 ) ;
#2345 = AXIS2_PLACEMENT_3D ( 'NONE', #1042, #803, #1027 ) ;
#2346 = DIRECTION ( 'NONE',  ( 0.000000000000000000, 0.000000000000000000, -1.000000000000000000 ) ) ;
#2347 = ORIENTED_EDGE ( 'NONE', *, *, #1944, .F. ) ;
#2348 = CARTESIAN_POINT ( 'NONE',  ( 1.500000000000000222, 3.621320343559656596, 21.50000000000000000 ) ) ;
#2349 = CARTESIAN_POINT ( 'NONE',  ( 1.500000000000003553, 36.37867965644034740, 21.50000000000000000 ) ) ;
#2350 = AXIS2_PLACEMENT_3D ( 'NONE', #1435, #2320, #127 ) ;
#2351 = VERTEX_POINT ( 'NONE', #2057 ) ;
#2352 = ORIENTED_EDGE ( 'NONE', *, *, #761, .F. ) ;
#2353 = EDGE_CURVE ( 'NONE', #2523, #2174, #875, .T. ) ;
#2354 = AXIS2_PLACEMENT_3D ( 'NONE', #988, #111, #1859 ) ;
#2355 = CARTESIAN_POINT ( 'NONE',  ( 1.499999999999998668, 36.37867965644034030, 12.62132034355968102 ) ) ;
#2356 = PLANE ( 'NONE',  #1245 ) ;
#2357 = DIRECTION ( 'NONE',  ( 1.000000000000000000, 0.000000000000000000, 0.000000000000000000 ) ) ;
#2358 = CIRCLE ( 'NONE', #488, 1.500000000000001332 ) ;
#2359 = EDGE_CURVE ( 'NONE', #2331, #2681, #2294, .T. ) ;
#2360 = CARTESIAN_POINT ( 'NONE',  ( 33.50000000000000000, -10.00000000000000000, 17.49999999999999645 ) ) ;
#2361 = ORIENTED_EDGE ( 'NONE', *, *, #504, .T. ) ;
#2362 = DIRECTION ( 'NONE',  ( -3.271025955591204472E-15, 1.000000000000000000, -3.271025955591192245E-15 ) ) ;
#2363 = CARTESIAN_POINT ( 'NONE',  ( 31.50000000000000711, 48.50000000000000000, 1.500000000000000000 ) ) ;
#2364 = ORIENTED_EDGE ( 'NONE', *, *, #1480, .F. ) ;
#2365 = ORIENTED_EDGE ( 'NONE', *, *, #1452, .F. ) ;
#2366 = VERTEX_POINT ( 'NONE', #2698 ) ;
#2367 = PLANE ( 'NONE',  #1954 ) ;
#2368 = CARTESIAN_POINT ( 'NONE',  ( 15.24999999999999822, 10.00000000000000000, 22.50000000000000000 ) ) ;
#2369 = ADVANCED_FACE ( 'NONE', ( #2493 ), #2460, .T. ) ;
#2370 = DIRECTION ( 'NONE',  ( -0.7071067811865467956, 0.000000000000000000, 0.7071067811865483499 ) ) ;
#2371 = DIRECTION ( 'NONE',  ( 1.000000000000000000, 0.000000000000000000, 0.000000000000000000 ) ) ;
#2372 = EDGE_CURVE ( 'NONE', #284, #1837, #282, .T. ) ;
#2373 = ORIENTED_EDGE ( 'NONE', *, *, #230, .F. ) ;
#2374 = LINE ( 'NONE', #1314, #992 ) ;
#2375 = LINE ( 'NONE', #814, #1464 ) ;
#2376 = VERTEX_POINT ( 'NONE', #2662 ) ;
#2377 = ORIENTED_EDGE ( 'NONE', *, *, #1465, .F. ) ;
#2378 = EDGE_LOOP ( 'NONE', ( #2006, #1505, #621, #2620 ) ) ;
#2379 = VECTOR ( 'NONE', #1647, 1000.000000000000000 ) ;
#2380 = CARTESIAN_POINT ( 'NONE',  ( 15.62132034355964372, 1.500000000000000000, 0.000000000000000000 ) ) ;
#2381 = SPHERICAL_SURFACE ( 'NONE', #1749, 1.500000000000000000 ) ;
#2382 = DIRECTION ( 'NONE',  ( 1.000000000000000000, 0.000000000000000000, 0.000000000000000000 ) ) ;
#2383 = VECTOR ( 'NONE', #1757, 1000.000000000000000 ) ;
#2384 = DIRECTION ( 'NONE',  ( 0.000000000000000000, 0.000000000000000000, -1.000000000000000000 ) ) ;
#2385 = ORIENTED_EDGE ( 'NONE', *, *, #1203, .F. ) ;
#2386 = EDGE_CURVE ( 'NONE', #2007, #2261, #1932, .T. ) ;
#2387 = DIRECTION ( 'NONE',  ( 0.000000000000000000, 0.000000000000000000, 1.000000000000000000 ) ) ;
#2388 = CYLINDRICAL_SURFACE ( 'NONE', #399, 1.500000000000001332 ) ;
#2389 = ORIENTED_EDGE ( 'NONE', *, *, #2140, .F. ) ;
#2390 = EDGE_CURVE ( 'NONE', #422, #453, #1847, .T. ) ;
#2391 = ORIENTED_EDGE ( 'NONE', *, *, #2323, .T. ) ;
#2392 = ORIENTED_EDGE ( 'NONE', *, *, #1572, .F. ) ;
#2393 = DIRECTION ( 'NONE',  ( -0.7071067811865470176, -7.985903211892559030E-16, 0.7071067811865481278 ) ) ;
#2394 = FACE_OUTER_BOUND ( 'NONE', #2338, .T. ) ;
#2395 = DIRECTION ( 'NONE',  ( 0.000000000000000000, -0.000000000000000000, 1.000000000000000000 ) ) ;
#2396 = DIRECTION ( 'NONE',  ( 1.000000000000000000, -0.000000000000000000, -0.000000000000000000 ) ) ;
#2397 = AXIS2_PLACEMENT_3D ( 'NONE', #456, #195, #2629 ) ;
#2398 = CIRCLE ( 'NONE', #91, 1.500000000000001332 ) ;
#2399 = DIRECTION ( 'NONE',  ( -1.156482317317870344E-15, -1.000000000000000000, 0.000000000000000000 ) ) ;
#2400 = CARTESIAN_POINT ( 'NONE',  ( 31.50000000000000711, 48.50000000000000000, 17.49999999999999645 ) ) ;
#2401 = ORIENTED_EDGE ( 'NONE', *, *, #2745, .T. ) ;
#2402 = CARTESIAN_POINT ( 'NONE',  ( 30.00000000000000711, -4.999999999999993783, 13.35000000000000142 ) ) ;
#2403 = EDGE_CURVE ( 'NONE', #2203, #779, #938, .T. ) ;
#2404 = EDGE_CURVE ( 'NONE', #1794, #1335, #2292, .T. ) ;
#2405 = VERTEX_POINT ( 'NONE', #576 ) ;
#2406 = VERTEX_POINT ( 'NONE', #1862 ) ;
#2407 = VERTEX_POINT ( 'NONE', #2096 ) ;
#2408 = DIRECTION ( 'NONE',  ( 1.000000000000000000, 0.000000000000000000, 0.000000000000000000 ) ) ;
#2409 = CARTESIAN_POINT ( 'NONE',  ( 15.62132034355966326, 38.50000000000000000, 1.500000000000003331 ) ) ;
#2410 = DIRECTION ( 'NONE',  ( -0.7071067811865455743, 0.7071067811865493491, 0.000000000000000000 ) ) ;
#2411 = ORIENTED_EDGE ( 'NONE', *, *, #46, .F. ) ;
#2412 = CARTESIAN_POINT ( 'NONE',  ( 31.65000000000000568, 45.00000000000000000, 10.00000000000000000 ) ) ;
#2413 = CARTESIAN_POINT ( 'NONE',  ( 30.00000000000000711, -1.500000000000000000, 20.00000000000000000 ) ) ;
#2414 = ORIENTED_EDGE ( 'NONE', *, *, #565, .T. ) ;
#2415 = CARTESIAN_POINT ( 'NONE',  ( 0.000000000000000000, 3.621320343559656596, 21.50000000000000000 ) ) ;
#2416 = VERTEX_POINT ( 'NONE', #1259 ) ;
#2417 = ORIENTED_EDGE ( 'NONE', *, *, #1611, .T. ) ;
#2418 = ADVANCED_FACE ( 'NONE', ( #784 ), #795, .T. ) ;
#2419 = ORIENTED_EDGE ( 'NONE', *, *, #2199, .T. ) ;
#2420 = CARTESIAN_POINT ( 'NONE',  ( 26.50000000000000711, 40.00000000000000000, 20.50000000000000000 ) ) ;
#2421 = CYLINDRICAL_SURFACE ( 'NONE', #1160, 1.699999999999998401 ) ;
#2422 = AXIS2_PLACEMENT_3D ( 'NONE', #1699, #377, #1484 ) ;
#2423 = EDGE_CURVE ( 'NONE', #1821, #1576, #603, .T. ) ;
#2424 = CYLINDRICAL_SURFACE ( 'NONE', #483, 1.500000000000000000 ) ;
#2425 = LINE ( 'NONE', #471, #1307 ) ;
#2426 = AXIS2_PLACEMENT_3D ( 'NONE', #1877, #2732, #958 ) ;
#2427 = DIRECTION ( 'NONE',  ( 0.000000000000000000, -1.000000000000000000, 0.000000000000000000 ) ) ;
#2428 = LINE ( 'NONE', #474, #200 ) ;
#2429 = ORIENTED_EDGE ( 'NONE', *, *, #2165, .F. ) ;
#2430 = CIRCLE ( 'NONE', #357, 1.500000000000000222 ) ;
#2431 = CARTESIAN_POINT ( 'NONE',  ( -17.43933982822017370, 17.43933982822025897, 23.00000000000000000 ) ) ;
#2432 = EDGE_LOOP ( 'NONE', ( #2251, #2547, #710, #306 ) ) ;
#2433 = ORIENTED_EDGE ( 'NONE', *, *, #212, .F. ) ;
#2434 = CYLINDRICAL_SURFACE ( 'NONE', #1516, 1.500000000000001332 ) ;
#2435 = DIRECTION ( 'NONE',  ( 0.000000000000000000, 0.000000000000000000, 1.000000000000000000 ) ) ;
#2436 = EDGE_CURVE ( 'NONE', #1755, #883, #141, .T. ) ;
#2437 = ORIENTED_EDGE ( 'NONE', *, *, #644, .F. ) ;
#2438 = LINE ( 'NONE', #517, #1720 ) ;
#2439 = ORIENTED_EDGE ( 'NONE', *, *, #7, .F. ) ;
#2440 = ADVANCED_FACE ( 'NONE', ( #1661 ), #2319, .T. ) ;
#2441 = DIRECTION ( 'NONE',  ( 0.000000000000000000, 0.000000000000000000, 1.000000000000000000 ) ) ;
#2442 = AXIS2_PLACEMENT_3D ( 'NONE', #440, #1083, #1041 ) ;
#2443 = CARTESIAN_POINT ( 'NONE',  ( 35.00000000000000000, -10.00000000000000000, 17.49999999999999645 ) ) ;
#2444 = DIRECTION ( 'NONE',  ( -0.2886751345948133651, -0.4082482904638631283, 0.8660254037844384856 ) ) ;
#2445 = ORIENTED_EDGE ( 'NONE', *, *, #1663, .T. ) ;
#2446 = VECTOR ( 'NONE', #1969, 1000.000000000000000 ) ;
#2447 = AXIS2_PLACEMENT_3D ( 'NONE', #944, #66, #1141 ) ;
#2448 = CARTESIAN_POINT ( 'NONE',  ( 30.00000000000000711, 45.00000000000000000, 10.00000000000000000 ) ) ;
#2449 = VERTEX_POINT ( 'NONE', #2729 ) ;
#2450 = ORIENTED_EDGE ( 'NONE', *, *, #2650, .T. ) ;
#2451 = LINE ( 'NONE', #243, #1489 ) ;
#2452 = DIRECTION ( 'NONE',  ( -0.7071067811865463515, 0.000000000000000000, 0.7071067811865486830 ) ) ;
#2453 = DIRECTION ( 'NONE',  ( 0.8164965809277244801, -0.5773502691896280625, 0.000000000000000000 ) ) ;
#2454 = ORIENTED_EDGE ( 'NONE', *, *, #1549, .F. ) ;
#2455 = FACE_OUTER_BOUND ( 'NONE', #1579, .T. ) ;
#2456 = DIRECTION ( 'NONE',  ( -2.891205793294678326E-16, -1.000000000000000000, 0.000000000000000000 ) ) ;
#2457 = EDGE_CURVE ( 'NONE', #1766, #1576, #590, .T. ) ;
#2458 = FACE_OUTER_BOUND ( 'NONE', #833, .T. ) ;
#2459 = ADVANCED_FACE ( 'NONE', ( #563 ), #2769, .T. ) ;
#2460 = SPHERICAL_SURFACE ( 'NONE', #1609, 1.500000000000000000 ) ;
#2461 = CARTESIAN_POINT ( 'NONE',  ( 31.65000000000000568, -4.999999999999993783, 10.00000000000000000 ) ) ;
#2462 = ORIENTED_EDGE ( 'NONE', *, *, #416, .F. ) ;
#2463 = EDGE_CURVE ( 'NONE', #1857, #825, #1977, .T. ) ;
#2464 = CARTESIAN_POINT ( 'NONE',  ( 25.00000000000000355, 0.000000000000000000, 21.50000000000000000 ) ) ;
#2465 = VERTEX_POINT ( 'NONE', #1639 ) ;
#2466 = DIRECTION ( 'NONE',  ( 0.000000000000000000, 0.000000000000000000, -1.000000000000000000 ) ) ;
#2467 = DIRECTION ( 'NONE',  ( -0.7071067811865462405, -2.262672576702903065E-15, 0.7071067811865489050 ) ) ;
#2468 = EDGE_LOOP ( 'NONE', ( #1173, #605, #97, #2309 ) ) ;
#2469 = LINE ( 'NONE', #1115, #1578 ) ;
#2471 = CARTESIAN_POINT ( 'NONE',  ( 26.50000000000000711, 38.50000000000000000, 17.49999999999999645 ) ) ;
#2470 = CARTESIAN_POINT ( 'NONE',  ( 33.50000000000000000, 0.000000000000000000, 0.000000000000000000 ) ) ;
#2472 = AXIS2_PLACEMENT_3D ( 'NONE', #630, #1271, #601 ) ;
#2473 = DIRECTION ( 'NONE',  ( 1.000000000000000000, 0.000000000000000000, 0.000000000000000000 ) ) ;
#2474 = CARTESIAN_POINT ( 'NONE',  ( 23.50000000000000355, 0.000000000000000000, 20.00000000000000000 ) ) ;
#2475 = DIRECTION ( 'NONE',  ( 0.000000000000000000, 1.000000000000000000, -0.000000000000000000 ) ) ;
#2476 = SURFACE_STYLE_USAGE ( .BOTH. , #2293 ) ;
#2477 = ADVANCED_FACE ( 'NONE', ( #1649 ), #157, .F. ) ;
#2478 = AXIS2_PLACEMENT_3D ( 'NONE', #991, #2768, #562 ) ;
#2479 = AXIS2_PLACEMENT_3D ( 'NONE', #2062, #468, #1806 ) ;
#2480 = DIRECTION ( 'NONE',  ( 0.000000000000000000, 1.000000000000000000, 0.000000000000000000 ) ) ;
#2481 = EDGE_CURVE ( 'NONE', #826, #2405, #2026, .T. ) ;
#2482 = AXIS2_PLACEMENT_3D ( 'NONE', #1832, #2543, #2328 ) ;
#2483 = VERTEX_POINT ( 'NONE', #552 ) ;
#2484 = DIRECTION ( 'NONE',  ( -1.635512977795602236E-15, 1.000000000000000000, -1.635512977795596122E-15 ) ) ;
#2485 = FACE_OUTER_BOUND ( 'NONE', #109, .T. ) ;
#2486 = VERTEX_POINT ( 'NONE', #1432 ) ;
#2487 = AXIS2_PLACEMENT_3D ( 'NONE', #2239, #2209, #461 ) ;
#2488 = CARTESIAN_POINT ( 'NONE',  ( 30.00000000000000711, -1.500000000000000000, 1.500000000000000000 ) ) ;
#2490 = CARTESIAN_POINT ( 'NONE',  ( 1.500000000000000000, 3.621320343559656152, 21.50000000000000000 ) ) ;
#2489 = FACE_OUTER_BOUND ( 'NONE', #2785, .T. ) ;
#2491 = FACE_OUTER_BOUND ( 'NONE', #1511, .T. ) ;
#2492 = CIRCLE ( 'NONE', #2129, 1.500000000000001332 ) ;
#2493 = FACE_OUTER_BOUND ( 'NONE', #1777, .T. ) ;
#2494 =( LENGTH_UNIT ( ) NAMED_UNIT ( * ) SI_UNIT ( .MILLI., .METRE. ) );
#2495 = AXIS2_PLACEMENT_3D ( 'NONE', #2263, #502, #54 ) ;
#2496 = ORIENTED_CLOSED_SHELL ( 'NONE', *, #2541, .F. );
#2497 = FACE_OUTER_BOUND ( 'NONE', #1598, .T. ) ;
#2498 = CIRCLE ( 'NONE', #40, 1.700000000000000178 ) ;
#2499 = VECTOR ( 'NONE', #1022, 1000.000000000000000 ) ;
#2500 = ADVANCED_FACE ( 'NONE', ( #820 ), #2753, .T. ) ;
#2501 = ADVANCED_FACE ( 'NONE', ( #807 ), #2558, .T. ) ;
#2502 = ORIENTED_EDGE ( 'NONE', *, *, #1844, .T. ) ;
#2503 = FACE_OUTER_BOUND ( 'NONE', #2759, .T. ) ;
#2504 = VERTEX_POINT ( 'NONE', #1459 ) ;
#2505 = DIRECTION ( 'NONE',  ( -0.000000000000000000, -0.000000000000000000, 1.000000000000000000 ) ) ;
#2506 = DIRECTION ( 'NONE',  ( -1.000000000000000000, -0.000000000000000000, -0.000000000000000000 ) ) ;
#2507 = CARTESIAN_POINT ( 'NONE',  ( 31.50000000000000711, -8.500000000000000000, 17.49999999999999645 ) ) ;
#2508 = DIRECTION ( 'NONE',  ( 0.000000000000000000, 0.000000000000000000, 1.000000000000000000 ) ) ;
#2509 = LINE ( 'NONE', #1206, #1121 ) ;
#2510 = DIRECTION ( 'NONE',  ( 0.000000000000000000, -2.023844055306275469E-15, -1.000000000000000000 ) ) ;
#2511 = ORIENTED_EDGE ( 'NONE', *, *, #1258, .T. ) ;
#2512 = ORIENTED_EDGE ( 'NONE', *, *, #78, .T. ) ;
#2513 = ADVANCED_FACE ( 'NONE', ( #2304 ), #2330, .T. ) ;
#2514 = FACE_OUTER_BOUND ( 'NONE', #513, .T. ) ;
#2515 = DIRECTION ( 'NONE',  ( -1.000000000000000000, -0.000000000000000000, -0.000000000000000000 ) ) ;
#2516 = EDGE_CURVE ( 'NONE', #361, #1322, #365, .T. ) ;
#2517 = DIRECTION ( 'NONE',  ( 0.000000000000000000, 0.000000000000000000, 1.000000000000000000 ) ) ;
#2518 = DIRECTION ( 'NONE',  ( -1.000000000000000000, -0.000000000000000000, -0.000000000000000000 ) ) ;
#2519 = PRESENTATION_STYLE_ASSIGNMENT (( #2476 ) ) ;
#2520 = AXIS2_PLACEMENT_3D ( 'NONE', #2546, #126, #993 ) ;
#2521 = CARTESIAN_POINT ( 'NONE',  ( 14.87132034355964194, 0.4393398282201800842, 0.7499999999999995559 ) ) ;
#2522 = CARTESIAN_POINT ( 'NONE',  ( 28.50000000000000355, 40.00000000000000000, 17.49999999999999645 ) ) ;
#2523 = VERTEX_POINT ( 'NONE', #519 ) ;
#2524 = ORIENTED_EDGE ( 'NONE', *, *, #1916, .F. ) ;
#2525 = CARTESIAN_POINT ( 'NONE',  ( 30.00000000000000711, 41.50000000000000000, 19.00000000000000000 ) ) ;
#2526 = DIRECTION ( 'NONE',  ( -1.000000000000000000, 0.000000000000000000, 0.000000000000000000 ) ) ;
#2527 = ORIENTED_CLOSED_SHELL ( 'NONE', *, #2685, .F. );
#2528 = DIRECTION ( 'NONE',  ( 0.000000000000000000, -1.000000000000000000, 0.000000000000000000 ) ) ;
#2529 = AXIS2_PLACEMENT_3D ( 'NONE', #2690, #291, #1172 ) ;
#2530 = DIRECTION ( 'NONE',  ( 0.000000000000000000, 0.000000000000000000, -1.000000000000000000 ) ) ;
#2531 = DIRECTION ( 'NONE',  ( -0.000000000000000000, -0.000000000000000000, 1.000000000000000000 ) ) ;
#2532 = EDGE_CURVE ( 'NONE', #2203, #942, #2607, .T. ) ;
#2533 = DIRECTION ( 'NONE',  ( -0.000000000000000000, 0.000000000000000000, 1.000000000000000000 ) ) ;
#2534 = DIRECTION ( 'NONE',  ( -1.000000000000000000, 0.000000000000000000, 0.000000000000000000 ) ) ;
#2535 = DIRECTION ( 'NONE',  ( 0.000000000000000000, -1.000000000000000000, 2.044391222244502795E-15 ) ) ;
#2536 = AXIS2_PLACEMENT_3D ( 'NONE', #2555, #1482, #2342 ) ;
#2537 = ORIENTED_EDGE ( 'NONE', *, *, #1175, .T. ) ;
#2538 = ORIENTED_EDGE ( 'NONE', *, *, #1569, .T. ) ;
#2539 = AXIS2_PLACEMENT_3D ( 'NONE', #1020, #396, #593 ) ;
#2540 = AXIS2_PLACEMENT_3D ( 'NONE', #2177, #24, #1997 ) ;
#2541 = CLOSED_SHELL ( 'NONE', ( #2278, #185, #2260, #436 ) ) ;
#2542 = DIRECTION ( 'NONE',  ( 0.000000000000000000, -1.000000000000000000, 0.000000000000000000 ) ) ;
#2543 = DIRECTION ( 'NONE',  ( -1.000000000000000000, 0.000000000000000000, -0.000000000000000000 ) ) ;
#2544 = DIRECTION ( 'NONE',  ( 0.7071067811865462405, -1.625883976416354338E-17, -0.7071067811865489050 ) ) ;
#2545 = SPHERICAL_SURFACE ( 'NONE', #1744, 1.500000000000000000 ) ;
#2546 = CARTESIAN_POINT ( 'NONE',  ( 33.50000000000000000, 48.50000000000000000, 1.500000000000000000 ) ) ;
#2547 = ORIENTED_EDGE ( 'NONE', *, *, #1961, .F. ) ;
#2548 = EDGE_CURVE ( 'NONE', #2523, #508, #2081, .T. ) ;
#2549 = SPHERICAL_SURFACE ( 'NONE', #1178, 1.500000000000000000 ) ;
#2550 = CARTESIAN_POINT ( 'NONE',  ( 31.50000000000000711, 0.000000000000000000, 17.49999999999999645 ) ) ;
#2551 =( GEOMETRIC_REPRESENTATION_CONTEXT ( 3 ) GLOBAL_UNCERTAINTY_ASSIGNED_CONTEXT ( ( #815 ) ) GLOBAL_UNIT_ASSIGNED_CONTEXT ( ( #1180, #2280, #1374 ) ) REPRESENTATION_CONTEXT ( 'NONE', 'WORKASPACE' ) );
#2552 = ADVANCED_FACE ( 'NONE', ( #1213 ), #2751, .T. ) ;
#2553 = ORIENTED_EDGE ( 'NONE', *, *, #1222, .T. ) ;
#2554 = ORIENTED_EDGE ( 'NONE', *, *, #1400, .F. ) ;
#2555 = CARTESIAN_POINT ( 'NONE',  ( 1.499999999999998668, 36.37867965644034030, 12.62132034355968102 ) ) ;
#2556 = CARTESIAN_POINT ( 'NONE',  ( 33.50000000000000000, 50.00000000000000000, 17.49999999999999645 ) ) ;
#2557 = CARTESIAN_POINT ( 'NONE',  ( 33.50000000000000000, 48.50000000000000000, 1.500000000000000000 ) ) ;
#2558 = SPHERICAL_SURFACE ( 'NONE', #2520, 1.500000000000000000 ) ;
#2559 = ORIENTED_EDGE ( 'NONE', *, *, #227, .F. ) ;
#2560 = CIRCLE ( 'NONE', #1693, 1.500000000000001332 ) ;
#2561 = DIRECTION ( 'NONE',  ( 0.000000000000000000, 1.000000000000000000, 0.000000000000000000 ) ) ;
#2562 = DIRECTION ( 'NONE',  ( 0.000000000000000000, 0.000000000000000000, 1.000000000000000000 ) ) ;
#2563 = EDGE_CURVE ( 'NONE', #1061, #2568, #534, .T. ) ;
#2564 = AXIS2_PLACEMENT_3D ( 'NONE', #2054, #2317, #769 ) ;
#2565 = AXIS2_PLACEMENT_3D ( 'NONE', #1935, #1283, #1508 ) ;
#2566 = ADVANCED_FACE ( 'NONE', ( #139 ), #2740, .T. ) ;
#2567 = VERTEX_POINT ( 'NONE', #1658 ) ;
#2568 = VERTEX_POINT ( 'NONE', #572 ) ;
#2569 = AXIS2_PLACEMENT_3D ( 'NONE', #1138, #2666, #2017 ) ;
#2570 = FACE_OUTER_BOUND ( 'NONE', #1786, .T. ) ;
#2571 = DIRECTION ( 'NONE',  ( 0.000000000000000000, 0.000000000000000000, 1.000000000000000000 ) ) ;
#2572 = DIRECTION ( 'NONE',  ( -0.000000000000000000, -1.000000000000000000, -0.000000000000000000 ) ) ;
#2573 = AXIS2_PLACEMENT_3D ( 'NONE', #166, #1910, #390 ) ;
#2574 = DIRECTION ( 'NONE',  ( -1.000000000000000000, -0.000000000000000000, -0.000000000000000000 ) ) ;
#2575 = EDGE_LOOP ( 'NONE', ( #2139, #187, #598, #1565 ) ) ;
#2576 = DIRECTION ( 'NONE',  ( -0.7071067811865497932, -0.7071067811865453523, 0.000000000000000000 ) ) ;
#2577 = CARTESIAN_POINT ( 'NONE',  ( 25.00000000000000355, 1.500000000000001332, 20.50000000000000000 ) ) ;
#2578 = EDGE_LOOP ( 'NONE', ( #1688, #2414 ) ) ;
#2579 = EDGE_CURVE ( 'NONE', #1959, #1633, #1419, .T. ) ;
#2580 = ORIENTED_EDGE ( 'NONE', *, *, #1159, .F. ) ;
#2581 = EDGE_LOOP ( 'NONE', ( #258, #2553, #895 ) ) ;
#2582 = EDGE_CURVE ( 'NONE', #2331, #1426, #112, .T. ) ;
#2583 = ADVANCED_FACE ( 'NONE', ( #1179 ), #950, .T. ) ;
#2584 = AXIS2_PLACEMENT_3D ( 'NONE', #817, #977, #2725 ) ;
#2585 = CARTESIAN_POINT ( 'NONE',  ( 14.87132034355966326, 39.56066017177982275, 0.7500000000000063283 ) ) ;
#2586 = FACE_OUTER_BOUND ( 'NONE', #528, .T. ) ;
#2587 = FACE_OUTER_BOUND ( 'NONE', #2210, .T. ) ;
#2588 = AXIS2_PLACEMENT_3D ( 'NONE', #1288, #1102, #431 ) ;
#2589 = AXIS2_PLACEMENT_3D ( 'NONE', #1157, #2034, #52 ) ;
#2590 = AXIS2_PLACEMENT_3D ( 'NONE', #1060, #2562, #397 ) ;
#2591 = CARTESIAN_POINT ( 'NONE',  ( 3.621320343559663701, 38.50000000000000000, 21.50000000000000000 ) ) ;
#2592 = VERTEX_POINT ( 'NONE', #1392 ) ;
#2593 = FACE_OUTER_BOUND ( 'NONE', #1980, .T. ) ;
#2594 = DIRECTION ( 'NONE',  ( -0.000000000000000000, -0.000000000000000000, 1.000000000000000000 ) ) ;
#2595 = ORIENTED_EDGE ( 'NONE', *, *, #186, .F. ) ;
#2596 = ORIENTED_EDGE ( 'NONE', *, *, #1420, .T. ) ;
#2597 = ORIENTED_EDGE ( 'NONE', *, *, #643, .F. ) ;
#2598 = CARTESIAN_POINT ( 'NONE',  ( 1.500000000000000000, 3.621320343559656596, 20.00000000000000000 ) ) ;
#2599 = LINE ( 'NONE', #1522, #521 ) ;
#2600 = DIRECTION ( 'NONE',  ( -0.000000000000000000, 0.000000000000000000, 1.000000000000000000 ) ) ;
#2601 = ADVANCED_FACE ( 'NONE', ( #1409 ), #2264, .T. ) ;
#2602 = CYLINDRICAL_SURFACE ( 'NONE', #1635, 1.500000000000001332 ) ;
#2603 = ORIENTED_EDGE ( 'NONE', *, *, #640, .F. ) ;
#2604 = CARTESIAN_POINT ( 'NONE',  ( 30.00000000000000711, 0.000000000000000000, 17.49999999999999645 ) ) ;
#2605 = CARTESIAN_POINT ( 'NONE',  ( 3.621320343559664146, 40.00000000000000000, 20.00000000000000000 ) ) ;
#2606 = ORIENTED_EDGE ( 'NONE', *, *, #1119, .T. ) ;
#2607 = CIRCLE ( 'NONE', #2157, 1.700000000000000178 ) ;
#2608 = ORIENTED_EDGE ( 'NONE', *, *, #2216, .T. ) ;
#2609 = ORIENTED_EDGE ( 'NONE', *, *, #1976, .F. ) ;
#2610 = CARTESIAN_POINT ( 'NONE',  ( 15.62132034355964372, 1.500000000000000000, 1.500000000000000000 ) ) ;
#2611 = CARTESIAN_POINT ( 'NONE',  ( 33.50000000000000000, 50.00000000000000000, 0.000000000000000000 ) ) ;
#2612 = AXIS2_PLACEMENT_3D ( 'NONE', #2291, #1147, #1590 ) ;
#2613 = VECTOR ( 'NONE', #500, 1000.000000000000000 ) ;
#2614 = DIRECTION ( 'NONE',  ( 0.7071067811865494601, 0.7071067811865456854, 6.133173666733507399E-16 ) ) ;
#2615 = ORIENTED_EDGE ( 'NONE', *, *, #2766, .F. ) ;
#2616 = VECTOR ( 'NONE', #1798, 1000.000000000000114 ) ;
#2617 = ADVANCED_FACE ( 'NONE', ( #1842 ), #2708, .T. ) ;
#2618 = DIRECTION ( 'NONE',  ( -1.000000000000000000, -0.000000000000000000, -0.000000000000000000 ) ) ;
#2619 = DIRECTION ( 'NONE',  ( 0.000000000000000000, 0.000000000000000000, -1.000000000000000000 ) ) ;
#2620 = ORIENTED_EDGE ( 'NONE', *, *, #547, .F. ) ;
#2621 = VECTOR ( 'NONE', #1727, 1000.000000000000000 ) ;
#2622 = FACE_OUTER_BOUND ( 'NONE', #667, .T. ) ;
#2623 = ORIENTED_EDGE ( 'NONE', *, *, #2222, .T. ) ;
#2624 = ORIENTED_EDGE ( 'NONE', *, *, #1742, .T. ) ;
#2625 = AXIS2_PLACEMENT_3D ( 'NONE', #2305, #1625, #1413 ) ;
#2626 = EDGE_LOOP ( 'NONE', ( #81, #1515, #2559, #916 ) ) ;
#2627 = CARTESIAN_POINT ( 'NONE',  ( 31.50000000000000711, -1.500000000000000000, 0.000000000000000000 ) ) ;
#2628 = FACE_OUTER_BOUND ( 'NONE', #2581, .T. ) ;
#2629 = DIRECTION ( 'NONE',  ( 0.000000000000000000, 0.000000000000000000, -1.000000000000000000 ) ) ;
#2630 = ORIENTED_EDGE ( 'NONE', *, *, #1076, .T. ) ;
#2631 = CIRCLE ( 'NONE', #1405, 1.500000000000001332 ) ;
#2632 = AXIS2_PLACEMENT_3D ( 'NONE', #2824, #2012, #1778 ) ;
#2633 = DIRECTION ( 'NONE',  ( 0.6785983445458457775, -0.6785983445458487751, 0.2810846377148194519 ) ) ;
#2634 = DIRECTION ( 'NONE',  ( -0.000000000000000000, -0.000000000000000000, 1.000000000000000000 ) ) ;
#2635 = ORIENTED_EDGE ( 'NONE', *, *, #1785, .F. ) ;
#2636 = EDGE_CURVE ( 'NONE', #2761, #787, #2694, .T. ) ;
#2637 = DIRECTION ( 'NONE',  ( -0.7071067811865482389, 0.000000000000000000, -0.7071067811865466846 ) ) ;
#2638 = ADVANCED_FACE ( 'NONE', ( #2489 ), #70, .T. ) ;
#2639 = ORIENTED_EDGE ( 'NONE', *, *, #1137, .F. ) ;
#2640 = EDGE_LOOP ( 'NONE', ( #9, #1867, #1440, #274 ) ) ;
#2641 = EDGE_LOOP ( 'NONE', ( #732, #2089, #1081, #842 ) ) ;
#2642 = DIRECTION ( 'NONE',  ( -1.000000000000000000, 0.000000000000000000, -0.000000000000000000 ) ) ;
#2643 = DIRECTION ( 'NONE',  ( 1.000000000000000000, 0.000000000000000000, 0.000000000000000000 ) ) ;
#2644 = CARTESIAN_POINT ( 'NONE',  ( 31.50000000000000711, -8.500000000000000000, 17.49999999999999645 ) ) ;
#2645 = EDGE_LOOP ( 'NONE', ( #1244, #2738, #1709 ) ) ;
#2646 = CARTESIAN_POINT ( 'NONE',  ( 30.00000000000000711, -4.999999999999993783, 11.69999999999999929 ) ) ;
#2647 = CARTESIAN_POINT ( 'NONE',  ( 12.50000000000000000, 3.707106781186560784, 0.000000000000000000 ) ) ;
#2648 = DIRECTION ( 'NONE',  ( 0.6785983445458455554, -0.6785983445458487751, 0.2810846377148193964 ) ) ;
#2649 = ORIENTED_EDGE ( 'NONE', *, *, #664, .T. ) ;
#2650 = EDGE_CURVE ( 'NONE', #508, #613, #326, .T. ) ;
#2651 = DIRECTION ( 'NONE',  ( 1.000000000000000000, 0.000000000000000000, 0.000000000000000000 ) ) ;
#2652 = VERTEX_POINT ( 'NONE', #550 ) ;
#2653 = EDGE_CURVE ( 'NONE', #779, #2376, #2073, .T. ) ;
#2654 = VERTEX_POINT ( 'NONE', #2764 ) ;
#2655 = DIRECTION ( 'NONE',  ( -1.000000000000000000, -0.000000000000000000, -0.000000000000000000 ) ) ;
#2656 = CARTESIAN_POINT ( 'NONE',  ( 3.621320343559646826, 0.000000000000000000, 21.50000000000000000 ) ) ;
#2657 = DIRECTION ( 'NONE',  ( 1.000000000000000000, 0.000000000000000000, 0.000000000000000000 ) ) ;
#2658 = VECTOR ( 'NONE', #2531, 1000.000000000000000 ) ;
#2659 = DIRECTION ( 'NONE',  ( -1.000000000000000000, -0.000000000000000000, 0.000000000000000000 ) ) ;
#2660 = EDGE_LOOP ( 'NONE', ( #1104, #987, #323, #1493 ) ) ;
#2661 = CARTESIAN_POINT ( 'NONE',  ( 23.50000000000000355, 38.50000000000000000, 20.00000000000000000 ) ) ;
#2662 = CARTESIAN_POINT ( 'NONE',  ( 31.65000000000000568, 45.00000000000000000, 8.300000000000000711 ) ) ;
#2663 = DIRECTION ( 'NONE',  ( -0.000000000000000000, -0.000000000000000000, 1.000000000000000000 ) ) ;
#2664 = EDGE_LOOP ( 'NONE', ( #855, #1317, #1564, #2439 ) ) ;
#2665 = CIRCLE ( 'NONE', #1111, 1.500000000000001332 ) ;
#2666 = DIRECTION ( 'NONE',  ( 1.000000000000000000, -0.000000000000000000, -0.000000000000000000 ) ) ;
#2667 = ORIENTED_EDGE ( 'NONE', *, *, #133, .F. ) ;
#2668 = EDGE_LOOP ( 'NONE', ( #1676, #666 ) ) ;
#2669 = DIRECTION ( 'NONE',  ( 0.000000000000000000, 1.000000000000000000, 0.000000000000000000 ) ) ;
#2670 = DIRECTION ( 'NONE',  ( -0.6785983445458486640, -0.6785983445458453334, -0.2810846377148207287 ) ) ;
#2671 = ORIENTED_EDGE ( 'NONE', *, *, #303, .F. ) ;
#2672 = ADVANCED_FACE ( 'NONE', ( #2329 ), #2147, .T. ) ;
#2673 = APPLICATION_CONTEXT ( 'automotive_design' ) ;
#2674 = DIRECTION ( 'NONE',  ( 0.000000000000000000, 1.000000000000000000, 0.000000000000000000 ) ) ;
#2675 = ORIENTED_EDGE ( 'NONE', *, *, #664, .F. ) ;
#2676 = ADVANCED_FACE ( 'NONE', ( #1240 ), #2801, .T. ) ;
#2677 = DIRECTION ( 'NONE',  ( -1.000000000000000000, -0.000000000000000000, -0.000000000000000000 ) ) ;
#2678 = AXIS2_PLACEMENT_3D ( 'NONE', #363, #586, #375 ) ;
#2679 = DIRECTION ( 'NONE',  ( 0.000000000000000000, 0.000000000000000000, -1.000000000000000000 ) ) ;
#2680 = DIRECTION ( 'NONE',  ( 1.000000000000000000, -8.673617379884035472E-16, 1.003088512701685632E-30 ) ) ;
#2681 = VERTEX_POINT ( 'NONE', #819 ) ;
#2682 = CIRCLE ( 'NONE', #1819, 1.500000000000000000 ) ;
#2683 = AXIS2_PLACEMENT_3D ( 'NONE', #1386, #1789, #2466 ) ;
#2684 = CIRCLE ( 'NONE', #489, 1.500000000000000666 ) ;
#2685 = CLOSED_SHELL ( 'NONE', ( #342, #925, #434, #353 ) ) ;
#2686 = CARTESIAN_POINT ( 'NONE',  ( 2.871320343559663257, 39.56066017177982275, 12.75000000000004974 ) ) ;
#2687 = ORIENTED_EDGE ( 'NONE', *, *, #1627, .F. ) ;
#2688 = ORIENTED_EDGE ( 'NONE', *, *, #780, .T. ) ;
#2689 = CARTESIAN_POINT ( 'NONE',  ( 15.62132034355966681, 38.50000000000000000, 1.500000000000000000 ) ) ;
#2690 = CARTESIAN_POINT ( 'NONE',  ( -17.43933982822017370, 17.43933982822025897, 21.50000000000000000 ) ) ;
#2691 = ORIENTED_EDGE ( 'NONE', *, *, #2579, .F. ) ;
#2692 = DIRECTION ( 'NONE',  ( 0.6785983445458485530, 0.6785983445458453334, 0.2810846377148206732 ) ) ;
#2693 = EDGE_CURVE ( 'NONE', #1723, #907, #1471, .T. ) ;
#2695 = FILL_AREA_STYLE ('',( #738 ) ) ;
#2694 = LINE ( 'NONE', #1620, #1849 ) ;
#2696 = MECHANICAL_DESIGN_GEOMETRIC_PRESENTATION_REPRESENTATION (  '', ( #1089 ), #224 ) ;
#2697 = FACE_OUTER_BOUND ( 'NONE', #681, .T. ) ;
#2698 = CARTESIAN_POINT ( 'NONE',  ( 0.02234988831345487148, 36.37867965644034740, 12.36334719101712665 ) ) ;
#2699 = CARTESIAN_POINT ( 'NONE',  ( 3.621320343559646826, 1.500000000000000000, 13.50000000000003908 ) ) ;
#2700 = LINE ( 'NONE', #1834, #1835 ) ;
#2701 = CARTESIAN_POINT ( 'NONE',  ( -3.689339828220159045, 37.43933982822017015, 16.31066017177985472 ) ) ;
#2702 = ORIENTED_EDGE ( 'NONE', *, *, #1234, .F. ) ;
#2703 = DIRECTION ( 'NONE',  ( -0.7071067811865462405, 0.000000000000000000, 0.7071067811865489050 ) ) ;
#2704 = CARTESIAN_POINT ( 'NONE',  ( 1.499999999999999556, 3.621320343559654820, 12.62132034355968102 ) ) ;
#2705 = EDGE_LOOP ( 'NONE', ( #1140, #1880, #637 ) ) ;
#2706 = AXIS2_PLACEMENT_3D ( 'NONE', #1503, #410, #1477 ) ;
#2707 = DIRECTION ( 'NONE',  ( -0.000000000000000000, -1.000000000000000000, -0.000000000000000000 ) ) ;
#2709 = SURFACE_SIDE_STYLE ('',( #1843 ) ) ;
#2708 = SPHERICAL_SURFACE ( 'NONE', #1284, 1.500000000000000000 ) ;
#2710 = AXIS2_PLACEMENT_3D ( 'NONE', #604, #2518, #2508 ) ;
#2711 = EDGE_CURVE ( 'NONE', #1112, #2088, #2344, .T. ) ;
#2712 = AXIS2_PLACEMENT_3D ( 'NONE', #1054, #2370, #415 ) ;
#2713 = DIRECTION ( 'NONE',  ( -0.000000000000000000, -0.000000000000000000, 1.000000000000000000 ) ) ;
#2714 = DIRECTION ( 'NONE',  ( 1.000000000000000000, 0.000000000000000000, -0.000000000000000000 ) ) ;
#2715 = CYLINDRICAL_SURFACE ( 'NONE', #2482, 1.500000000000001332 ) ;
#2716 = AXIS2_PLACEMENT_3D ( 'NONE', #2550, #2825, #2774 ) ;
#2717 = CIRCLE ( 'NONE', #2340, 1.500000000000001332 ) ;
#2718 = EDGE_CURVE ( 'NONE', #1322, #2568, #2201, .T. ) ;
#2719 = ADVANCED_FACE ( 'NONE', ( #616, #2587 ), #1043, .F. ) ;
#2720 = CARTESIAN_POINT ( 'NONE',  ( 1.500000000000000000, 36.37867965644034740, 12.62132034355968102 ) ) ;
#2721 = AXIS2_PLACEMENT_3D ( 'NONE', #2461, #507, #2178 ) ;
#2722 = VERTEX_POINT ( 'NONE', #1897 ) ;
#2723 = CARTESIAN_POINT ( 'NONE',  ( 28.50000000000000355, -1.500000000000000000, 17.49999999999999645 ) ) ;
#2724 = EDGE_LOOP ( 'NONE', ( #2624, #878 ) ) ;
#2725 = DIRECTION ( 'NONE',  ( 1.000000000000000000, 0.000000000000000000, 0.000000000000000000 ) ) ;
#2726 = DIRECTION ( 'NONE',  ( 0.000000000000000000, 0.000000000000000000, 1.000000000000000000 ) ) ;
#2727 = CARTESIAN_POINT ( 'NONE',  ( 10.00000000000000000, 10.00000000000000000, 10.30000000000000071 ) ) ;
#2728 = CIRCLE ( 'NONE', #310, 1.500000000000000000 ) ;
#2729 = CARTESIAN_POINT ( 'NONE',  ( 31.65000000000000568, 45.00000000000000000, 6.650000000000001243 ) ) ;
#2730 = CARTESIAN_POINT ( 'NONE',  ( 0.000000000000000000, 0.000000000000000000, 0.000000000000000000 ) ) ;
#2731 = AXIS2_PLACEMENT_3D ( 'NONE', #1619, #2202, #687 ) ;
#2732 = DIRECTION ( 'NONE',  ( -0.7071067811865463515, -5.074904731855964761E-17, 0.7071067811865487940 ) ) ;
#2733 = ADVANCED_FACE ( 'NONE', ( #404 ), #155, .T. ) ;
#2734 = CIRCLE ( 'NONE', #1125, 5.249999999999997335 ) ;
#2735 = CIRCLE ( 'NONE', #1581, 1.500000000000001332 ) ;
#2736 = ORIENTED_EDGE ( 'NONE', *, *, #2783, .F. ) ;
#2737 = EDGE_CURVE ( 'NONE', #2181, #2483, #1852, .T. ) ;
#2738 = ORIENTED_EDGE ( 'NONE', *, *, #560, .T. ) ;
#2739 = LINE ( 'NONE', #2780, #1630 ) ;
#2740 = CYLINDRICAL_SURFACE ( 'NONE', #2335, 1.500000000000001332 ) ;
#2741 = CARTESIAN_POINT ( 'NONE',  ( 2.560660171779832073, 2.560660171779820082, 21.50000000000000000 ) ) ;
#2742 = CARTESIAN_POINT ( 'NONE',  ( 26.50000000000000711, 40.00000000000000000, 20.50000000000000000 ) ) ;
#2743 = DIRECTION ( 'NONE',  ( 0.000000000000000000, 0.000000000000000000, -1.000000000000000000 ) ) ;
#2744 = DIRECTION ( 'NONE',  ( 0.000000000000000000, 0.000000000000000000, 1.000000000000000000 ) ) ;
#2745 = EDGE_CURVE ( 'NONE', #2568, #214, #2782, .T. ) ;
#2746 = ORIENTED_EDGE ( 'NONE', *, *, #1943, .F. ) ;
#2747 = ORIENTED_EDGE ( 'NONE', *, *, #648, .T. ) ;
#2748 = EDGE_CURVE ( 'NONE', #613, #2192, #1255, .T. ) ;
#2749 = EDGE_CURVE ( 'NONE', #107, #1112, #976, .T. ) ;
#2750 = DIRECTION ( 'NONE',  ( 1.000000000000000000, -0.000000000000000000, 0.000000000000000000 ) ) ;
#2751 = PLANE ( 'NONE',  #927 ) ;
#2752 = FACE_OUTER_BOUND ( 'NONE', #2802, .T. ) ;
#2753 = CYLINDRICAL_SURFACE ( 'NONE', #747, 1.500000000000001332 ) ;
#2754 = PLANE ( 'NONE',  #663 ) ;
#2755 = CIRCLE ( 'NONE', #1888, 1.500000000000001332 ) ;
#2756 = DIRECTION ( 'NONE',  ( 1.000000000000000000, 0.000000000000000000, -0.000000000000000000 ) ) ;
#2757 = DIRECTION ( 'NONE',  ( 1.308410382236477371E-14, -1.000000000000000000, -0.000000000000000000 ) ) ;
#2758 = VECTOR ( 'NONE', #93, 1000.000000000000114 ) ;
#2759 = EDGE_LOOP ( 'NONE', ( #240, #225, #2609, #1703 ) ) ;
#2760 = CIRCLE ( 'NONE', #1517, 1.500000000000000000 ) ;
#2761 = VERTEX_POINT ( 'NONE', #2134 ) ;
#2762 = PLANE ( 'NONE',  #1488 ) ;
#2763 = LINE ( 'NONE', #2316, #1436 ) ;
#2764 = CARTESIAN_POINT ( 'NONE',  ( 15.62132034355966681, 40.00000000000000000, 1.500000000000000000 ) ) ;
#2765 = EDGE_CURVE ( 'NONE', #437, #1766, #2296, .T. ) ;
#2766 = EDGE_CURVE ( 'NONE', #1322, #1666, #183, .T. ) ;
#2767 = VECTOR ( 'NONE', #1790, 1000.000000000000114 ) ;
#2768 = DIRECTION ( 'NONE',  ( 0.000000000000000000, -0.000000000000000000, -1.000000000000000000 ) ) ;
#2769 = SPHERICAL_SURFACE ( 'NONE', #2114, 1.500000000000000000 ) ;
#2770 = EDGE_LOOP ( 'NONE', ( #2810, #2325, #2241, #1280 ) ) ;
#2771 = EDGE_CURVE ( 'NONE', #226, #275, #1924, .T. ) ;
#2772 = CIRCLE ( 'NONE', #532, 1.500000000000000000 ) ;
#2773 = DIRECTION ( 'NONE',  ( 0.000000000000000000, 1.000000000000000000, -0.000000000000000000 ) ) ;
#2774 = DIRECTION ( 'NONE',  ( 0.000000000000000000, 0.000000000000000000, 1.000000000000000000 ) ) ;
#2775 = AXIS2_PLACEMENT_3D ( 'NONE', #2610, #1521, #2184 ) ;
#2776 = AXIS2_PLACEMENT_3D ( 'NONE', #198, #2812, #850 ) ;
#2777 = EDGE_LOOP ( 'NONE', ( #346, #1951, #1236 ) ) ;
#2778 = VERTEX_POINT ( 'NONE', #1911 ) ;
#2779 = AXIS2_PLACEMENT_3D ( 'NONE', #1939, #1232, #2112 ) ;
#2780 = CARTESIAN_POINT ( 'NONE',  ( 25.00000000000000355, 1.500000000000000000, 23.00000000000000000 ) ) ;
#2781 = PLANE ( 'NONE',  #206 ) ;
#2782 = LINE ( 'NONE', #588, #606 ) ;
#2783 = EDGE_CURVE ( 'NONE', #2174, #418, #1978, .T. ) ;
#2784 = DIRECTION ( 'NONE',  ( 0.000000000000000000, 0.000000000000000000, -1.000000000000000000 ) ) ;
#2785 = EDGE_LOOP ( 'NONE', ( #1958, #30, #868, #1336 ) ) ;
#2786 = EDGE_CURVE ( 'NONE', #1199, #1617, #114, .T. ) ;
#2787 = DIRECTION ( 'NONE',  ( -1.000000000000000000, -0.000000000000000000, -0.000000000000000000 ) ) ;
#2788 = ADVANCED_FACE ( 'NONE', ( #829 ), #1143, .T. ) ;
#2789 = DIRECTION ( 'NONE',  ( 5.782411586589339889E-16, -1.000000000000000000, -5.782411586589357639E-16 ) ) ;
#2790 = EDGE_LOOP ( 'NONE', ( #1732, #636, #2411, #885 ) ) ;
#2791 = DIRECTION ( 'NONE',  ( -0.6785983445458513286, -0.6785983445458476648, -0.2810846377148082942 ) ) ;
#2792 = LINE ( 'NONE', #1669, #2123 ) ;
#2793 = DIRECTION ( 'NONE',  ( 1.000000000000000000, 0.000000000000000000, 0.000000000000000000 ) ) ;
#2794 = LINE ( 'NONE', #21, #1036 ) ;
#2795 = ORIENTED_EDGE ( 'NONE', *, *, #1342, .T. ) ;
#2796 = VECTOR ( 'NONE', #1350, 1000.000000000000000 ) ;
#2797 = CARTESIAN_POINT ( 'NONE',  ( 1.500000000000000444, 3.621320343559655708, 12.62132034355968102 ) ) ;
#2798 = DIRECTION ( 'NONE',  ( -0.000000000000000000, -0.000000000000000000, 1.000000000000000000 ) ) ;
#2799 = VECTOR ( 'NONE', #538, 1000.000000000000000 ) ;
#2800 = ADVANCED_FACE ( 'NONE', ( #36 ), #905, .T. ) ;
#2801 = TOROIDAL_SURFACE ( 'NONE', #16, 3.000000000000000000, 1.500000000000000000 ) ;
#2802 = EDGE_LOOP ( 'NONE', ( #683, #163, #1385, #1066 ) ) ;
#2803 = VERTEX_POINT ( 'NONE', #1297 ) ;
#2804 = CIRCLE ( 'NONE', #978, 1.500000000000000666 ) ;
#2805 = CARTESIAN_POINT ( 'NONE',  ( 28.50000000000000355, -1.500000000000000000, 0.000000000000000000 ) ) ;
#2806 = CARTESIAN_POINT ( 'NONE',  ( 2.560660171779823191, 0.4393398282201814165, 21.50000000000000000 ) ) ;
#2807 = CARTESIAN_POINT ( 'NONE',  ( 1.910824630339294838, 1.399835541440534570, 12.35214964898294987 ) ) ;
#2808 = AXIS2_PLACEMENT_3D ( 'NONE', #11, #2028, #910 ) ;
#2809 = DIRECTION ( 'NONE',  ( 0.000000000000000000, 0.000000000000000000, 1.000000000000000000 ) ) ;
#2810 = ORIENTED_EDGE ( 'NONE', *, *, #212, .T. ) ;
#2811 = CARTESIAN_POINT ( 'NONE',  ( 3.621320343559664146, 40.00000000000000000, 21.50000000000000000 ) ) ;
#2812 = DIRECTION ( 'NONE',  ( 0.000000000000000000, 0.000000000000000000, 1.000000000000000000 ) ) ;
#2813 = ORIENTED_EDGE ( 'NONE', *, *, #1645, .T. ) ;
#2814 = ORIENTED_EDGE ( 'NONE', *, *, #2200, .F. ) ;
#2815 = EDGE_LOOP ( 'NONE', ( #1331, #280, #2227, #1266 ) ) ;
#2816 = AXIS2_PLACEMENT_3D ( 'NONE', #1697, #614, #192 ) ;
#2817 = FACE_OUTER_BOUND ( 'NONE', #2641, .T. ) ;
#2818 = DIRECTION ( 'NONE',  ( -0.000000000000000000, -0.000000000000000000, 1.000000000000000000 ) ) ;
#2819 = DIRECTION ( 'NONE',  ( -0.7071067811865470176, 8.177564888977992445E-16, 0.7071067811865480168 ) ) ;
#2820 = CIRCLE ( 'NONE', #132, 1.500000000000000000 ) ;
#2821 = VECTOR ( 'NONE', #1919, 1000.000000000000000 ) ;
#2822 = DIRECTION ( 'NONE',  ( -1.000000000000000000, -0.000000000000000000, -0.000000000000000000 ) ) ;
#2823 = ORIENTED_EDGE ( 'NONE', *, *, #697, .T. ) ;
#2824 = CARTESIAN_POINT ( 'NONE',  ( 33.50000000000000000, 48.50000000000000000, 17.49999999999999645 ) ) ;
#2825 = DIRECTION ( 'NONE',  ( 0.000000000000000000, 1.000000000000000000, 0.000000000000000000 ) ) ;
#2826 = ORIENTED_EDGE ( 'NONE', *, *, #1747, .F. ) ;
ENDSEC;
END-ISO-10303-21;
