ISO-10303-21;
HEADER;
FILE_DESCRIPTION (( 'STEP AP214' ),
    '1' );
FILE_NAME ('hinge swing bottom.STEP',
    '2025-09-19T03:20:49',
    ( '' ),
    ( '' ),
    'SwSTEP 2.0',
    'SolidWorks 2024',
    '' );
FILE_SCHEMA (( 'AUTOMOTIVE_DESIGN' ));
ENDSEC;

DATA;
#1 = ORIENTED_EDGE ( 'NONE', *, *, #22, .F. ) ;
#2 = LINE ( 'NONE', #1400, #577 ) ;
#3 = AXIS2_PLACEMENT_3D ( 'NONE', #326, #1135, #707 ) ;
#4 = DIRECTION ( 'NONE',  ( -1.000000000000000000, 0.000000000000000000, 0.000000000000000000 ) ) ;
#5 = EDGE_CURVE ( 'NONE', #1389, #353, #621, .T. ) ;
#6 = EDGE_LOOP ( 'NONE', ( #267, #588, #487, #1347 ) ) ;
#7 = PLANE ( 'NONE',  #853 ) ;
#8 = CIRCLE ( 'NONE', #400, 1.500000000000000000 ) ;
#9 = ORIENTED_EDGE ( 'NONE', *, *, #1184, .T. ) ;
#10 = CARTESIAN_POINT ( 'NONE',  ( 16.00000000000000000, -3.400000000000009681, -1.639483628583459973 ) ) ;
#11 = ADVANCED_FACE ( 'NONE', ( #1299 ), #1206, .T. ) ;
#12 = ORIENTED_EDGE ( 'NONE', *, *, #428, .F. ) ;
#13 = DIRECTION ( 'NONE',  ( 0.000000000000000000, -1.000000000000000000, 0.000000000000000000 ) ) ;
#14 = ORIENTED_EDGE ( 'NONE', *, *, #1171, .F. ) ;
#15 = DIRECTION ( 'NONE',  ( 0.000000000000000000, 0.000000000000000000, -1.000000000000000000 ) ) ;
#16 = FACE_BOUND ( 'NONE', #697, .T. ) ;
#17 = CARTESIAN_POINT ( 'NONE',  ( 16.00000000000000000, -7.200000000000001066, -2.000000000000002665 ) ) ;
#18 = CARTESIAN_POINT ( 'NONE',  ( 29.00000000000000000, -7.000000000000000000, 0.000000000000000000 ) ) ;
#19 = EDGE_LOOP ( 'NONE', ( #1217, #1251, #511, #831 ) ) ;
#20 = DIRECTION ( 'NONE',  ( 0.000000000000000000, -1.000000000000000000, 0.000000000000000000 ) ) ;
#21 = AXIS2_PLACEMENT_3D ( 'NONE', #584, #108, #678 ) ;
#22 = EDGE_CURVE ( 'NONE', #1374, #1239, #1234, .T. ) ;
#23 = DIRECTION ( 'NONE',  ( 0.000000000000000000, -1.000000000000000000, 1.355252715606888678E-16 ) ) ;
#24 = AXIS2_PLACEMENT_3D ( 'NONE', #782, #1245, #1220 ) ;
#25 = DIRECTION ( 'NONE',  ( 1.000000000000000000, 0.000000000000000000, 0.000000000000000000 ) ) ;
#26 = DIRECTION ( 'NONE',  ( 0.000000000000000000, 0.000000000000000000, 1.000000000000000000 ) ) ;
#27 = ORIENTED_EDGE ( 'NONE', *, *, #1189, .T. ) ;
#28 = CARTESIAN_POINT ( 'NONE',  ( 16.00000000000000000, -7.199999999999991296, -8.000000000000003553 ) ) ;
#29 = CIRCLE ( 'NONE', #626, 3.000000000000000000 ) ;
#30 = VECTOR ( 'NONE', #520, 1000.000000000000000 ) ;
#31 = ORIENTED_EDGE ( 'NONE', *, *, #930, .F. ) ;
#32 = FACE_OUTER_BOUND ( 'NONE', #579, .T. ) ;
#33 = ORIENTED_EDGE ( 'NONE', *, *, #1101, .T. ) ;
#34 = FACE_OUTER_BOUND ( 'NONE', #19, .T. ) ;
#35 = ORIENTED_EDGE ( 'NONE', *, *, #1397, .F. ) ;
#36 = EDGE_CURVE ( 'NONE', #1389, #897, #844, .T. ) ;
#37 = CARTESIAN_POINT ( 'NONE',  ( 32.00000000000000000, -3.000000000000000000, -1.500000000000000000 ) ) ;
#38 = EDGE_CURVE ( 'NONE', #851, #1208, #1351, .T. ) ;
#39 = DIRECTION ( 'NONE',  ( 0.000000000000000000, -1.000000000000000000, 0.000000000000000000 ) ) ;
#40 = VERTEX_POINT ( 'NONE', #975 ) ;
#41 = LINE ( 'NONE', #526, #30 ) ;
#42 = AXIS2_PLACEMENT_3D ( 'NONE', #1105, #421, #878 ) ;
#43 = AXIS2_PLACEMENT_3D ( 'NONE', #1183, #610, #1060 ) ;
#44 = ORIENTED_EDGE ( 'NONE', *, *, #260, .T. ) ;
#45 = DIRECTION ( 'NONE',  ( 0.000000000000000000, 0.000000000000000000, -1.000000000000000000 ) ) ;
#46 = ADVANCED_FACE ( 'NONE', ( #632 ), #254, .T. ) ;
#47 = ORIENTED_EDGE ( 'NONE', *, *, #1222, .T. ) ;
#48 = CARTESIAN_POINT ( 'NONE',  ( 12.00000000000000000, -1.499999999999999778, -8.000000000000001776 ) ) ;
#49 = CARTESIAN_POINT ( 'NONE',  ( 28.00000000000000000, -5.000000000000001776, 0.000000000000000000 ) ) ;
#50 = CIRCLE ( 'NONE', #744, 1.499999999999999556 ) ;
#51 = CARTESIAN_POINT ( 'NONE',  ( 3.000000000000000000, -1.499999999999999556, -12.00000000000000000 ) ) ;
#52 = DIRECTION ( 'NONE',  ( -0.000000000000000000, -1.000000000000000000, -0.000000000000000000 ) ) ;
#53 = EDGE_CURVE ( 'NONE', #1018, #120, #953, .T. ) ;
#54 = ORIENTED_EDGE ( 'NONE', *, *, #546, .F. ) ;
#55 = DIRECTION ( 'NONE',  ( 0.000000000000000000, -1.734723475976807834E-16, -1.000000000000000000 ) ) ;
#56 = ORIENTED_EDGE ( 'NONE', *, *, #373, .F. ) ;
#57 = FACE_OUTER_BOUND ( 'NONE', #721, .T. ) ;
#58 = ADVANCED_FACE ( 'NONE', ( #733 ), #862, .F. ) ;
#59 = PLANE ( 'NONE',  #1368 ) ;
#60 = CARTESIAN_POINT ( 'NONE',  ( 28.00000000000000000, -2.800000000000009148, -8.000000000000001776 ) ) ;
#61 = ORIENTED_EDGE ( 'NONE', *, *, #66, .F. ) ;
#62 = DIRECTION ( 'NONE',  ( 0.000000000000000000, 0.000000000000000000, 1.000000000000000000 ) ) ;
#63 = EDGE_LOOP ( 'NONE', ( #1479, #586, #186, #623 ) ) ;
#64 =( NAMED_UNIT ( * ) SI_UNIT ( $, .STERADIAN. ) SOLID_ANGLE_UNIT ( ) );
#65 = CIRCLE ( 'NONE', #1089, 1.600000000000007638 ) ;
#66 = EDGE_CURVE ( 'NONE', #1208, #851, #884, .T. ) ;
#67 = CARTESIAN_POINT ( 'NONE',  ( 9.000000000000001776, -10.00000000000000000, -12.00000000000000000 ) ) ;
#68 = CARTESIAN_POINT ( 'NONE',  ( 12.00000000000000355, -0.6213203435596426072, -8.000000000000001776 ) ) ;
#69 = VERTEX_POINT ( 'NONE', #503 ) ;
#70 = DIRECTION ( 'NONE',  ( 0.000000000000000000, 0.000000000000000000, 1.000000000000000000 ) ) ;
#71 = AXIS2_PLACEMENT_3D ( 'NONE', #1047, #1401, #4 ) ;
#72 = VERTEX_POINT ( 'NONE', #248 ) ;
#73 = CARTESIAN_POINT ( 'NONE',  ( 0.000000000000000000, 0.000000000000000000, 0.000000000000000000 ) ) ;
#74 = AXIS2_PLACEMENT_3D ( 'NONE', #1197, #1316, #1100 ) ;
#75 = AXIS2_PLACEMENT_3D ( 'NONE', #771, #1355, #1257 ) ;
#76 = DIRECTION ( 'NONE',  ( 0.000000000000000000, 1.000000000000000000, 0.000000000000000000 ) ) ;
#77 = CARTESIAN_POINT ( 'NONE',  ( 6.000000000000000000, -10.00000000000000000, -7.600000000000007638 ) ) ;
#78 = EDGE_LOOP ( 'NONE', ( #1420, #1099 ) ) ;
#79 = FACE_OUTER_BOUND ( 'NONE', #986, .T. ) ;
#80 = ORIENTED_EDGE ( 'NONE', *, *, #611, .T. ) ;
#81 = CARTESIAN_POINT ( 'NONE',  ( 29.59999999999999076, -5.000000000000001776, 0.000000000000000000 ) ) ;
#82 = DIRECTION ( 'NONE',  ( -0.000000000000000000, 8.673617379884035472E-17, 1.000000000000000000 ) ) ;
#83 = CARTESIAN_POINT ( 'NONE',  ( 11.37867965644035628, -1.614108343103369153E-16, -7.378679656440359835 ) ) ;
#84 = EDGE_CURVE ( 'NONE', #701, #559, #382, .T. ) ;
#85 = ORIENTED_EDGE ( 'NONE', *, *, #335, .T. ) ;
#86 = DIRECTION ( 'NONE',  ( 1.000000000000000000, -0.000000000000000000, -0.000000000000000000 ) ) ;
#87 = ORIENTED_EDGE ( 'NONE', *, *, #735, .F. ) ;
#88 = CARTESIAN_POINT ( 'NONE',  ( 12.00000000000000000, -8.500000000000000000, -8.000000000000000000 ) ) ;
#89 = MECHANICAL_DESIGN_GEOMETRIC_PRESENTATION_REPRESENTATION (  '', ( #1090 ), #1332 ) ;
#90 = CARTESIAN_POINT ( 'NONE',  ( 32.00000000000000000, -7.000000000000000000, 0.000000000000000000 ) ) ;
#91 = DIRECTION ( 'NONE',  ( -0.000000000000000000, -0.000000000000000000, -1.000000000000000000 ) ) ;
#92 = EDGE_LOOP ( 'NONE', ( #636, #1366, #112, #61 ) ) ;
#93 = FACE_BOUND ( 'NONE', #1465, .T. ) ;
#94 = ADVANCED_FACE ( 'NONE', ( #855 ), #129, .F. ) ;
#95 = ORIENTED_EDGE ( 'NONE', *, *, #38, .F. ) ;
#96 = DIRECTION ( 'NONE',  ( 1.000000000000000000, 0.000000000000000000, 0.000000000000000000 ) ) ;
#97 = CIRCLE ( 'NONE', #790, 2.999999999999999112 ) ;
#98 = CIRCLE ( 'NONE', #1219, 1.500000000000000000 ) ;
#99 = LINE ( 'NONE', #90, #625 ) ;
#100 = LINE ( 'NONE', #815, #1461 ) ;
#101 = VECTOR ( 'NONE', #631, 1000.000000000000000 ) ;
#102 = ORIENTED_EDGE ( 'NONE', *, *, #819, .T. ) ;
#103 = EDGE_CURVE ( 'NONE', #437, #1223, #389, .T. ) ;
#104 = CARTESIAN_POINT ( 'NONE',  ( 12.00000000000000000, -10.00000000000000000, -8.000000000000000000 ) ) ;
#105 = ORIENTED_EDGE ( 'NONE', *, *, #1498, .T. ) ;
#106 = DIRECTION ( 'NONE',  ( -1.000000000000000000, 0.000000000000000000, 0.000000000000000000 ) ) ;
#107 = EDGE_CURVE ( 'NONE', #202, #277, #1201, .T. ) ;
#108 = DIRECTION ( 'NONE',  ( -1.000000000000000000, -0.000000000000000000, -0.000000000000000000 ) ) ;
#109 = FACE_OUTER_BOUND ( 'NONE', #78, .T. ) ;
#110 = ORIENTED_EDGE ( 'NONE', *, *, #1228, .T. ) ;
#111 = CARTESIAN_POINT ( 'NONE',  ( 1.500000000000000000, -10.00000000000000000, -9.000000000000001776 ) ) ;
#112 = ORIENTED_EDGE ( 'NONE', *, *, #1282, .T. ) ;
#113 = CARTESIAN_POINT ( 'NONE',  ( 9.000000000000001776, -10.00000000000000000, -10.50000000000000000 ) ) ;
#114 = DIRECTION ( 'NONE',  ( -0.000000000000000000, 8.673617379884035472E-17, 1.000000000000000000 ) ) ;
#115 = DIRECTION ( 'NONE',  ( 0.000000000000000000, 1.000000000000000000, 0.000000000000000000 ) ) ;
#116 = CIRCLE ( 'NONE', #367, 1.500000000000000000 ) ;
#117 = AXIS2_PLACEMENT_3D ( 'NONE', #734, #976, #376 ) ;
#118 = VERTEX_POINT ( 'NONE', #645 ) ;
#119 = FACE_OUTER_BOUND ( 'NONE', #1277, .T. ) ;
#120 = VERTEX_POINT ( 'NONE', #189 ) ;
#121 = DIRECTION ( 'NONE',  ( 0.000000000000000000, 0.000000000000000000, -1.000000000000000000 ) ) ;
#122 = CIRCLE ( 'NONE', #1048, 2.199999999999989964 ) ;
#123 = LINE ( 'NONE', #1103, #999 ) ;
#124 = LINE ( 'NONE', #603, #1333 ) ;
#125 = ORIENTED_EDGE ( 'NONE', *, *, #489, .T. ) ;
#126 = VERTEX_POINT ( 'NONE', #893 ) ;
#127 = CARTESIAN_POINT ( 'NONE',  ( 10.50000000000000000, -1.499999999999999556, 0.000000000000000000 ) ) ;
#128 = CARTESIAN_POINT ( 'NONE',  ( 30.50000000000000000, -3.000000000000000444, -8.000000000000001776 ) ) ;
#129 = CYLINDRICAL_SURFACE ( 'NONE', #321, 2.199999999999995293 ) ;
#130 = CARTESIAN_POINT ( 'NONE',  ( 16.00000000000000000, -5.000000000000000000, 1.359357947053559592E-15 ) ) ;
#131 = EDGE_CURVE ( 'NONE', #69, #1423, #909, .T. ) ;
#132 = VERTEX_POINT ( 'NONE', #669 ) ;
#133 = CARTESIAN_POINT ( 'NONE',  ( 9.000000000000001776, -8.500000000000000000, -10.50000000000000000 ) ) ;
#134 = DIRECTION ( 'NONE',  ( 0.000000000000000000, 0.000000000000000000, -1.000000000000000000 ) ) ;
#135 = ORIENTED_EDGE ( 'NONE', *, *, #1462, .F. ) ;
#136 = DIRECTION ( 'NONE',  ( 1.000000000000000000, 0.000000000000000000, 0.000000000000000000 ) ) ;
#137 = VERTEX_POINT ( 'NONE', #1110 ) ;
#138 = CARTESIAN_POINT ( 'NONE',  ( 1.500000000000000000, -8.500000000000000000, 0.000000000000000000 ) ) ;
#139 = AXIS2_PLACEMENT_3D ( 'NONE', #1027, #114, #908 ) ;
#140 = EDGE_CURVE ( 'NONE', #328, #1223, #268, .T. ) ;
#141 = ORIENTED_EDGE ( 'NONE', *, *, #959, .T. ) ;
#142 = CARTESIAN_POINT ( 'NONE',  ( 16.00000000000000000, -5.000000000000000000, -1.639483628583459751 ) ) ;
#143 = TOROIDAL_SURFACE ( 'NONE', #24, 1.500000000000000000, 1.500000000000000000 ) ;
#144 = PRODUCT_DEFINITION_SHAPE ( 'NONE', 'NONE',  #757 ) ;
#145 = CARTESIAN_POINT ( 'NONE',  ( 16.00000000000000000, -5.000000000000000888, -8.000000000000001776 ) ) ;
#146 = DIRECTION ( 'NONE',  ( 0.000000000000000000, 0.000000000000000000, -1.000000000000000000 ) ) ;
#147 = ADVANCED_FACE ( 'NONE', ( #1097 ), #143, .T. ) ;
#148 = ORIENTED_EDGE ( 'NONE', *, *, #1077, .F. ) ;
#149 = DIRECTION ( 'NONE',  ( 0.000000000000000000, 0.000000000000000000, -1.000000000000000000 ) ) ;
#150 = CONICAL_SURFACE ( 'NONE', #474, 2.200000000000000622, 1.029744258676653867 ) ;
#151 = UNCERTAINTY_MEASURE_WITH_UNIT (LENGTH_MEASURE( 1.000000000000000082E-05 ), #476, 'distance_accuracy_value', 'NONE');
#152 = CIRCLE ( 'NONE', #1078, 1.599999999999990319 ) ;
#153 = ORIENTED_EDGE ( 'NONE', *, *, #1507, .F. ) ;
#154 = EDGE_CURVE ( 'NONE', #803, #572, #536, .T. ) ;
#155 = ORIENTED_EDGE ( 'NONE', *, *, #154, .T. ) ;
#156 = DIRECTION ( 'NONE',  ( -0.000000000000000000, -1.000000000000000000, 2.891205793294679312E-16 ) ) ;
#157 = EDGE_LOOP ( 'NONE', ( #54, #1231, #917, #519 ) ) ;
#158 = CARTESIAN_POINT ( 'NONE',  ( 17.59999999999999076, -5.000000000000000000, -1.639483628583459751 ) ) ;
#159 = ORIENTED_EDGE ( 'NONE', *, *, #907, .F. ) ;
#160 = EDGE_CURVE ( 'NONE', #481, #803, #1236, .T. ) ;
#161 = ORIENTED_EDGE ( 'NONE', *, *, #1101, .F. ) ;
#162 = CARTESIAN_POINT ( 'NONE',  ( 0.000000000000000000, -8.500000000000000000, -1.500000000000000000 ) ) ;
#163 = ORIENTED_EDGE ( 'NONE', *, *, #408, .F. ) ;
#164 = CARTESIAN_POINT ( 'NONE',  ( 9.000000000000001776, -1.499999999999999556, -9.000000000000001776 ) ) ;
#165 = AXIS2_PLACEMENT_3D ( 'NONE', #573, #1510, #13 ) ;
#166 = AXIS2_PLACEMENT_3D ( 'NONE', #558, #1353, #436 ) ;
#167 = EDGE_CURVE ( 'NONE', #178, #803, #97, .T. ) ;
#168 = CARTESIAN_POINT ( 'NONE',  ( 28.00000000000000000, -5.000000000000001776, -1.639483628583461305 ) ) ;
#169 = DIRECTION ( 'NONE',  ( 0.000000000000000000, -1.000000000000000000, 0.000000000000000000 ) ) ;
#170 = EDGE_CURVE ( 'NONE', #1454, #415, #530, .T. ) ;
#171 = ORIENTED_EDGE ( 'NONE', *, *, #872, .F. ) ;
#172 = CARTESIAN_POINT ( 'NONE',  ( 30.50000000000000355, -7.000000000000000000, 0.000000000000000000 ) ) ;
#173 = EDGE_LOOP ( 'NONE', ( #521, #719, #574, #675 ) ) ;
#174 = CARTESIAN_POINT ( 'NONE',  ( 9.000000000000001776, -8.500000000000000000, -9.000000000000001776 ) ) ;
#175 = CIRCLE ( 'NONE', #453, 2.999999999999999112 ) ;
#176 = DIRECTION ( 'NONE',  ( -1.000000000000000000, 0.000000000000000000, 0.000000000000000000 ) ) ;
#177 = FACE_OUTER_BOUND ( 'NONE', #1502, .T. ) ;
#178 = VERTEX_POINT ( 'NONE', #989 ) ;
#179 = EDGE_CURVE ( 'NONE', #1002, #40, #653, .T. ) ;
#180 = ORIENTED_EDGE ( 'NONE', *, *, #253, .F. ) ;
#181 = DIRECTION ( 'NONE',  ( 0.000000000000000000, 1.000000000000000000, 0.000000000000000000 ) ) ;
#182 = DIRECTION ( 'NONE',  ( -1.000000000000000000, 0.000000000000000000, 0.000000000000000000 ) ) ;
#183 = FACE_OUTER_BOUND ( 'NONE', #1494, .T. ) ;
#184 = ORIENTED_EDGE ( 'NONE', *, *, #373, .T. ) ;
#185 = DIRECTION ( 'NONE',  ( 0.000000000000000000, 0.000000000000000000, -1.000000000000000000 ) ) ;
#186 = ORIENTED_EDGE ( 'NONE', *, *, #546, .T. ) ;
#187 = CARTESIAN_POINT ( 'NONE',  ( 28.00000000000000000, -7.199999999999999289, -2.000000000000002665 ) ) ;
#188 = AXIS2_PLACEMENT_3D ( 'NONE', #633, #156, #729 ) ;
#189 = CARTESIAN_POINT ( 'NONE',  ( 32.00000000000000000, -3.000000000000000000, -1.500000000000000000 ) ) ;
#190 = CARTESIAN_POINT ( 'NONE',  ( 30.50000000000000000, -7.000000000000000000, 0.000000000000000000 ) ) ;
#191 = ORIENTED_EDGE ( 'NONE', *, *, #995, .T. ) ;
#192 = DIRECTION ( 'NONE',  ( 0.000000000000000000, -1.000000000000000000, 1.355252715606888678E-16 ) ) ;
#193 = AXIS2_PLACEMENT_3D ( 'NONE', #475, #82, #1160 ) ;
#194 = EDGE_CURVE ( 'NONE', #788, #1288, #122, .T. ) ;
#195 = EDGE_LOOP ( 'NONE', ( #730, #964, #1354, #1032 ) ) ;
#196 = DIRECTION ( 'NONE',  ( 0.000000000000000000, 0.000000000000000000, 1.000000000000000000 ) ) ;
#197 = AXIS2_PLACEMENT_3D ( 'NONE', #1289, #20, #589 ) ;
#198 = ADVANCED_FACE ( 'NONE', ( #1326, #1470, #1361 ), #59, .F. ) ;
#199 = AXIS2_PLACEMENT_3D ( 'NONE', #438, #1017, #1338 ) ;
#200 = FACE_OUTER_BOUND ( 'NONE', #686, .T. ) ;
#201 = CARTESIAN_POINT ( 'NONE',  ( 6.000000000000000000, -4.000000000000000000, -7.600000000000012967 ) ) ;
#202 = VERTEX_POINT ( 'NONE', #1212 ) ;
#203 = CYLINDRICAL_SURFACE ( 'NONE', #274, 1.499999999999999556 ) ;
#204 = ORIENTED_EDGE ( 'NONE', *, *, #637, .F. ) ;
#205 = FACE_OUTER_BOUND ( 'NONE', #651, .T. ) ;
#206 = FACE_OUTER_BOUND ( 'NONE', #92, .T. ) ;
#207 = EDGE_CURVE ( 'NONE', #72, #1430, #1452, .T. ) ;
#208 = EDGE_LOOP ( 'NONE', ( #711, #1081 ) ) ;
#209 = DIRECTION ( 'NONE',  ( 0.000000000000000000, 0.000000000000000000, -1.000000000000000000 ) ) ;
#210 = ORIENTED_EDGE ( 'NONE', *, *, #1471, .T. ) ;
#211 =( LENGTH_UNIT ( ) NAMED_UNIT ( * ) SI_UNIT ( .MILLI., .METRE. ) );
#212 = APPLICATION_CONTEXT ( 'automotive_design' ) ;
#213 = VECTOR ( 'NONE', #622, 1000.000000000000000 ) ;
#214 = EDGE_CURVE ( 'NONE', #572, #1051, #317, .T. ) ;
#215 = CIRCLE ( 'NONE', #139, 1.599999999999990319 ) ;
#216 = FACE_OUTER_BOUND ( 'NONE', #1309, .T. ) ;
#217 = AXIS2_PLACEMENT_3D ( 'NONE', #531, #1020, #990 ) ;
#218 = DIRECTION ( 'NONE',  ( 0.000000000000000000, -1.000000000000000000, 1.355252715606888678E-16 ) ) ;
#219 = ORIENTED_EDGE ( 'NONE', *, *, #819, .F. ) ;
#220 = LINE ( 'NONE', #581, #639 ) ;
#221 = ADVANCED_FACE ( 'NONE', ( #200 ), #876, .T. ) ;
#222 = ORIENTED_EDGE ( 'NONE', *, *, #591, .T. ) ;
#223 = DIRECTION ( 'NONE',  ( 1.000000000000000000, -0.000000000000000000, -0.000000000000000000 ) ) ;
#224 = AXIS2_PLACEMENT_3D ( 'NONE', #968, #1185, #1426 ) ;
#225 = VECTOR ( 'NONE', #1469, 1000.000000000000000 ) ;
#226 = DIRECTION ( 'NONE',  ( 0.000000000000000000, 0.000000000000000000, 1.000000000000000000 ) ) ;
#227 = ORIENTED_EDGE ( 'NONE', *, *, #1376, .T. ) ;
#228 = LINE ( 'NONE', #1043, #928 ) ;
#229 = EDGE_LOOP ( 'NONE', ( #1025, #440, #792, #1181 ) ) ;
#230 = CARTESIAN_POINT ( 'NONE',  ( 32.00000000000000000, -8.500000000000000000, -8.000000000000000000 ) ) ;
#231 = EDGE_CURVE ( 'NONE', #1108, #902, #1335, .T. ) ;
#232 = CARTESIAN_POINT ( 'NONE',  ( 0.000000000000000000, -10.00000000000000000, -12.00000000000000000 ) ) ;
#233 = ORIENTED_EDGE ( 'NONE', *, *, #702, .F. ) ;
#234 = DIRECTION ( 'NONE',  ( 0.000000000000000000, 1.000000000000000000, 0.000000000000000000 ) ) ;
#235 = ORIENTED_EDGE ( 'NONE', *, *, #1184, .F. ) ;
#236 = CARTESIAN_POINT ( 'NONE',  ( 29.00000000000000000, -3.000000000000000000, -1.500000000000000000 ) ) ;
#237 = CYLINDRICAL_SURFACE ( 'NONE', #1046, 1.599999999999990319 ) ;
#238 = CARTESIAN_POINT ( 'NONE',  ( 29.59999999999999076, -5.000000000000001776, -1.639483628583461305 ) ) ;
#239 = VECTOR ( 'NONE', #294, 1000.000000000000000 ) ;
#240 = AXIS2_PLACEMENT_3D ( 'NONE', #529, #501, #1069 ) ;
#241 = ORIENTED_EDGE ( 'NONE', *, *, #231, .F. ) ;
#242 = CARTESIAN_POINT ( 'NONE',  ( 3.000000000000000000, -8.500000000000000000, -12.00000000000000000 ) ) ;
#243 = ORIENTED_EDGE ( 'NONE', *, *, #1189, .F. ) ;
#244 = DIRECTION ( 'NONE',  ( 0.000000000000000000, 1.000000000000000000, -2.891205793294678326E-16 ) ) ;
#245 = VECTOR ( 'NONE', #76, 1000.000000000000000 ) ;
#246 = DIRECTION ( 'NONE',  ( -0.000000000000000000, 8.673617379884035472E-17, 1.000000000000000000 ) ) ;
#247 = EDGE_CURVE ( 'NONE', #1229, #1434, #758, .T. ) ;
#248 = CARTESIAN_POINT ( 'NONE',  ( 6.000000000000000000, 0.000000000000000000, -4.399999999999992362 ) ) ;
#249 = LINE ( 'NONE', #1157, #787 ) ;
#250 = ORIENTED_EDGE ( 'NONE', *, *, #859, .F. ) ;
#251 = CARTESIAN_POINT ( 'NONE',  ( 28.00000000000000000, -5.000000000000002665, -8.000000000000001776 ) ) ;
#252 = DIRECTION ( 'NONE',  ( 0.000000000000000000, 0.000000000000000000, 1.000000000000000000 ) ) ;
#253 = EDGE_CURVE ( 'NONE', #126, #1473, #1118, .T. ) ;
#254 = CYLINDRICAL_SURFACE ( 'NONE', #816, 1.499999999999999556 ) ;
#255 = DIRECTION ( 'NONE',  ( -0.000000000000000000, 8.673617379884035472E-17, 1.000000000000000000 ) ) ;
#256 = ORIENTED_EDGE ( 'NONE', *, *, #1334, .F. ) ;
#257 = DIRECTION ( 'NONE',  ( 1.000000000000000000, 0.000000000000000000, 0.000000000000000000 ) ) ;
#258 = ORIENTED_EDGE ( 'NONE', *, *, #1504, .F. ) ;
#259 = DIRECTION ( 'NONE',  ( -0.000000000000000000, -1.000000000000000000, -0.000000000000000000 ) ) ;
#260 = EDGE_CURVE ( 'NONE', #902, #1239, #600, .T. ) ;
#261 = DIRECTION ( 'NONE',  ( 0.000000000000000000, -1.000000000000000000, 0.000000000000000000 ) ) ;
#262 = FACE_OUTER_BOUND ( 'NONE', #157, .T. ) ;
#263 = AXIS2_PLACEMENT_3D ( 'NONE', #1085, #136, #1419 ) ;
#264 = ORIENTED_EDGE ( 'NONE', *, *, #428, .T. ) ;
#265 = CARTESIAN_POINT ( 'NONE',  ( 29.00000000000000000, -1.500000000000000000, 0.000000000000000000 ) ) ;
#266 = ADVANCED_FACE ( 'NONE', ( #823 ), #594, .F. ) ;
#267 = ORIENTED_EDGE ( 'NONE', *, *, #1416, .F. ) ;
#268 = CIRCLE ( 'NONE', #955, 1.599999999999986766 ) ;
#269 = DIRECTION ( 'NONE',  ( 0.000000000000000000, 0.000000000000000000, 1.000000000000000000 ) ) ;
#270 = CARTESIAN_POINT ( 'NONE',  ( 0.000000000000000000, -1.499999999999999556, -1.500000000000000000 ) ) ;
#271 = EDGE_LOOP ( 'NONE', ( #824, #9, #295, #1173, #1311 ) ) ;
#272 = CARTESIAN_POINT ( 'NONE',  ( 1.500000000000000000, -1.500000000000000000, -1.500000000000000000 ) ) ;
#273 = TOROIDAL_SURFACE ( 'NONE', #297, 1.500000000000000000, 1.500000000000000000 ) ;
#274 = AXIS2_PLACEMENT_3D ( 'NONE', #1373, #565, #1249 ) ;
#275 = ORIENTED_EDGE ( 'NONE', *, *, #103, .T. ) ;
#276 = ADVANCED_FACE ( 'NONE', ( #445 ), #472, .T. ) ;
#277 = VERTEX_POINT ( 'NONE', #937 ) ;
#278 = SPHERICAL_SURFACE ( 'NONE', #1137, 1.500000000000000000 ) ;
#279 = ORIENTED_EDGE ( 'NONE', *, *, #247, .T. ) ;
#280 = DIRECTION ( 'NONE',  ( -1.000000000000000000, 0.000000000000000000, 0.000000000000000000 ) ) ;
#281 = EDGE_CURVE ( 'NONE', #277, #1018, #99, .T. ) ;
#282 =( BOUNDED_CURVE ( )  B_SPLINE_CURVE ( 3, ( #946, #1030, #607, #1410 ),
 .UNSPECIFIED., .F., .F. ) 
 B_SPLINE_CURVE_WITH_KNOTS ( ( 4, 4 ),
 ( 0.000000000000000000, 1.570796326794896558 ),
 .UNSPECIFIED. ) 
 CURVE ( )  GEOMETRIC_REPRESENTATION_ITEM ( )  RATIONAL_B_SPLINE_CURVE ( ( 1.000000000000000000, 0.8047378541243649375, 0.8047378541243649375, 1.000000000000000000 ) ) 
 REPRESENTATION_ITEM ( '' )  );
#283 = DIRECTION ( 'NONE',  ( -1.049727191138617710E-16, 0.8571673007021115565, -0.5150380749100552658 ) ) ;
#284 = ORIENTED_EDGE ( 'NONE', *, *, #1083, .T. ) ;
#285 = FACE_OUTER_BOUND ( 'NONE', #866, .T. ) ;
#286 = CIRCLE ( 'NONE', #618, 1.499999999999999556 ) ;
#287 = VECTOR ( 'NONE', #1260, 1000.000000000000000 ) ;
#288 = AXIS2_PLACEMENT_3D ( 'NONE', #334, #1402, #1385 ) ;
#289 = DIRECTION ( 'NONE',  ( 0.000000000000000000, 0.000000000000000000, 1.000000000000000000 ) ) ;
#290 =( BOUNDED_CURVE ( )  B_SPLINE_CURVE ( 3, ( #1214, #68, #83, #563 ),
 .UNSPECIFIED., .F., .F. ) 
 B_SPLINE_CURVE_WITH_KNOTS ( ( 4, 4 ),
 ( 3.141592653589793116, 4.712388980384689674 ),
 .UNSPECIFIED. ) 
 CURVE ( )  GEOMETRIC_REPRESENTATION_ITEM ( )  RATIONAL_B_SPLINE_CURVE ( ( 1.000000000000000000, 0.8047378541243649375, 0.8047378541243649375, 1.000000000000000000 ) ) 
 REPRESENTATION_ITEM ( '' )  );
#291 = DIRECTION ( 'NONE',  ( -0.000000000000000000, -1.000000000000000000, -0.000000000000000000 ) ) ;
#292 = VECTOR ( 'NONE', #409, 1000.000000000000000 ) ;
#293 = ADVANCED_FACE ( 'NONE', ( #691 ), #1019, .T. ) ;
#294 = DIRECTION ( 'NONE',  ( -0.000000000000000000, -1.000000000000000000, -0.000000000000000000 ) ) ;
#295 = ORIENTED_EDGE ( 'NONE', *, *, #473, .T. ) ;
#296 = DIRECTION ( 'NONE',  ( 0.000000000000000000, 0.000000000000000000, 1.000000000000000000 ) ) ;
#297 = AXIS2_PLACEMENT_3D ( 'NONE', #914, #1375, #781 ) ;
#298 = ORIENTED_EDGE ( 'NONE', *, *, #1134, .F. ) ;
#299 = CARTESIAN_POINT ( 'NONE',  ( 16.00000000000000000, -2.799999999999998934, -2.000000000000002665 ) ) ;
#300 = VECTOR ( 'NONE', #1131, 1000.000000000000000 ) ;
#301 = DIRECTION ( 'NONE',  ( 0.000000000000000000, 0.000000000000000000, -1.000000000000000000 ) ) ;
#302 = LINE ( 'NONE', #60, #442 ) ;
#303 = EDGE_LOOP ( 'NONE', ( #1468, #582 ) ) ;
#304 = CARTESIAN_POINT ( 'NONE',  ( 6.000000000000000000, -4.000000000000000000, -3.799999999999987388 ) ) ;
#305 = EDGE_LOOP ( 'NONE', ( #895, #161, #1264, #347 ) ) ;
#306 = CARTESIAN_POINT ( 'NONE',  ( 10.50000000000000000, 0.000000000000000000, -8.000000000000000000 ) ) ;
#307 = CARTESIAN_POINT ( 'NONE',  ( 9.000000000000001776, -1.499999999999999556, -9.000000000000001776 ) ) ;
#308 = CARTESIAN_POINT ( 'NONE',  ( 16.00000000000000000, -6.599999999999990763, -1.639483628583459529 ) ) ;
#309 = ADVANCED_FACE ( 'NONE', ( #1276 ), #683, .F. ) ;
#310 = ORIENTED_EDGE ( 'NONE', *, *, #1057, .F. ) ;
#311 = DIRECTION ( 'NONE',  ( -0.000000000000000000, -0.000000000000000000, -1.000000000000000000 ) ) ;
#312 = ORIENTED_EDGE ( 'NONE', *, *, #923, .F. ) ;
#313 = DIRECTION ( 'NONE',  ( 1.000000000000000000, -0.000000000000000000, -0.000000000000000000 ) ) ;
#314 = EDGE_CURVE ( 'NONE', #353, #559, #861, .T. ) ;
#315 = CIRCLE ( 'NONE', #517, 1.599999999999986766 ) ;
#316 = VECTOR ( 'NONE', #963, 1000.000000000000000 ) ;
#317 = LINE ( 'NONE', #789, #693 ) ;
#318 = CARTESIAN_POINT ( 'NONE',  ( 6.000000000000000000, -10.00000000000000178, -3.799999999999985612 ) ) ;
#319 = EDGE_LOOP ( 'NONE', ( #1413, #1481, #688, #1138 ) ) ;
#320 = CARTESIAN_POINT ( 'NONE',  ( 6.000000000000000000, 0.000000000000000000, -6.000000000000000000 ) ) ;
#321 = AXIS2_PLACEMENT_3D ( 'NONE', #145, #627, #1079 ) ;
#322 = VERTEX_POINT ( 'NONE', #571 ) ;
#323 = FACE_OUTER_BOUND ( 'NONE', #362, .T. ) ;
#324 = EDGE_CURVE ( 'NONE', #1434, #1431, #765, .T. ) ;
#325 = VECTOR ( 'NONE', #942, 1000.000000000000000 ) ;
#326 = CARTESIAN_POINT ( 'NONE',  ( 1.500000000000000000, -8.500000000000000000, -1.500000000000000000 ) ) ;
#327 = DIRECTION ( 'NONE',  ( 1.000000000000000000, 0.000000000000000000, 0.000000000000000000 ) ) ;
#328 = VERTEX_POINT ( 'NONE', #1283 ) ;
#329 = DIRECTION ( 'NONE',  ( -1.000000000000000000, 0.000000000000000000, 0.000000000000000000 ) ) ;
#330 = ORIENTED_EDGE ( 'NONE', *, *, #214, .T. ) ;
#331 = DIRECTION ( 'NONE',  ( 0.000000000000000000, 0.000000000000000000, -1.000000000000000000 ) ) ;
#332 = EDGE_CURVE ( 'NONE', #902, #663, #1505, .T. ) ;
#333 = CARTESIAN_POINT ( 'NONE',  ( 10.50000000000000000, -10.00000000000000000, 0.000000000000000000 ) ) ;
#334 = CARTESIAN_POINT ( 'NONE',  ( 30.50000000000000000, -3.000000000000000000, -1.500000000000000000 ) ) ;
#335 = EDGE_CURVE ( 'NONE', #1051, #345, #1166, .T. ) ;
#336 = ORIENTED_EDGE ( 'NONE', *, *, #418, .T. ) ;
#337 = PLANE ( 'NONE',  #568 ) ;
#338 = ORIENTED_EDGE ( 'NONE', *, *, #207, .T. ) ;
#339 = DIRECTION ( 'NONE',  ( -0.000000000000000000, -0.000000000000000000, 1.000000000000000000 ) ) ;
#340 = CIRCLE ( 'NONE', #1190, 2.999999999999999112 ) ;
#341 = VECTOR ( 'NONE', #602, 1000.000000000000000 ) ;
#342 = DIRECTION ( 'NONE',  ( 0.000000000000000000, 0.000000000000000000, -1.000000000000000000 ) ) ;
#343 =( NAMED_UNIT ( * ) SI_UNIT ( $, .STERADIAN. ) SOLID_ANGLE_UNIT ( ) );
#344 = EDGE_CURVE ( 'NONE', #1473, #1229, #215, .T. ) ;
#345 = VERTEX_POINT ( 'NONE', #827 ) ;
#346 = DIRECTION ( 'NONE',  ( -0.000000000000000000, 0.000000000000000000, -1.000000000000000000 ) ) ;
#347 = ORIENTED_EDGE ( 'NONE', *, *, #154, .F. ) ;
#348 = DIRECTION ( 'NONE',  ( 0.000000000000000000, 0.000000000000000000, -1.000000000000000000 ) ) ;
#349 = AXIS2_PLACEMENT_3D ( 'NONE', #1254, #1393, #351 ) ;
#350 = AXIS2_PLACEMENT_3D ( 'NONE', #1350, #1341, #554 ) ;
#351 = DIRECTION ( 'NONE',  ( 0.000000000000000000, 1.000000000000000000, -1.734723475976807094E-16 ) ) ;
#352 = VECTOR ( 'NONE', #1474, 1000.000000000000000 ) ;
#353 = VERTEX_POINT ( 'NONE', #1492 ) ;
#354 = FACE_OUTER_BOUND ( 'NONE', #507, .T. ) ;
#355 = ORIENTED_EDGE ( 'NONE', *, *, #448, .T. ) ;
#356 = DIRECTION ( 'NONE',  ( -1.000000000000000000, -0.000000000000000000, -0.000000000000000000 ) ) ;
#357 = CARTESIAN_POINT ( 'NONE',  ( 28.00000000000000000, -5.000000000000001776, -2.000000000000002665 ) ) ;
#358 = CARTESIAN_POINT ( 'NONE',  ( 7.600000000000012967, -4.000000000000000000, -6.000000000000000000 ) ) ;
#359 = ORIENTED_EDGE ( 'NONE', *, *, #854, .F. ) ;
#360 = ADVANCED_FACE ( 'NONE', ( #206 ), #1369, .F. ) ;
#361 = CARTESIAN_POINT ( 'NONE',  ( 29.00000000000000000, -3.000000000000000000, 0.000000000000000000 ) ) ;
#362 = EDGE_LOOP ( 'NONE', ( #630, #235, #945, #1008, #1061 ) ) ;
#363 = CARTESIAN_POINT ( 'NONE',  ( 1.500000000000000000, -1.500000000000000000, -1.500000000000000000 ) ) ;
#364 = EDGE_CURVE ( 'NONE', #137, #803, #879, .T. ) ;
#365 = DIRECTION ( 'NONE',  ( 1.000000000000000000, 0.000000000000000000, 0.000000000000000000 ) ) ;
#366 = AXIS2_PLACEMENT_3D ( 'NONE', #384, #628, #970 ) ;
#367 = AXIS2_PLACEMENT_3D ( 'NONE', #848, #726, #1178 ) ;
#368 =( GEOMETRIC_REPRESENTATION_CONTEXT ( 3 ) GLOBAL_UNCERTAINTY_ASSIGNED_CONTEXT ( ( #151 ) ) GLOBAL_UNIT_ASSIGNED_CONTEXT ( ( #476, #1370, #343 ) ) REPRESENTATION_CONTEXT ( 'NONE', 'WORKASPACE' ) );
#369 = CARTESIAN_POINT ( 'NONE',  ( 32.00000000000000000, -1.499999999999999556, -6.500000000000002665 ) ) ;
#370 = DIRECTION ( 'NONE',  ( -1.000000000000000000, 0.000000000000000000, 0.000000000000000000 ) ) ;
#371 = ORIENTED_EDGE ( 'NONE', *, *, #1015, .T. ) ;
#372 = FACE_OUTER_BOUND ( 'NONE', #755, .T. ) ;
#373 = EDGE_CURVE ( 'NONE', #40, #978, #1155, .T. ) ;
#374 = CARTESIAN_POINT ( 'NONE',  ( 3.000000000000000000, -1.499999999999999556, -9.000000000000001776 ) ) ;
#375 = DIRECTION ( 'NONE',  ( 0.000000000000000000, 0.000000000000000000, -1.000000000000000000 ) ) ;
#376 = DIRECTION ( 'NONE',  ( 0.000000000000000000, -1.000000000000000000, 1.355252715606888678E-16 ) ) ;
#377 = AXIS2_PLACEMENT_3D ( 'NONE', #544, #313, #906 ) ;
#378 = EDGE_LOOP ( 'NONE', ( #1457, #1294, #1267, #1241, #153, #1143, #359, #614 ) ) ;
#379 = DIRECTION ( 'NONE',  ( 0.000000000000000000, 0.000000000000000000, 1.000000000000000000 ) ) ;
#380 = ADVANCED_FACE ( 'NONE', ( #216 ), #1146, .F. ) ;
#381 = DIRECTION ( 'NONE',  ( 0.000000000000000000, 0.000000000000000000, -1.000000000000000000 ) ) ;
#382 = LINE ( 'NONE', #1193, #548 ) ;
#383 = ADVANCED_FACE ( 'NONE', ( #700 ), #764, .T. ) ;
#384 = CARTESIAN_POINT ( 'NONE',  ( 28.00000000000000000, -5.000000000000001776, -2.000000000000002665 ) ) ;
#385 = ORIENTED_EDGE ( 'NONE', *, *, #1334, .T. ) ;
#386 = CARTESIAN_POINT ( 'NONE',  ( 29.00000000000000000, 0.000000000000000000, 0.000000000000000000 ) ) ;
#387 = PRODUCT ( 'hinge swing bottom', 'hinge swing bottom', '', ( #800 ) ) ;
#388 = VECTOR ( 'NONE', #485, 1000.000000000000000 ) ;
#389 = LINE ( 'NONE', #1313, #1339 ) ;
#390 = DIRECTION ( 'NONE',  ( -0.000000000000000000, -0.000000000000000000, -1.000000000000000000 ) ) ;
#391 = CIRCLE ( 'NONE', #1191, 1.599999999999990319 ) ;
#392 = AXIS2_PLACEMENT_3D ( 'NONE', #270, #1307, #863 ) ;
#393 = ORIENTED_EDGE ( 'NONE', *, *, #38, .T. ) ;
#394 = DIRECTION ( 'NONE',  ( 0.000000000000000000, -1.000000000000000000, 0.000000000000000000 ) ) ;
#395 = VECTOR ( 'NONE', #467, 1000.000000000000000 ) ;
#396 = DIRECTION ( 'NONE',  ( 1.000000000000000000, 0.000000000000000000, 0.000000000000000000 ) ) ;
#397 = CARTESIAN_POINT ( 'NONE',  ( 6.000000000000000000, -4.000000000000000000, -6.000000000000000000 ) ) ;
#398 = ORIENTED_EDGE ( 'NONE', *, *, #364, .T. ) ;
#399 = CARTESIAN_POINT ( 'NONE',  ( 16.00000000000000000, -5.000000000000000000, -2.000000000000002665 ) ) ;
#400 = AXIS2_PLACEMENT_3D ( 'NONE', #272, #643, #1204 ) ;
#401 = AXIS2_PLACEMENT_3D ( 'NONE', #412, #881, #296 ) ;
#402 = ORIENTED_EDGE ( 'NONE', *, *, #1263, .F. ) ;
#403 = DIRECTION ( 'NONE',  ( 0.000000000000000000, -1.000000000000000000, 0.000000000000000000 ) ) ;
#404 = CARTESIAN_POINT ( 'NONE',  ( 10.50000000000000000, -8.500000000000000000, -9.000000000000001776 ) ) ;
#405 = ORIENTED_EDGE ( 'NONE', *, *, #167, .F. ) ;
#406 = CARTESIAN_POINT ( 'NONE',  ( 30.50000000000000000, -3.000000000000000000, 0.000000000000000000 ) ) ;
#407 = CARTESIAN_POINT ( 'NONE',  ( 6.000000000000000000, -10.00000000000000178, -6.000000000000000000 ) ) ;
#408 = EDGE_CURVE ( 'NONE', #496, #1454, #961, .T. ) ;
#409 = DIRECTION ( 'NONE',  ( 0.000000000000000000, -1.000000000000000000, 0.000000000000000000 ) ) ;
#410 = FACE_OUTER_BOUND ( 'NONE', #1132, .T. ) ;
#411 = ORIENTED_EDGE ( 'NONE', *, *, #1015, .F. ) ;
#412 = CARTESIAN_POINT ( 'NONE',  ( 29.00000000000000000, -8.500000000000000000, -1.500000000000000000 ) ) ;
#413 = CIRCLE ( 'NONE', #366, 2.199999999999997069 ) ;
#414 = CIRCLE ( 'NONE', #619, 1.499999999999999556 ) ;
#415 = VERTEX_POINT ( 'NONE', #1424 ) ;
#416 = VECTOR ( 'NONE', #91, 1000.000000000000000 ) ;
#417 = CARTESIAN_POINT ( 'NONE',  ( 26.40000000000000924, -5.000000000000001776, -1.639483628583461305 ) ) ;
#418 = EDGE_CURVE ( 'NONE', #1423, #572, #414, .T. ) ;
#419 = CARTESIAN_POINT ( 'NONE',  ( 28.00000000000000000, -2.800000000000004707, -2.000000000000002665 ) ) ;
#420 = VECTOR ( 'NONE', #283, 1000.000000000000114 ) ;
#421 = DIRECTION ( 'NONE',  ( -0.000000000000000000, 1.000000000000000000, -0.000000000000000000 ) ) ;
#422 = ORIENTED_EDGE ( 'NONE', *, *, #84, .T. ) ;
#423 = DIRECTION ( 'NONE',  ( -0.000000000000000000, -0.000000000000000000, -1.000000000000000000 ) ) ;
#424 = AXIS2_PLACEMENT_3D ( 'NONE', #1087, #1435, #1216 ) ;
#425 = ORIENTED_EDGE ( 'NONE', *, *, #541, .T. ) ;
#426 = AXIS2_PLACEMENT_3D ( 'NONE', #320, #1348, #209 ) ;
#427 = ADVANCED_BREP_SHAPE_REPRESENTATION ( 'hinge swing bottom', ( #545, #1141 ), #368 ) ;
#428 = EDGE_CURVE ( 'NONE', #481, #505, #1460, .T. ) ;
#429 = DIRECTION ( 'NONE',  ( 0.000000000000000000, -1.000000000000000000, 1.734723475976807094E-16 ) ) ;
#430 = CARTESIAN_POINT ( 'NONE',  ( 28.00000000000000000, -7.199999999999998401, -2.000000000000002665 ) ) ;
#431 = EDGE_CURVE ( 'NONE', #1125, #870, #123, .T. ) ;
#432 = ORIENTED_EDGE ( 'NONE', *, *, #500, .F. ) ;
#433 = LINE ( 'NONE', #681, #890 ) ;
#434 = ORIENTED_EDGE ( 'NONE', *, *, #923, .T. ) ;
#435 = DIRECTION ( 'NONE',  ( 0.000000000000000000, 1.000000000000000000, -1.734723475976807094E-16 ) ) ;
#436 = DIRECTION ( 'NONE',  ( 0.000000000000000000, 1.000000000000000000, -2.891205793294678326E-16 ) ) ;
#437 = VERTEX_POINT ( 'NONE', #417 ) ;
#438 = CARTESIAN_POINT ( 'NONE',  ( 29.00000000000000000, -7.000000000000000000, -8.000000000000000000 ) ) ;
#439 = ADVANCED_FACE ( 'NONE', ( #57 ), #542, .T. ) ;
#440 = ORIENTED_EDGE ( 'NONE', *, *, #1325, .T. ) ;
#441 = FACE_OUTER_BOUND ( 'NONE', #464, .T. ) ;
#442 = VECTOR ( 'NONE', #776, 1000.000000000000000 ) ;
#443 = PRESENTATION_LAYER_ASSIGNMENT (  '', '', ( #1090 ) ) ;
#444 = CIRCLE ( 'NONE', #288, 1.500000000000000000 ) ;
#445 = FACE_OUTER_BOUND ( 'NONE', #749, .T. ) ;
#446 = LINE ( 'NONE', #190, #239 ) ;
#447 = ORIENTED_EDGE ( 'NONE', *, *, #1233, .F. ) ;
#448 = EDGE_CURVE ( 'NONE', #415, #1239, #1095, .T. ) ;
#449 = DIRECTION ( 'NONE',  ( 0.000000000000000000, 1.000000000000000000, -1.734723475976807094E-16 ) ) ;
#450 = ORIENTED_EDGE ( 'NONE', *, *, #332, .F. ) ;
#451 = FILL_AREA_STYLE_COLOUR ( '', #904 ) ;
#452 = EDGE_CURVE ( 'NONE', #1018, #773, #116, .T. ) ;
#453 = AXIS2_PLACEMENT_3D ( 'NONE', #236, #712, #1295 ) ;
#454 = AXIS2_PLACEMENT_3D ( 'NONE', #1409, #727, #261 ) ;
#455 = DIRECTION ( 'NONE',  ( 0.000000000000000000, -1.000000000000000000, 0.000000000000000000 ) ) ;
#456 = ORIENTED_EDGE ( 'NONE', *, *, #541, .F. ) ;
#457 = DIRECTION ( 'NONE',  ( 0.000000000000000000, -1.000000000000000000, 1.734723475976807094E-16 ) ) ;
#458 = ORIENTED_EDGE ( 'NONE', *, *, #1412, .T. ) ;
#459 = DIRECTION ( 'NONE',  ( 0.000000000000000000, -0.8571673007021116675, -0.5150380749100551547 ) ) ;
#460 = ADVANCED_FACE ( 'NONE', ( #994 ), #237, .F. ) ;
#461 = DIRECTION ( 'NONE',  ( 0.000000000000000000, 0.000000000000000000, 1.000000000000000000 ) ) ;
#462 = ORIENTED_EDGE ( 'NONE', *, *, #900, .T. ) ;
#463 = DIRECTION ( 'NONE',  ( 1.000000000000000000, 0.000000000000000000, 0.000000000000000000 ) ) ;
#464 = EDGE_LOOP ( 'NONE', ( #880, #110, #191, #561 ) ) ;
#465 = DIRECTION ( 'NONE',  ( 0.000000000000000000, 0.000000000000000000, 1.000000000000000000 ) ) ;
#466 = VECTOR ( 'NONE', #1380, 1000.000000000000000 ) ;
#467 = DIRECTION ( 'NONE',  ( 1.000000000000000000, 0.000000000000000000, 0.000000000000000000 ) ) ;
#468 = ORIENTED_EDGE ( 'NONE', *, *, #886, .T. ) ;
#469 = FACE_BOUND ( 'NONE', #208, .T. ) ;
#470 = ORIENTED_EDGE ( 'NONE', *, *, #1462, .T. ) ;
#471 = CYLINDRICAL_SURFACE ( 'NONE', #197, 2.200000000000013500 ) ;
#472 = TOROIDAL_SURFACE ( 'NONE', #349, 1.500000000000000000, 1.500000000000000000 ) ;
#473 = EDGE_CURVE ( 'NONE', #1125, #1389, #391, .T. ) ;
#474 = AXIS2_PLACEMENT_3D ( 'NONE', #1209, #1449, #1323 ) ;
#475 = CARTESIAN_POINT ( 'NONE',  ( 16.00000000000000000, -5.000000000000000000, -2.000000000000002665 ) ) ;
#476 =( LENGTH_UNIT ( ) NAMED_UNIT ( * ) SI_UNIT ( .MILLI., .METRE. ) );
#477 = CONICAL_SURFACE ( 'NONE', #165, 2.199999999999997069, 1.029744258676653201 ) ;
#478 = VERTEX_POINT ( 'NONE', #128 ) ;
#479 = DIRECTION ( 'NONE',  ( -0.000000000000000000, -0.000000000000000000, -1.000000000000000000 ) ) ;
#480 = ADVANCED_FACE ( 'NONE', ( #1053 ), #592, .T. ) ;
#481 = VERTEX_POINT ( 'NONE', #483 ) ;
#482 = DIRECTION ( 'NONE',  ( 1.000000000000000000, 0.000000000000000000, 0.000000000000000000 ) ) ;
#483 = CARTESIAN_POINT ( 'NONE',  ( 9.000000000000001776, -8.500000000000000000, -12.00000000000000000 ) ) ;
#484 = CARTESIAN_POINT ( 'NONE',  ( 0.000000000000000000, 0.000000000000000000, 0.000000000000000000 ) ) ;
#485 = DIRECTION ( 'NONE',  ( 0.000000000000000000, -0.8571673007021120005, -0.5150380749100545996 ) ) ;
#486 = CARTESIAN_POINT ( 'NONE',  ( 14.40000000000000924, -5.000000000000000000, -1.639483628583459751 ) ) ;
#487 = ORIENTED_EDGE ( 'NONE', *, *, #1119, .T. ) ;
#488 = DIRECTION ( 'NONE',  ( 0.000000000000000000, -1.000000000000000000, 0.000000000000000000 ) ) ;
#489 = EDGE_CURVE ( 'NONE', #845, #1439, #1436, .T. ) ;
#490 = FACE_OUTER_BOUND ( 'NONE', #378, .T. ) ;
#491 = AXIS2_PLACEMENT_3D ( 'NONE', #1221, #537, #998 ) ;
#492 = CIRCLE ( 'NONE', #1362, 1.599999999999990319 ) ;
#493 = CARTESIAN_POINT ( 'NONE',  ( 16.00000000000000000, -5.000000000000000000, -1.639483628583459751 ) ) ;
#494 = CARTESIAN_POINT ( 'NONE',  ( 9.000000000000001776, -8.500000000000000000, -9.000000000000001776 ) ) ;
#495 = EDGE_CURVE ( 'NONE', #322, #1280, #1484, .T. ) ;
#496 = VERTEX_POINT ( 'NONE', #1169 ) ;
#497 = CARTESIAN_POINT ( 'NONE',  ( 29.00000000000000000, -7.000000000000000000, -6.500000000000001776 ) ) ;
#498 = VERTEX_POINT ( 'NONE', #874 ) ;
#499 = VECTOR ( 'NONE', #176, 1000.000000000000000 ) ;
#500 = EDGE_CURVE ( 'NONE', #842, #817, #943, .T. ) ;
#501 = DIRECTION ( 'NONE',  ( 1.000000000000000000, 0.000000000000000000, 0.000000000000000000 ) ) ;
#502 = AXIS2_PLACEMENT_3D ( 'NONE', #399, #965, #394 ) ;
#503 = CARTESIAN_POINT ( 'NONE',  ( 1.500000000000000000, 0.000000000000000000, -9.000000000000001776 ) ) ;
#504 = CIRCLE ( 'NONE', #401, 1.500000000000000000 ) ;
#505 = VERTEX_POINT ( 'NONE', #732 ) ;
#506 = CYLINDRICAL_SURFACE ( 'NONE', #725, 1.500000000000000000 ) ;
#507 = EDGE_LOOP ( 'NONE', ( #612, #12, #1044, #405 ) ) ;
#508 = EDGE_CURVE ( 'NONE', #694, #870, #315, .T. ) ;
#509 = ORIENTED_EDGE ( 'NONE', *, *, #1119, .F. ) ;
#510 = DIRECTION ( 'NONE',  ( 1.000000000000000000, 0.000000000000000000, 0.000000000000000000 ) ) ;
#511 = ORIENTED_EDGE ( 'NONE', *, *, #1346, .T. ) ;
#512 = CARTESIAN_POINT ( 'NONE',  ( 29.00000000000000000, -8.500000000000000000, 0.000000000000000000 ) ) ;
#513 = APPLICATION_CONTEXT ( 'automotive_design' ) ;
#514 = ORIENTED_EDGE ( 'NONE', *, *, #1040, .T. ) ;
#515 = CIRCLE ( 'NONE', #491, 2.200000000000012612 ) ;
#516 = CARTESIAN_POINT ( 'NONE',  ( 12.00000000000000000, -8.500000000000000000, 0.000000000000000000 ) ) ;
#517 = AXIS2_PLACEMENT_3D ( 'NONE', #1330, #834, #1291 ) ;
#518 = AXIS2_PLACEMENT_3D ( 'NONE', #1314, #549, #887 ) ;
#519 = ORIENTED_EDGE ( 'NONE', *, *, #500, .T. ) ;
#520 = DIRECTION ( 'NONE',  ( 0.000000000000000000, 1.000000000000000000, 0.000000000000000000 ) ) ;
#521 = ORIENTED_EDGE ( 'NONE', *, *, #1040, .F. ) ;
#522 = VECTOR ( 'NONE', #1446, 1000.000000000000000 ) ;
#523 = DIRECTION ( 'NONE',  ( -1.000000000000000000, 0.000000000000000000, 0.000000000000000000 ) ) ;
#524 = DIRECTION ( 'NONE',  ( -1.000000000000000000, 0.000000000000000000, 0.000000000000000000 ) ) ;
#525 = ORIENTED_EDGE ( 'NONE', *, *, #508, .F. ) ;
#526 = CARTESIAN_POINT ( 'NONE',  ( 1.500000000000000000, -10.00000000000000000, 0.000000000000000000 ) ) ;
#527 = CIRCLE ( 'NONE', #674, 1.599999999999990319 ) ;
#528 = EDGE_CURVE ( 'NONE', #842, #415, #714, .T. ) ;
#529 = CARTESIAN_POINT ( 'NONE',  ( 0.000000000000000000, -1.499999999999999556, -10.50000000000000000 ) ) ;
#530 = LINE ( 'NONE', #547, #1172 ) ;
#531 = CARTESIAN_POINT ( 'NONE',  ( 28.00000000000000000, -5.000000000000002665, -8.000000000000001776 ) ) ;
#532 = EDGE_LOOP ( 'NONE', ( #1364, #1074, #1448, #1379 ) ) ;
#533 = CARTESIAN_POINT ( 'NONE',  ( 10.50000000000000000, -10.00000000000000000, -9.000000000000001776 ) ) ;
#534 = ORIENTED_EDGE ( 'NONE', *, *, #716, .F. ) ;
#535 = ADVANCED_FACE ( 'NONE', ( #16, #490 ), #667, .T. ) ;
#536 = LINE ( 'NONE', #51, #499 ) ;
#537 = DIRECTION ( 'NONE',  ( -0.000000000000000000, 1.000000000000000000, -0.000000000000000000 ) ) ;
#538 = ORIENTED_EDGE ( 'NONE', *, *, #1504, .T. ) ;
#539 = CYLINDRICAL_SURFACE ( 'NONE', #1398, 1.499999999999999556 ) ;
#540 = CIRCLE ( 'NONE', #117, 1.599999999999990319 ) ;
#541 = EDGE_CURVE ( 'NONE', #1473, #328, #676, .T. ) ;
#542 = TOROIDAL_SURFACE ( 'NONE', #812, 1.500000000000000000, 1.500000000000000000 ) ;
#543 = VERTEX_POINT ( 'NONE', #1358 ) ;
#544 = CARTESIAN_POINT ( 'NONE',  ( 29.00000000000000000, -1.500000000000000000, -1.500000000000000000 ) ) ;
#545 = MANIFOLD_SOLID_BREP ( '<hinge swing>-<Hole1>', #590 ) ;
#546 = EDGE_CURVE ( 'NONE', #1106, #817, #690, .T. ) ;
#547 = CARTESIAN_POINT ( 'NONE',  ( 0.000000000000000000, -1.499999999999999556, 0.000000000000000000 ) ) ;
#548 = VECTOR ( 'NONE', #1320, 1000.000000000000114 ) ;
#549 = DIRECTION ( 'NONE',  ( -0.000000000000000000, 1.000000000000000000, -0.000000000000000000 ) ) ;
#550 = ORIENTED_EDGE ( 'NONE', *, *, #752, .F. ) ;
#551 = LINE ( 'NONE', #1009, #352 ) ;
#552 = CIRCLE ( 'NONE', #1396, 2.999999999999999112 ) ;
#553 = ORIENTED_EDGE ( 'NONE', *, *, #418, .F. ) ;
#554 = DIRECTION ( 'NONE',  ( 0.000000000000000000, 0.000000000000000000, -1.000000000000000000 ) ) ;
#555 = CIRCLE ( 'NONE', #1273, 1.500000000000000000 ) ;
#556 = DIRECTION ( 'NONE',  ( 0.000000000000000000, 1.000000000000000000, 0.000000000000000000 ) ) ;
#557 = EDGE_CURVE ( 'NONE', #345, #1108, #1444, .T. ) ;
#558 = CARTESIAN_POINT ( 'NONE',  ( 29.00000000000000000, -3.000000000000000000, -6.500000000000001776 ) ) ;
#559 = VERTEX_POINT ( 'NONE', #299 ) ;
#560 = LINE ( 'NONE', #1001, #300 ) ;
#561 = ORIENTED_EDGE ( 'NONE', *, *, #859, .T. ) ;
#562 = DIRECTION ( 'NONE',  ( -0.000000000000000000, 8.673617379884035472E-17, 1.000000000000000000 ) ) ;
#563 = CARTESIAN_POINT ( 'NONE',  ( 10.50000000000000000, 0.000000000000000000, -6.500000000000002665 ) ) ;
#564 = ORIENTED_EDGE ( 'NONE', *, *, #170, .F. ) ;
#565 = DIRECTION ( 'NONE',  ( -1.000000000000000000, 0.000000000000000000, 0.000000000000000000 ) ) ;
#566 = ORIENTED_EDGE ( 'NONE', *, *, #36, .T. ) ;
#567 = DIRECTION ( 'NONE',  ( 0.000000000000000000, 0.000000000000000000, 1.000000000000000000 ) ) ;
#568 = AXIS2_PLACEMENT_3D ( 'NONE', #1388, #346, #818 ) ;
#569 = AXIS2_PLACEMENT_3D ( 'NONE', #73, #181, #774 ) ;
#570 = AXIS2_PLACEMENT_3D ( 'NONE', #718, #1506, #938 ) ;
#571 = CARTESIAN_POINT ( 'NONE',  ( 29.00000000000000000, -1.500000000000000222, -8.000000000000001776 ) ) ;
#572 = VERTEX_POINT ( 'NONE', #1144 ) ;
#573 = CARTESIAN_POINT ( 'NONE',  ( 28.00000000000000000, -5.000000000000001776, -2.000000000000002665 ) ) ;
#574 = ORIENTED_EDGE ( 'NONE', *, *, #735, .T. ) ;
#575 = CYLINDRICAL_SURFACE ( 'NONE', #960, 1.599999999999990319 ) ;
#576 = EDGE_CURVE ( 'NONE', #132, #543, #1003, .T. ) ;
#577 = VECTOR ( 'NONE', #356, 1000.000000000000000 ) ;
#578 = DIRECTION ( 'NONE',  ( 1.000000000000000000, 0.000000000000000000, 0.000000000000000000 ) ) ;
#579 = EDGE_LOOP ( 'NONE', ( #233, #264, #762, #385 ) ) ;
#580 = AXIS2_PLACEMENT_3D ( 'NONE', #849, #1084, #962 ) ;
#581 = CARTESIAN_POINT ( 'NONE',  ( 0.000000000000000000, -8.500000000000000000, -12.00000000000000000 ) ) ;
#582 = ORIENTED_EDGE ( 'NONE', *, *, #194, .T. ) ;
#583 = DIRECTION ( 'NONE',  ( -1.000000000000000000, 0.000000000000000000, 0.000000000000000000 ) ) ;
#584 = CARTESIAN_POINT ( 'NONE',  ( 3.000000000000000000, -8.500000000000000000, -10.50000000000000000 ) ) ;
#585 = DIRECTION ( 'NONE',  ( 0.000000000000000000, 0.000000000000000000, -1.000000000000000000 ) ) ;
#586 = ORIENTED_EDGE ( 'NONE', *, *, #660, .T. ) ;
#587 = LINE ( 'NONE', #1139, #466 ) ;
#588 = ORIENTED_EDGE ( 'NONE', *, *, #324, .T. ) ;
#589 = DIRECTION ( 'NONE',  ( 0.000000000000000000, 0.000000000000000000, 1.000000000000000000 ) ) ;
#590 = CLOSED_SHELL ( 'NONE', ( #668, #380, #640, #1065, #94, #706, #1456, #309, #867, #595, #1142, #266, #1115, #535, #198, #1198, #616, #460, #1356, #1168, #1109, #293, #841, #360, #1384, #1443, #147, #605, #967, #769, #11, #969, #1290, #1244, #1012, #221, #985, #1253, #921, #685, #480, #647, #915, #439, #276, #383, #46, #779, #655, #813, #1491, #58 ) ) ;
#591 = EDGE_CURVE ( 'NONE', #741, #277, #50, .T. ) ;
#592 = TOROIDAL_SURFACE ( 'NONE', #761, 1.500000000000000000, 1.500000000000000000 ) ;
#593 = CIRCLE ( 'NONE', #1437, 2.199999999999989964 ) ;
#594 = PLANE ( 'NONE',  #723 ) ;
#595 = ADVANCED_FACE ( 'NONE', ( #1476 ), #1482, .F. ) ;
#596 = VERTEX_POINT ( 'NONE', #88 ) ;
#597 = DIRECTION ( 'NONE',  ( 0.000000000000000000, 1.000000000000000000, 0.000000000000000000 ) ) ;
#598 = EDGE_LOOP ( 'NONE', ( #666, #770, #44, #538 ) ) ;
#599 = FACE_OUTER_BOUND ( 'NONE', #1156, .T. ) ;
#600 = CIRCLE ( 'NONE', #3, 1.500000000000000000 ) ;
#601 = TOROIDAL_SURFACE ( 'NONE', #772, 1.500000000000000000, 1.500000000000000000 ) ;
#602 = DIRECTION ( 'NONE',  ( -0.000000000000000000, -1.000000000000000000, -0.000000000000000000 ) ) ;
#603 = CARTESIAN_POINT ( 'NONE',  ( 30.50000000000000000, -3.000000000000000000, -8.000000000000001776 ) ) ;
#604 = CIRCLE ( 'NONE', #629, 1.500000000000000000 ) ;
#605 = ADVANCED_FACE ( 'NONE', ( #441 ), #273, .T. ) ;
#606 = ORIENTED_EDGE ( 'NONE', *, *, #886, .F. ) ;
#607 = CARTESIAN_POINT ( 'NONE',  ( 11.37867965644035628, -10.00000000000000000, -7.378679656440357171 ) ) ;
#608 = ORIENTED_EDGE ( 'NONE', *, *, #314, .F. ) ;
#609 = DIRECTION ( 'NONE',  ( 0.000000000000000000, -8.673617379884035472E-17, -1.000000000000000000 ) ) ;
#610 = DIRECTION ( 'NONE',  ( -0.000000000000000000, -1.000000000000000000, -0.000000000000000000 ) ) ;
#611 = EDGE_CURVE ( 'NONE', #897, #701, #527, .T. ) ;
#612 = ORIENTED_EDGE ( 'NONE', *, *, #1029, .T. ) ;
#613 = LINE ( 'NONE', #754, #213 ) ;
#614 = ORIENTED_EDGE ( 'NONE', *, *, #950, .F. ) ;
#615 = CARTESIAN_POINT ( 'NONE',  ( 30.50000000000000355, -7.000000000000000000, -8.000000000000000000 ) ) ;
#616 = ADVANCED_FACE ( 'NONE', ( #323 ), #575, .F. ) ;
#617 = DIRECTION ( 'NONE',  ( 0.000000000000000000, 1.000000000000000000, 0.000000000000000000 ) ) ;
#618 = AXIS2_PLACEMENT_3D ( 'NONE', #768, #52, #1336 ) ;
#619 = AXIS2_PLACEMENT_3D ( 'NONE', #1218, #644, #134 ) ;
#620 = CIRCLE ( 'NONE', #166, 3.000000000000000000 ) ;
#621 = LINE ( 'NONE', #17, #388 ) ;
#622 = DIRECTION ( 'NONE',  ( -1.000000000000000000, -0.000000000000000000, -0.000000000000000000 ) ) ;
#623 = ORIENTED_EDGE ( 'NONE', *, *, #752, .T. ) ;
#624 = FACE_OUTER_BOUND ( 'NONE', #1116, .T. ) ;
#625 = VECTOR ( 'NONE', #805, 1000.000000000000000 ) ;
#626 = AXIS2_PLACEMENT_3D ( 'NONE', #497, #865, #979 ) ;
#627 = DIRECTION ( 'NONE',  ( 0.000000000000000000, -8.673617379884035472E-17, -1.000000000000000000 ) ) ;
#628 = DIRECTION ( 'NONE',  ( -0.000000000000000000, 8.673617379884035472E-17, 1.000000000000000000 ) ) ;
#629 = AXIS2_PLACEMENT_3D ( 'NONE', #1404, #1162, #463 ) ;
#630 = ORIENTED_EDGE ( 'NONE', *, *, #431, .F. ) ;
#631 = DIRECTION ( 'NONE',  ( 0.000000000000000000, 0.000000000000000000, 1.000000000000000000 ) ) ;
#632 = FACE_OUTER_BOUND ( 'NONE', #1203, .T. ) ;
#633 = CARTESIAN_POINT ( 'NONE',  ( 30.50000000000000000, -3.000000000000000000, -6.500000000000002665 ) ) ;
#634 = EDGE_LOOP ( 'NONE', ( #1274, #905, #1349 ) ) ;
#635 = CARTESIAN_POINT ( 'NONE',  ( 28.00000000000000000, -2.800000000000012701, -8.000000000000003553 ) ) ;
#636 = ORIENTED_EDGE ( 'NONE', *, *, #1154, .F. ) ;
#637 = EDGE_CURVE ( 'NONE', #126, #1431, #1252, .T. ) ;
#638 = DIRECTION ( 'NONE',  ( 0.000000000000000000, 0.000000000000000000, -1.000000000000000000 ) ) ;
#639 = VECTOR ( 'NONE', #918, 1000.000000000000000 ) ;
#640 = ADVANCED_FACE ( 'NONE', ( #205 ), #1026, .F. ) ;
#641 = LINE ( 'NONE', #516, #877 ) ;
#642 = ORIENTED_EDGE ( 'NONE', *, *, #907, .T. ) ;
#643 = DIRECTION ( 'NONE',  ( 1.000000000000000000, -0.000000000000000000, -0.000000000000000000 ) ) ;
#644 = DIRECTION ( 'NONE',  ( -1.000000000000000000, -0.000000000000000000, -0.000000000000000000 ) ) ;
#645 = CARTESIAN_POINT ( 'NONE',  ( 6.000000000000000000, 0.000000000000000000, -7.600000000000007638 ) ) ;
#646 = CYLINDRICAL_SURFACE ( 'NONE', #217, 2.199999999999993516 ) ;
#647 = ADVANCED_FACE ( 'NONE', ( #838 ), #810, .T. ) ;
#648 = ORIENTED_EDGE ( 'NONE', *, *, #1077, .T. ) ;
#649 = DIRECTION ( 'NONE',  ( -1.000000000000000000, 0.000000000000000000, 0.000000000000000000 ) ) ;
#650 = AXIS2_PLACEMENT_3D ( 'NONE', #133, #722, #348 ) ;
#651 = EDGE_LOOP ( 'NONE', ( #1315, #1113, #402, #509 ) ) ;
#652 = DIRECTION ( 'NONE',  ( 0.000000000000000000, 0.000000000000000000, -1.000000000000000000 ) ) ;
#653 = LINE ( 'NONE', #1120, #1195 ) ;
#654 = DIRECTION ( 'NONE',  ( 0.000000000000000000, 1.000000000000000000, 0.000000000000000000 ) ) ;
#655 = ADVANCED_FACE ( 'NONE', ( #372 ), #1281, .T. ) ;
#656 = ORIENTED_EDGE ( 'NONE', *, *, #495, .F. ) ;
#657 = CARTESIAN_POINT ( 'NONE',  ( 6.000000000000000000, -4.000000000000000000, -6.000000000000000000 ) ) ;
#658 = ORIENTED_EDGE ( 'NONE', *, *, #1438, .T. ) ;
#659 = SURFACE_STYLE_FILL_AREA ( #1126 ) ;
#660 = EDGE_CURVE ( 'NONE', #120, #1106, #175, .T. ) ;
#661 = CARTESIAN_POINT ( 'NONE',  ( 32.00000000000000000, -10.00000000000000000, -8.000000000000000000 ) ) ;
#662 = CARTESIAN_POINT ( 'NONE',  ( 3.000000000000000000, -1.499999999999999556, -9.000000000000001776 ) ) ;
#663 = VERTEX_POINT ( 'NONE', #1406 ) ;
#664 = DIRECTION ( 'NONE',  ( -1.000000000000000000, 0.000000000000000000, 0.000000000000000000 ) ) ;
#665 = AXIS2_PLACEMENT_3D ( 'NONE', #695, #1050, #597 ) ;
#666 = ORIENTED_EDGE ( 'NONE', *, *, #959, .F. ) ;
#667 = PLANE ( 'NONE',  #569 ) ;
#668 = ADVANCED_FACE ( 'NONE', ( #599 ), #471, .F. ) ;
#669 = CARTESIAN_POINT ( 'NONE',  ( 10.50000000000000000, 0.000000000000000000, -9.000000000000001776 ) ) ;
#670 = AXIS2_PLACEMENT_3D ( 'NONE', #1485, #461, #929 ) ;
#671 = DIRECTION ( 'NONE',  ( -0.000000000000000000, -1.000000000000000000, -0.000000000000000000 ) ) ;
#672 = ORIENTED_EDGE ( 'NONE', *, *, #696, .T. ) ;
#673 = FACE_OUTER_BOUND ( 'NONE', #1042, .T. ) ;
#674 = AXIS2_PLACEMENT_3D ( 'NONE', #1367, #1133, #1232 ) ;
#675 = ORIENTED_EDGE ( 'NONE', *, *, #170, .T. ) ;
#676 = LINE ( 'NONE', #81, #1415 ) ;
#677 = VECTOR ( 'NONE', #280, 1000.000000000000000 ) ;
#678 = DIRECTION ( 'NONE',  ( 0.000000000000000000, 0.000000000000000000, -1.000000000000000000 ) ) ;
#679 = CARTESIAN_POINT ( 'NONE',  ( 9.000000000000001776, -10.00000000000000000, -9.000000000000001776 ) ) ;
#680 = ORIENTED_EDGE ( 'NONE', *, *, #637, .T. ) ;
#681 = CARTESIAN_POINT ( 'NONE',  ( 29.00000000000000000, -10.00000000000000000, -8.000000000000000000 ) ) ;
#682 = ORIENTED_EDGE ( 'NONE', *, *, #1029, .F. ) ;
#683 = CYLINDRICAL_SURFACE ( 'NONE', #670, 1.599999999999990319 ) ;
#684 = DIRECTION ( 'NONE',  ( 0.000000000000000000, 0.000000000000000000, 1.000000000000000000 ) ) ;
#685 = ADVANCED_FACE ( 'NONE', ( #731 ), #832, .T. ) ;
#686 = EDGE_LOOP ( 'NONE', ( #14, #1070, #1205, #184 ) ) ;
#687 = CARTESIAN_POINT ( 'NONE',  ( 29.00000000000000000, 0.000000000000000000, -6.500000000000002665 ) ) ;
#688 = ORIENTED_EDGE ( 'NONE', *, *, #281, .F. ) ;
#689 = CIRCLE ( 'NONE', #1386, 1.499999999999999556 ) ;
#690 = CIRCLE ( 'NONE', #377, 1.500000000000000000 ) ;
#691 = FACE_OUTER_BOUND ( 'NONE', #837, .T. ) ;
#692 = CARTESIAN_POINT ( 'NONE',  ( 0.000000000000000000, -8.500000000000000000, 0.000000000000000000 ) ) ;
#693 = VECTOR ( 'NONE', #1463, 1000.000000000000000 ) ;
#694 = VERTEX_POINT ( 'NONE', #1176 ) ;
#695 = CARTESIAN_POINT ( 'NONE',  ( 29.00000000000000000, -3.000000000000000444, -8.000000000000001776 ) ) ;
#696 = EDGE_CURVE ( 'NONE', #596, #1161, #1182, .T. ) ;
#697 = EDGE_LOOP ( 'NONE', ( #642, #931 ) ) ;
#698 = DIRECTION ( 'NONE',  ( -1.000000000000000000, 0.000000000000000000, 0.000000000000000000 ) ) ;
#699 = AXIS2_PLACEMENT_3D ( 'NONE', #1107, #449, #55 ) ;
#700 = FACE_OUTER_BOUND ( 'NONE', #888, .T. ) ;
#701 = VERTEX_POINT ( 'NONE', #10 ) ;
#702 = EDGE_CURVE ( 'NONE', #481, #736, #1096, .T. ) ;
#703 = FACE_OUTER_BOUND ( 'NONE', #980, .T. ) ;
#704 = ORIENTED_EDGE ( 'NONE', *, *, #473, .F. ) ;
#705 = CARTESIAN_POINT ( 'NONE',  ( 1.500000000000000000, -1.499999999999999556, 0.000000000000000000 ) ) ;
#706 = ADVANCED_FACE ( 'NONE', ( #821 ), #1150, .F. ) ;
#707 = DIRECTION ( 'NONE',  ( 1.000000000000000000, 0.000000000000000000, 0.000000000000000000 ) ) ;
#708 = APPLICATION_PROTOCOL_DEFINITION ( 'draft international standard', 'automotive_design', 1998, #513 ) ;
#709 = EDGE_LOOP ( 'NONE', ( #1258, #33, #1340, #1496 ) ) ;
#710 = DIRECTION ( 'NONE',  ( 0.000000000000000000, 0.000000000000000000, -1.000000000000000000 ) ) ;
#711 = ORIENTED_EDGE ( 'NONE', *, *, #508, .T. ) ;
#712 = DIRECTION ( 'NONE',  ( -0.000000000000000000, -0.000000000000000000, 1.000000000000000000 ) ) ;
#713 = AXIS2_PLACEMENT_3D ( 'NONE', #783, #910, #1464 ) ;
#714 = CIRCLE ( 'NONE', #43, 1.500000000000000000 ) ;
#715 = AXIS2_PLACEMENT_3D ( 'NONE', #358, #115, #585 ) ;
#716 = EDGE_CURVE ( 'NONE', #496, #1051, #1247, .T. ) ;
#717 = CARTESIAN_POINT ( 'NONE',  ( 29.00000000000000000, -1.500000000000000000, -6.500000000000002665 ) ) ;
#718 = CARTESIAN_POINT ( 'NONE',  ( 28.00000000000000000, -5.000000000000001776, 0.000000000000000000 ) ) ;
#719 = ORIENTED_EDGE ( 'NONE', *, *, #1507, .T. ) ;
#720 = CARTESIAN_POINT ( 'NONE',  ( 12.00000000000000000, -1.499999999999999556, -9.000000000000001776 ) ) ;
#721 = EDGE_LOOP ( 'NONE', ( #87, #971, #336, #1441 ) ) ;
#722 = DIRECTION ( 'NONE',  ( -1.000000000000000000, -0.000000000000000000, -0.000000000000000000 ) ) ;
#723 = AXIS2_PLACEMENT_3D ( 'NONE', #232, #1041, #578 ) ;
#724 = EDGE_CURVE ( 'NONE', #947, #1439, #934, .T. ) ;
#725 = AXIS2_PLACEMENT_3D ( 'NONE', #138, #379, #257 ) ;
#726 = DIRECTION ( 'NONE',  ( -0.000000000000000000, -1.000000000000000000, -0.000000000000000000 ) ) ;
#727 = DIRECTION ( 'NONE',  ( -0.000000000000000000, 8.673617379884035472E-17, 1.000000000000000000 ) ) ;
#728 = EDGE_CURVE ( 'NONE', #1423, #137, #948, .T. ) ;
#729 = DIRECTION ( 'NONE',  ( 0.000000000000000000, -2.891205793294679312E-16, -1.000000000000000000 ) ) ;
#730 = ORIENTED_EDGE ( 'NONE', *, *, #995, .F. ) ;
#731 = FACE_OUTER_BOUND ( 'NONE', #993, .T. ) ;
#732 = CARTESIAN_POINT ( 'NONE',  ( 12.00000000000000000, -8.500000000000000000, -9.000000000000001776 ) ) ;
#733 = FACE_OUTER_BOUND ( 'NONE', #229, .T. ) ;
#734 = CARTESIAN_POINT ( 'NONE',  ( 16.00000000000000000, -5.000000000000000000, -1.639483628583459751 ) ) ;
#735 = EDGE_CURVE ( 'NONE', #69, #1454, #98, .T. ) ;
#736 = VERTEX_POINT ( 'NONE', #113 ) ;
#737 = DIRECTION ( 'NONE',  ( -0.000000000000000000, -0.000000000000000000, 1.000000000000000000 ) ) ;
#738 = CARTESIAN_POINT ( 'NONE',  ( 0.000000000000000000, -10.00000000000000000, -1.500000000000000000 ) ) ;
#739 = DIRECTION ( 'NONE',  ( 0.000000000000000000, 0.000000000000000000, 1.000000000000000000 ) ) ;
#740 = DIRECTION ( 'NONE',  ( -0.000000000000000000, -0.000000000000000000, 1.000000000000000000 ) ) ;
#741 = VERTEX_POINT ( 'NONE', #615 ) ;
#742 = PLANE ( 'NONE',  #74 ) ;
#743 = PRODUCT_DEFINITION_CONTEXT ( 'detailed design', #212, 'design' ) ;
#744 = AXIS2_PLACEMENT_3D ( 'NONE', #1117, #1497, #1242 ) ;
#745 = CARTESIAN_POINT ( 'NONE',  ( 6.000000000000000000, -10.00000000000000000, -6.000000000000000000 ) ) ;
#746 = CARTESIAN_POINT ( 'NONE',  ( 26.40000000000001279, -5.000000000000001776, 1.359357947053559592E-15 ) ) ;
#747 = CIRCLE ( 'NONE', #936, 1.599999999999986766 ) ;
#748 = EDGE_CURVE ( 'NONE', #1106, #498, #2, .T. ) ;
#749 = EDGE_LOOP ( 'NONE', ( #243, #648, #1011, #658 ) ) ;
#750 = CARTESIAN_POINT ( 'NONE',  ( 12.00000000000000000, -1.499999999999999556, -8.000000000000001776 ) ) ;
#751 = VERTEX_POINT ( 'NONE', #1064 ) ;
#752 = EDGE_CURVE ( 'NONE', #817, #826, #1007, .T. ) ;
#753 = EDGE_LOOP ( 'NONE', ( #704, #1196, #525, #1086, #809 ) ) ;
#754 = CARTESIAN_POINT ( 'NONE',  ( 0.000000000000000000, -8.500000000000000000, 0.000000000000000000 ) ) ;
#755 = EDGE_LOOP ( 'NONE', ( #924, #1317, #1256, #864 ) ) ;
#756 = UNCERTAINTY_MEASURE_WITH_UNIT (LENGTH_MEASURE( 1.000000000000000082E-05 ), #211, 'distance_accuracy_value', 'NONE');
#757 = PRODUCT_DEFINITION ( 'UNKNOWN', '', #1068, #743 ) ;
#758 = LINE ( 'NONE', #419, #420 ) ;
#759 = AXIS2_PLACEMENT_3D ( 'NONE', #679, #654, #1227 ) ;
#760 = CARTESIAN_POINT ( 'NONE',  ( 3.000000000000000000, 0.000000000000000000, -10.50000000000000000 ) ) ;
#761 = AXIS2_PLACEMENT_3D ( 'NONE', #1305, #988, #1298 ) ;
#762 = ORIENTED_EDGE ( 'NONE', *, *, #1171, .T. ) ;
#763 = DIRECTION ( 'NONE',  ( 0.000000000000000000, 0.000000000000000000, -1.000000000000000000 ) ) ;
#764 = CYLINDRICAL_SURFACE ( 'NONE', #240, 1.499999999999999556 ) ;
#765 = CIRCLE ( 'NONE', #1467, 2.199999999999997069 ) ;
#766 = EDGE_CURVE ( 'NONE', #1374, #902, #1177, .T. ) ;
#767 = CARTESIAN_POINT ( 'NONE',  ( 3.000000000000000000, 0.000000000000000000, -9.000000000000001776 ) ) ;
#768 = CARTESIAN_POINT ( 'NONE',  ( 9.000000000000001776, 0.000000000000000000, -9.000000000000001776 ) ) ;
#769 = ADVANCED_FACE ( 'NONE', ( #852 ), #506, .T. ) ;
#770 = ORIENTED_EDGE ( 'NONE', *, *, #231, .T. ) ;
#771 = CARTESIAN_POINT ( 'NONE',  ( 30.50000000000000000, 0.000000000000000000, -1.500000000000000000 ) ) ;
#772 = AXIS2_PLACEMENT_3D ( 'NONE', #164, #1082, #763 ) ;
#773 = VERTEX_POINT ( 'NONE', #172 ) ;
#774 = DIRECTION ( 'NONE',  ( 0.000000000000000000, 0.000000000000000000, -1.000000000000000000 ) ) ;
#775 = CARTESIAN_POINT ( 'NONE',  ( 28.00000000000000000, -5.000000000000001776, 1.359357947053559592E-15 ) ) ;
#776 = DIRECTION ( 'NONE',  ( 0.000000000000000000, -8.673617379884035472E-17, -1.000000000000000000 ) ) ;
#777 = ORIENTED_EDGE ( 'NONE', *, *, #557, .F. ) ;
#778 = CYLINDRICAL_SURFACE ( 'NONE', #1200, 1.500000000000000000 ) ;
#779 = ADVANCED_FACE ( 'NONE', ( #34 ), #601, .T. ) ;
#780 = ORIENTED_EDGE ( 'NONE', *, *, #140, .F. ) ;
#781 = DIRECTION ( 'NONE',  ( -1.000000000000000000, 0.000000000000000000, 0.000000000000000000 ) ) ;
#782 = CARTESIAN_POINT ( 'NONE',  ( 3.000000000000000000, -8.500000000000000000, -9.000000000000001776 ) ) ;
#783 = CARTESIAN_POINT ( 'NONE',  ( 3.000000000000000000, -10.00000000000000000, -9.000000000000001776 ) ) ;
#784 = ORIENTED_EDGE ( 'NONE', *, *, #875, .F. ) ;
#785 = FACE_OUTER_BOUND ( 'NONE', #63, .T. ) ;
#786 = AXIS2_PLACEMENT_3D ( 'NONE', #717, #1451, #252 ) ;
#787 = VECTOR ( 'NONE', #1149, 1000.000000000000000 ) ;
#788 = VERTEX_POINT ( 'NONE', #635 ) ;
#789 = CARTESIAN_POINT ( 'NONE',  ( 3.000000000000000000, -10.00000000000000000, -12.00000000000000000 ) ) ;
#790 = AXIS2_PLACEMENT_3D ( 'NONE', #307, #556, #1352 ) ;
#791 = DIRECTION ( 'NONE',  ( 0.000000000000000000, 1.000000000000000000, 0.000000000000000000 ) ) ;
#792 = ORIENTED_EDGE ( 'NONE', *, *, #724, .T. ) ;
#793 = FACE_OUTER_BOUND ( 'NONE', #1372, .T. ) ;
#794 = VECTOR ( 'NONE', #223, 1000.000000000000000 ) ;
#795 = ORIENTED_EDGE ( 'NONE', *, *, #1282, .F. ) ;
#796 = DIRECTION ( 'NONE',  ( 1.000000000000000000, 0.000000000000000000, 0.000000000000000000 ) ) ;
#797 = AXIS2_PLACEMENT_3D ( 'NONE', #657, #1114, #70 ) ;
#798 = EDGE_CURVE ( 'NONE', #897, #694, #846, .T. ) ;
#799 = DIRECTION ( 'NONE',  ( 0.000000000000000000, -8.673617379884035472E-17, -1.000000000000000000 ) ) ;
#800 = PRODUCT_CONTEXT ( 'NONE', #513, 'mechanical' ) ;
#801 = ORIENTED_EDGE ( 'NONE', *, *, #207, .F. ) ;
#802 = CYLINDRICAL_SURFACE ( 'NONE', #75, 1.500000000000000000 ) ;
#803 = VERTEX_POINT ( 'NONE', #1303 ) ;
#804 = CARTESIAN_POINT ( 'NONE',  ( 16.00000000000000000, -5.000000000000000000, 0.000000000000000000 ) ) ;
#805 = DIRECTION ( 'NONE',  ( 0.000000000000000000, 0.000000000000000000, 1.000000000000000000 ) ) ;
#806 = EDGE_CURVE ( 'NONE', #559, #353, #958, .T. ) ;
#807 = ORIENTED_EDGE ( 'NONE', *, *, #1308, .F. ) ;
#808 = CARTESIAN_POINT ( 'NONE',  ( 28.00000000000000000, -5.000000000000001776, 1.359357947053559592E-15 ) ) ;
#809 = ORIENTED_EDGE ( 'NONE', *, *, #36, .F. ) ;
#810 = CYLINDRICAL_SURFACE ( 'NONE', #1296, 1.500000000000000000 ) ;
#811 = AXIS2_PLACEMENT_3D ( 'NONE', #1121, #1014, #169 ) ;
#812 = AXIS2_PLACEMENT_3D ( 'NONE', #374, #952, #381 ) ;
#813 = ADVANCED_FACE ( 'NONE', ( #624 ), #987, .F. ) ;
#814 = CARTESIAN_POINT ( 'NONE',  ( 6.000000000000000000, -10.00000000000000000, -6.000000000000000000 ) ) ;
#815 = CARTESIAN_POINT ( 'NONE',  ( 1.500000000000000000, 0.000000000000000000, -9.000000000000001776 ) ) ;
#816 = AXIS2_PLACEMENT_3D ( 'NONE', #369, #25, #375 ) ;
#817 = VERTEX_POINT ( 'NONE', #265 ) ;
#818 = DIRECTION ( 'NONE',  ( -1.000000000000000000, -0.000000000000000000, 0.000000000000000000 ) ) ;
#819 = EDGE_CURVE ( 'NONE', #277, #1002, #29, .T. ) ;
#820 = VERTEX_POINT ( 'NONE', #512 ) ;
#821 = FACE_OUTER_BOUND ( 'NONE', #1487, .T. ) ;
#822 = AXIS2_PLACEMENT_3D ( 'NONE', #127, #1275, #482 ) ;
#823 = FACE_OUTER_BOUND ( 'NONE', #305, .T. ) ;
#824 = ORIENTED_EDGE ( 'NONE', *, *, #84, .F. ) ;
#825 = CYLINDRICAL_SURFACE ( 'NONE', #1066, 2.999999999999999112 ) ;
#826 = VERTEX_POINT ( 'NONE', #406 ) ;
#827 = CARTESIAN_POINT ( 'NONE',  ( 3.000000000000000000, -10.00000000000000000, -10.50000000000000000 ) ) ;
#828 = CYLINDRICAL_SURFACE ( 'NONE', #570, 1.599999999999990319 ) ;
#829 = ORIENTED_EDGE ( 'NONE', *, *, #696, .F. ) ;
#830 = CARTESIAN_POINT ( 'NONE',  ( 0.000000000000000000, -10.00000000000000000, 0.000000000000000000 ) ) ;
#831 = ORIENTED_EDGE ( 'NONE', *, *, #167, .T. ) ;
#832 = SPHERICAL_SURFACE ( 'NONE', #1031, 1.500000000000000000 ) ;
#833 = AXIS2_PLACEMENT_3D ( 'NONE', #404, #869, #510 ) ;
#834 = DIRECTION ( 'NONE',  ( -0.000000000000000000, -0.000000000000000000, -1.000000000000000000 ) ) ;
#835 = CARTESIAN_POINT ( 'NONE',  ( 0.000000000000000000, -8.500000000000000000, -1.500000000000000000 ) ) ;
#836 = DIRECTION ( 'NONE',  ( 0.000000000000000000, 0.000000000000000000, -1.000000000000000000 ) ) ;
#837 = EDGE_LOOP ( 'NONE', ( #1489, #250, #434, #219 ) ) ;
#838 = FACE_OUTER_BOUND ( 'NONE', #173, .T. ) ;
#839 = VECTOR ( 'NONE', #1153, 1000.000000000000000 ) ;
#840 = DIRECTION ( 'NONE',  ( -0.000000000000000000, 1.000000000000000000, -0.000000000000000000 ) ) ;
#841 = ADVANCED_FACE ( 'NONE', ( #871 ), #150, .F. ) ;
#842 = VERTEX_POINT ( 'NONE', #1329 ) ;
#843 = DIRECTION ( 'NONE',  ( 0.000000000000000000, -1.000000000000000000, 0.000000000000000000 ) ) ;
#844 = CIRCLE ( 'NONE', #944, 1.599999999999990319 ) ;
#845 = VERTEX_POINT ( 'NONE', #1429 ) ;
#846 = LINE ( 'NONE', #1310, #101 ) ;
#847 = ORIENTED_EDGE ( 'NONE', *, *, #314, .T. ) ;
#848 = CARTESIAN_POINT ( 'NONE',  ( 30.50000000000000000, -7.000000000000000000, -1.500000000000000000 ) ) ;
#849 = CARTESIAN_POINT ( 'NONE',  ( 1.500000000000000000, -8.500000000000000000, -1.500000000000000000 ) ) ;
#850 = CARTESIAN_POINT ( 'NONE',  ( 29.00000000000000000, 0.000000000000000000, -6.500000000000002665 ) ) ;
#851 = VERTEX_POINT ( 'NONE', #28 ) ;
#852 = FACE_OUTER_BOUND ( 'NONE', #598, .T. ) ;
#853 = AXIS2_PLACEMENT_3D ( 'NONE', #830, #940, #836 ) ;
#854 = EDGE_CURVE ( 'NONE', #1280, #1106, #972, .T. ) ;
#855 = FACE_OUTER_BOUND ( 'NONE', #1248, .T. ) ;
#856 = DIRECTION ( 'NONE',  ( 1.000000000000000000, 0.000000000000000000, 0.000000000000000000 ) ) ;
#857 = VERTEX_POINT ( 'NONE', #750 ) ;
#858 = CARTESIAN_POINT ( 'NONE',  ( 29.00000000000000000, -7.000000000000000000, -1.500000000000000000 ) ) ;
#859 = EDGE_CURVE ( 'NONE', #663, #1018, #552, .T. ) ;
#860 = ORIENTED_EDGE ( 'NONE', *, *, #591, .F. ) ;
#861 = CIRCLE ( 'NONE', #193, 2.200000000000000622 ) ;
#862 = CYLINDRICAL_SURFACE ( 'NONE', #981, 2.200000000000013500 ) ;
#863 = DIRECTION ( 'NONE',  ( 0.000000000000000000, 0.000000000000000000, 1.000000000000000000 ) ) ;
#864 = ORIENTED_EDGE ( 'NONE', *, *, #576, .T. ) ;
#865 = DIRECTION ( 'NONE',  ( -0.000000000000000000, -1.734723475976807094E-16, -1.000000000000000000 ) ) ;
#866 = EDGE_LOOP ( 'NONE', ( #284, #447, #682, #1028 ) ) ;
#867 = ADVANCED_FACE ( 'NONE', ( #285 ), #742, .F. ) ;
#868 = CARTESIAN_POINT ( 'NONE',  ( 32.00000000000000000, -7.000000000000000000, -6.500000000000001776 ) ) ;
#869 = DIRECTION ( 'NONE',  ( -0.000000000000000000, -0.000000000000000000, -1.000000000000000000 ) ) ;
#870 = VERTEX_POINT ( 'NONE', #1188 ) ;
#871 = FACE_OUTER_BOUND ( 'NONE', #271, .T. ) ;
#872 = EDGE_CURVE ( 'NONE', #1161, #1002, #935, .T. ) ;
#873 = ORIENTED_EDGE ( 'NONE', *, *, #179, .T. ) ;
#874 = CARTESIAN_POINT ( 'NONE',  ( 1.500000000000000000, 0.000000000000000000, -1.500000000000000000 ) ) ;
#875 = EDGE_CURVE ( 'NONE', #498, #842, #8, .T. ) ;
#876 = CYLINDRICAL_SURFACE ( 'NONE', #1391, 1.499999999999999556 ) ;
#877 = VECTOR ( 'NONE', #740, 1000.000000000000000 ) ;
#878 = DIRECTION ( 'NONE',  ( 0.000000000000000000, 0.000000000000000000, 1.000000000000000000 ) ) ;
#879 = CIRCLE ( 'NONE', #1266, 1.499999999999999556 ) ;
#880 = ORIENTED_EDGE ( 'NONE', *, *, #452, .T. ) ;
#881 = DIRECTION ( 'NONE',  ( 1.000000000000000000, -0.000000000000000000, -0.000000000000000000 ) ) ;
#882 = ORIENTED_EDGE ( 'NONE', *, *, #1034, .F. ) ;
#883 = DIRECTION ( 'NONE',  ( 1.000000000000000000, 0.000000000000000000, 0.000000000000000000 ) ) ;
#884 = CIRCLE ( 'NONE', #224, 2.199999999999989964 ) ;
#885 = DIRECTION ( 'NONE',  ( -0.000000000000000000, 8.673617379884035472E-17, 1.000000000000000000 ) ) ;
#886 = EDGE_CURVE ( 'NONE', #322, #857, #1094, .T. ) ;
#887 = DIRECTION ( 'NONE',  ( 0.000000000000000000, 0.000000000000000000, 1.000000000000000000 ) ) ;
#888 = EDGE_LOOP ( 'NONE', ( #553, #1000, #398, #155 ) ) ;
#889 = FACE_OUTER_BOUND ( 'NONE', #956, .T. ) ;
#890 = VECTOR ( 'NONE', #311, 1000.000000000000000 ) ;
#891 = EDGE_LOOP ( 'NONE', ( #141, #1399, #85, #1093 ) ) ;
#892 = SURFACE_STYLE_USAGE ( .BOTH. , #1259 ) ;
#893 = CARTESIAN_POINT ( 'NONE',  ( 28.00000000000000000, -6.599999999999992539, -1.639483628583461083 ) ) ;
#894 = CARTESIAN_POINT ( 'NONE',  ( 28.00000000000000000, -2.800000000000004263, -2.000000000000002665 ) ) ;
#895 = ORIENTED_EDGE ( 'NONE', *, *, #160, .F. ) ;
#896 = CARTESIAN_POINT ( 'NONE',  ( 28.00000000000000000, -5.000000000000001776, -1.639483628583461305 ) ) ;
#897 = VERTEX_POINT ( 'NONE', #158 ) ;
#898 = CARTESIAN_POINT ( 'NONE',  ( 6.000000000000000000, -10.00000000000000000, -4.399999999999992362 ) ) ;
#899 = CARTESIAN_POINT ( 'NONE',  ( 10.50000000000000000, -1.500000000000000000, -9.000000000000001776 ) ) ;
#900 = EDGE_CURVE ( 'NONE', #1374, #842, #41, .T. ) ;
#901 = AXIS2_PLACEMENT_3D ( 'NONE', #494, #1427, #146 ) ;
#902 = VERTEX_POINT ( 'NONE', #1442 ) ;
#903 = CYLINDRICAL_SURFACE ( 'NONE', #699, 1.499999999999999556 ) ;
#904 = COLOUR_RGB ( '',0.2509803921568627416, 0.2509803921568627416, 0.2509803921568627416 ) ;
#905 = ORIENTED_EDGE ( 'NONE', *, *, #22, .T. ) ;
#906 = DIRECTION ( 'NONE',  ( 0.000000000000000000, 0.000000000000000000, 1.000000000000000000 ) ) ;
#907 = EDGE_CURVE ( 'NONE', #72, #118, #1343, .T. ) ;
#908 = DIRECTION ( 'NONE',  ( 0.000000000000000000, -1.000000000000000000, 1.355252715606888678E-16 ) ) ;
#909 = CIRCLE ( 'NONE', #1243, 1.499999999999999556 ) ;
#910 = DIRECTION ( 'NONE',  ( 0.000000000000000000, 1.000000000000000000, 0.000000000000000000 ) ) ;
#911 = ORIENTED_EDGE ( 'NONE', *, *, #977, .T. ) ;
#912 = FACE_OUTER_BOUND ( 'NONE', #709, .T. ) ;
#913 = ORIENTED_EDGE ( 'NONE', *, *, #1154, .T. ) ;
#914 = CARTESIAN_POINT ( 'NONE',  ( 29.00000000000000000, -7.000000000000000000, -1.500000000000000000 ) ) ;
#915 = ADVANCED_FACE ( 'NONE', ( #793 ), #903, .T. ) ;
#916 = CARTESIAN_POINT ( 'NONE',  ( 9.000000000000001776, -1.500000000000000000, -10.50000000000000000 ) ) ;
#917 = ORIENTED_EDGE ( 'NONE', *, *, #875, .T. ) ;
#918 = DIRECTION ( 'NONE',  ( 1.000000000000000000, -0.000000000000000000, -0.000000000000000000 ) ) ;
#919 = ORIENTED_EDGE ( 'NONE', *, *, #1213, .T. ) ;
#920 = DIRECTION ( 'NONE',  ( -1.000000000000000000, 0.000000000000000000, 0.000000000000000000 ) ) ;
#921 = ADVANCED_FACE ( 'NONE', ( #79 ), #203, .T. ) ;
#922 = DIRECTION ( 'NONE',  ( 0.000000000000000000, -1.000000000000000000, 1.355252715606888678E-16 ) ) ;
#923 = EDGE_CURVE ( 'NONE', #663, #1002, #433, .T. ) ;
#924 = ORIENTED_EDGE ( 'NONE', *, *, #1412, .F. ) ;
#925 = LINE ( 'NONE', #720, #1312 ) ;
#926 = ORIENTED_EDGE ( 'NONE', *, *, #66, .T. ) ;
#927 = DIRECTION ( 'NONE',  ( -0.000000000000000000, -1.000000000000000000, -0.000000000000000000 ) ) ;
#928 = VECTOR ( 'NONE', #932, 1000.000000000000000 ) ;
#929 = DIRECTION ( 'NONE',  ( 1.000000000000000000, 0.000000000000000000, 0.000000000000000000 ) ) ;
#930 = EDGE_CURVE ( 'NONE', #736, #345, #560, .T. ) ;
#931 = ORIENTED_EDGE ( 'NONE', *, *, #1407, .T. ) ;
#932 = DIRECTION ( 'NONE',  ( 0.000000000000000000, -8.673617379884035472E-17, -1.000000000000000000 ) ) ;
#933 = EDGE_LOOP ( 'NONE', ( #171, #911, #222, #102 ) ) ;
#934 = LINE ( 'NONE', #1382, #839 ) ;
#935 = CIRCLE ( 'NONE', #1318, 1.499999999999999556 ) ;
#936 = AXIS2_PLACEMENT_3D ( 'NONE', #808, #479, #1495 ) ;
#937 = CARTESIAN_POINT ( 'NONE',  ( 32.00000000000000000, -7.000000000000000000, -6.500000000000001776 ) ) ;
#938 = DIRECTION ( 'NONE',  ( 1.000000000000000000, 0.000000000000000000, 0.000000000000000000 ) ) ;
#939 = ORIENTED_EDGE ( 'NONE', *, *, #107, .T. ) ;
#940 = DIRECTION ( 'NONE',  ( 0.000000000000000000, 1.000000000000000000, 0.000000000000000000 ) ) ;
#941 = EDGE_LOOP ( 'NONE', ( #163, #258, #991, #564 ) ) ;
#942 = DIRECTION ( 'NONE',  ( 1.000000000000000000, -0.000000000000000000, -0.000000000000000000 ) ) ;
#943 = LINE ( 'NONE', #1408, #973 ) ;
#944 = AXIS2_PLACEMENT_3D ( 'NONE', #493, #1292, #1306 ) ;
#945 = ORIENTED_EDGE ( 'NONE', *, *, #611, .F. ) ;
#946 = CARTESIAN_POINT ( 'NONE',  ( 12.00000000000000000, -8.500000000000000000, -8.000000000000000000 ) ) ;
#947 = VERTEX_POINT ( 'NONE', #304 ) ;
#948 = LINE ( 'NONE', #1414, #325 ) ;
#949 = CIRCLE ( 'NONE', #759, 1.499999999999999556 ) ;
#950 = EDGE_CURVE ( 'NONE', #543, #1280, #1023, .T. ) ;
#951 = VECTOR ( 'NONE', #1006, 1000.000000000000000 ) ;
#952 = DIRECTION ( 'NONE',  ( 0.000000000000000000, 1.000000000000000000, 0.000000000000000000 ) ) ;
#953 = LINE ( 'NONE', #37, #1004 ) ;
#954 = PLANE ( 'NONE',  #263 ) ;
#955 = AXIS2_PLACEMENT_3D ( 'NONE', #775, #1104, #1344 ) ;
#956 = EDGE_LOOP ( 'NONE', ( #1302, #966, #210, #227 ) ) ;
#957 = CARTESIAN_POINT ( 'NONE',  ( 29.00000000000000000, -8.500000000000000000, -6.500000000000000888 ) ) ;
#958 = CIRCLE ( 'NONE', #502, 2.200000000000000622 ) ;
#959 = EDGE_CURVE ( 'NONE', #1108, #496, #555, .T. ) ;
#960 = AXIS2_PLACEMENT_3D ( 'NONE', #804, #567, #796 ) ;
#961 = LINE ( 'NONE', #1417, #1067 ) ;
#962 = DIRECTION ( 'NONE',  ( 0.000000000000000000, 0.000000000000000000, 1.000000000000000000 ) ) ;
#963 = DIRECTION ( 'NONE',  ( 0.000000000000000000, -8.673617379884035472E-17, -1.000000000000000000 ) ) ;
#964 = ORIENTED_EDGE ( 'NONE', *, *, #1278, .T. ) ;
#965 = DIRECTION ( 'NONE',  ( -0.000000000000000000, 8.673617379884035472E-17, 1.000000000000000000 ) ) ;
#966 = ORIENTED_EDGE ( 'NONE', *, *, #53, .T. ) ;
#967 = ADVANCED_FACE ( 'NONE', ( #912 ), #539, .T. ) ;
#968 = CARTESIAN_POINT ( 'NONE',  ( 16.00000000000000000, -5.000000000000000888, -8.000000000000003553 ) ) ;
#969 = ADVANCED_FACE ( 'NONE', ( #889 ), #802, .T. ) ;
#970 = DIRECTION ( 'NONE',  ( 0.000000000000000000, -1.000000000000000000, 0.000000000000000000 ) ) ;
#971 = ORIENTED_EDGE ( 'NONE', *, *, #131, .T. ) ;
#972 = LINE ( 'NONE', #386, #1199 ) ;
#973 = VECTOR ( 'NONE', #365, 1000.000000000000000 ) ;
#974 = CIRCLE ( 'NONE', #1163, 2.200000000000012612 ) ;
#975 = CARTESIAN_POINT ( 'NONE',  ( 10.50000000000000000, -10.00000000000000000, -6.500000000000000888 ) ) ;
#976 = DIRECTION ( 'NONE',  ( -0.000000000000000000, 8.673617379884035472E-17, 1.000000000000000000 ) ) ;
#977 = EDGE_CURVE ( 'NONE', #1161, #741, #1151, .T. ) ;
#978 = VERTEX_POINT ( 'NONE', #533 ) ;
#979 = DIRECTION ( 'NONE',  ( 0.000000000000000000, 1.000000000000000000, -2.891205793294678326E-16 ) ) ;
#980 = EDGE_LOOP ( 'NONE', ( #1055, #279, #1285, #204, #1036 ) ) ;
#981 = AXIS2_PLACEMENT_3D ( 'NONE', #745, #1179, #739 ) ;
#982 = AXIS2_PLACEMENT_3D ( 'NONE', #1268, #609, #1045 ) ;
#983 = CARTESIAN_POINT ( 'NONE',  ( 1.500000000000000000, -10.00000000000000000, 0.000000000000000000 ) ) ;
#984 = DIRECTION ( 'NONE',  ( -1.000000000000000000, 0.000000000000000000, 0.000000000000000000 ) ) ;
#985 = ADVANCED_FACE ( 'NONE', ( #673 ), #778, .T. ) ;
#986 = EDGE_LOOP ( 'NONE', ( #298, #672, #1403, #873 ) ) ;
#987 = CYLINDRICAL_SURFACE ( 'NONE', #424, 1.600000000000007638 ) ;
#988 = DIRECTION ( 'NONE',  ( 0.000000000000000000, 1.734723475976807094E-16, 1.000000000000000000 ) ) ;
#989 = CARTESIAN_POINT ( 'NONE',  ( 12.00000000000000000, -1.499999999999999556, -9.000000000000001776 ) ) ;
#990 = DIRECTION ( 'NONE',  ( 0.000000000000000000, -1.000000000000000000, 0.000000000000000000 ) ) ;
#991 = ORIENTED_EDGE ( 'NONE', *, *, #448, .F. ) ;
#992 = CARTESIAN_POINT ( 'NONE',  ( 1.500000000000000000, -10.00000000000000000, -1.500000000000000000 ) ) ;
#993 = EDGE_LOOP ( 'NONE', ( #784, #514, #1405 ) ) ;
#994 = FACE_OUTER_BOUND ( 'NONE', #1038, .T. ) ;
#995 = EDGE_CURVE ( 'NONE', #820, #663, #504, .T. ) ;
#996 = CARTESIAN_POINT ( 'NONE',  ( 28.00000000000000000, -5.000000000000002665, -8.000000000000003553 ) ) ;
#997 = CIRCLE ( 'NONE', #42, 1.600000000000012967 ) ;
#998 = DIRECTION ( 'NONE',  ( 0.000000000000000000, 0.000000000000000000, 1.000000000000000000 ) ) ;
#999 = VECTOR ( 'NONE', #1458, 1000.000000000000000 ) ;
#1000 = ORIENTED_EDGE ( 'NONE', *, *, #728, .T. ) ;
#1001 = CARTESIAN_POINT ( 'NONE',  ( 0.000000000000000000, -10.00000000000000000, -10.50000000000000000 ) ) ;
#1002 = VERTEX_POINT ( 'NONE', #1224 ) ;
#1003 = LINE ( 'NONE', #306, #225 ) ;
#1004 = VECTOR ( 'NONE', #1418, 1000.000000000000000 ) ;
#1005 = DIRECTION ( 'NONE',  ( 0.000000000000000000, 0.000000000000000000, 1.000000000000000000 ) ) ;
#1006 = DIRECTION ( 'NONE',  ( 0.000000000000000000, -1.000000000000000000, 0.000000000000000000 ) ) ;
#1007 = CIRCLE ( 'NONE', #1422, 1.500000000000001332 ) ;
#1008 = ORIENTED_EDGE ( 'NONE', *, *, #798, .T. ) ;
#1009 = CARTESIAN_POINT ( 'NONE',  ( 12.00000000000000000, -10.00000000000000000, -9.000000000000001776 ) ) ;
#1010 = CIRCLE ( 'NONE', #797, 1.600000000000012967 ) ;
#1011 = ORIENTED_EDGE ( 'NONE', *, *, #495, .T. ) ;
#1012 = ADVANCED_FACE ( 'NONE', ( #785 ), #1250, .T. ) ;
#1013 = DIRECTION ( 'NONE',  ( -0.000000000000000000, 8.673617379884035472E-17, 1.000000000000000000 ) ) ;
#1014 = DIRECTION ( 'NONE',  ( 0.000000000000000000, -8.673617379884035472E-17, -1.000000000000000000 ) ) ;
#1015 = EDGE_CURVE ( 'NONE', #1387, #1430, #1010, .T. ) ;
#1016 = EDGE_LOOP ( 'NONE', ( #1102, #371 ) ) ;
#1017 = DIRECTION ( 'NONE',  ( 0.000000000000000000, 1.734723475976807094E-16, 1.000000000000000000 ) ) ;
#1018 = VERTEX_POINT ( 'NONE', #1480 ) ;
#1019 = CYLINDRICAL_SURFACE ( 'NONE', #71, 2.999999999999999112 ) ;
#1020 = DIRECTION ( 'NONE',  ( 0.000000000000000000, -8.673617379884035472E-17, -1.000000000000000000 ) ) ;
#1021 = CIRCLE ( 'NONE', #188, 1.499999999999999556 ) ;
#1022 = ORIENTED_EDGE ( 'NONE', *, *, #1376, .F. ) ;
#1023 = LINE ( 'NONE', #687, #1445 ) ;
#1024 = AXIS2_PLACEMENT_3D ( 'NONE', #407, #840, #289 ) ;
#1025 = ORIENTED_EDGE ( 'NONE', *, *, #1222, .F. ) ;
#1026 = CYLINDRICAL_SURFACE ( 'NONE', #1122, 2.199999999999993516 ) ;
#1027 = CARTESIAN_POINT ( 'NONE',  ( 28.00000000000000000, -5.000000000000001776, -1.639483628583461305 ) ) ;
#1028 = ORIENTED_EDGE ( 'NONE', *, *, #1128, .F. ) ;
#1029 = EDGE_CURVE ( 'NONE', #178, #505, #551, .T. ) ;
#1030 = CARTESIAN_POINT ( 'NONE',  ( 12.00000000000000000, -9.378679656440358059, -8.000000000000000000 ) ) ;
#1031 = AXIS2_PLACEMENT_3D ( 'NONE', #363, #920, #244 ) ;
#1032 = ORIENTED_EDGE ( 'NONE', *, *, #332, .T. ) ;
#1033 = PRESENTATION_STYLE_ASSIGNMENT (( #892 ) ) ;
#1034 = EDGE_CURVE ( 'NONE', #1229, #437, #152, .T. ) ;
#1035 = CARTESIAN_POINT ( 'NONE',  ( 0.000000000000000000, -10.00000000000000000, -1.500000000000000000 ) ) ;
#1036 = ORIENTED_EDGE ( 'NONE', *, *, #253, .T. ) ;
#1037 = CYLINDRICAL_SURFACE ( 'NONE', #1359, 2.999999999999999112 ) ;
#1038 = EDGE_LOOP ( 'NONE', ( #1381, #882, #1187, #425, #310 ) ) ;
#1039 = CARTESIAN_POINT ( 'NONE',  ( 1.500000000000000000, -8.500000000000000000, -1.500000000000000000 ) ) ;
#1040 = EDGE_CURVE ( 'NONE', #498, #415, #604, .T. ) ;
#1041 = DIRECTION ( 'NONE',  ( 0.000000000000000000, 0.000000000000000000, 1.000000000000000000 ) ) ;
#1042 = EDGE_LOOP ( 'NONE', ( #1, #462, #1357, #355 ) ) ;
#1043 = CARTESIAN_POINT ( 'NONE',  ( 16.00000000000000000, -2.800000000000005596, -8.000000000000001776 ) ) ;
#1044 = ORIENTED_EDGE ( 'NONE', *, *, #160, .T. ) ;
#1045 = DIRECTION ( 'NONE',  ( 0.000000000000000000, -1.000000000000000000, 0.000000000000000000 ) ) ;
#1046 = AXIS2_PLACEMENT_3D ( 'NONE', #49, #1192, #883 ) ;
#1047 = CARTESIAN_POINT ( 'NONE',  ( 29.00000000000000000, -7.000000000000000000, 0.000000000000000000 ) ) ;
#1048 = AXIS2_PLACEMENT_3D ( 'NONE', #996, #1013, #403 ) ;
#1049 = ORIENTED_EDGE ( 'NONE', *, *, #950, .T. ) ;
#1050 = DIRECTION ( 'NONE',  ( 0.000000000000000000, 1.734723475976807094E-16, 1.000000000000000000 ) ) ;
#1051 = VERTEX_POINT ( 'NONE', #242 ) ;
#1052 = DIRECTION ( 'NONE',  ( 0.000000000000000000, -8.673617379884035472E-17, -1.000000000000000000 ) ) ;
#1053 = FACE_OUTER_BOUND ( 'NONE', #933, .T. ) ;
#1054 = DIRECTION ( 'NONE',  ( -0.000000000000000000, 1.000000000000000000, -1.734723475976807094E-16 ) ) ;
#1055 = ORIENTED_EDGE ( 'NONE', *, *, #344, .T. ) ;
#1056 = CARTESIAN_POINT ( 'NONE',  ( 29.00000000000000000, 0.000000000000000000, -1.500000000000000000 ) ) ;
#1057 = EDGE_CURVE ( 'NONE', #1223, #328, #747, .T. ) ;
#1058 = ORIENTED_EDGE ( 'NONE', *, *, #1034, .T. ) ;
#1059 = CARTESIAN_POINT ( 'NONE',  ( 3.000000000000000000, -8.500000000000000000, -9.000000000000001776 ) ) ;
#1060 = DIRECTION ( 'NONE',  ( 0.000000000000000000, 0.000000000000000000, -1.000000000000000000 ) ) ;
#1061 = ORIENTED_EDGE ( 'NONE', *, *, #1300, .F. ) ;
#1062 = FACE_OUTER_BOUND ( 'NONE', #319, .T. ) ;
#1063 = ORIENTED_EDGE ( 'NONE', *, *, #408, .T. ) ;
#1064 = CARTESIAN_POINT ( 'NONE',  ( 6.000000000000000000, -4.000000000000000000, -8.200000000000013500 ) ) ;
#1065 = ADVANCED_FACE ( 'NONE', ( #703 ), #477, .F. ) ;
#1066 = AXIS2_PLACEMENT_3D ( 'NONE', #1279, #234, #710 ) ;
#1067 = VECTOR ( 'NONE', #617, 1000.000000000000000 ) ;
#1068 = PRODUCT_DEFINITION_FORMATION_WITH_SPECIFIED_SOURCE ( 'ANY', '', #387, .NOT_KNOWN. ) ;
#1069 = DIRECTION ( 'NONE',  ( 0.000000000000000000, 0.000000000000000000, -1.000000000000000000 ) ) ;
#1070 = ORIENTED_EDGE ( 'NONE', *, *, #1233, .T. ) ;
#1071 = CARTESIAN_POINT ( 'NONE',  ( 28.00000000000000000, -7.199999999999993072, -8.000000000000003553 ) ) ;
#1072 = VECTOR ( 'NONE', #429, 1000.000000000000000 ) ;
#1073 = EDGE_CURVE ( 'NONE', #120, #202, #249, .T. ) ;
#1074 = ORIENTED_EDGE ( 'NONE', *, *, #660, .F. ) ;
#1075 = DIRECTION ( 'NONE',  ( -0.000000000000000000, -0.000000000000000000, 1.000000000000000000 ) ) ;
#1076 = AXIS2_PLACEMENT_3D ( 'NONE', #1490, #96, #331 ) ;
#1077 = EDGE_CURVE ( 'NONE', #478, #322, #1508, .T. ) ;
#1078 = AXIS2_PLACEMENT_3D ( 'NONE', #896, #1240, #192 ) ;
#1079 = DIRECTION ( 'NONE',  ( 0.000000000000000000, -1.000000000000000000, 0.000000000000000000 ) ) ;
#1080 = FACE_OUTER_BOUND ( 'NONE', #634, .T. ) ;
#1081 = ORIENTED_EDGE ( 'NONE', *, *, #1300, .T. ) ;
#1082 = DIRECTION ( 'NONE',  ( 0.000000000000000000, 1.000000000000000000, 0.000000000000000000 ) ) ;
#1083 = EDGE_CURVE ( 'NONE', #857, #596, #1265, .T. ) ;
#1084 = DIRECTION ( 'NONE',  ( 0.000000000000000000, -1.000000000000000000, 0.000000000000000000 ) ) ;
#1085 = CARTESIAN_POINT ( 'NONE',  ( 32.00000000000000000, 0.000000000000000000, 0.000000000000000000 ) ) ;
#1086 = ORIENTED_EDGE ( 'NONE', *, *, #798, .F. ) ;
#1087 = CARTESIAN_POINT ( 'NONE',  ( 6.000000000000000000, -10.00000000000000000, -6.000000000000000000 ) ) ;
#1088 = ORIENTED_EDGE ( 'NONE', *, *, #1425, .T. ) ;
#1089 = AXIS2_PLACEMENT_3D ( 'NONE', #1112, #671, #1098 ) ;
#1090 = STYLED_ITEM ( 'NONE', ( #1033 ), #545 ) ;
#1091 = CARTESIAN_POINT ( 'NONE',  ( 10.50000000000000000, -8.500000000000000000, 0.000000000000000000 ) ) ;
#1092 = DIRECTION ( 'NONE',  ( 0.000000000000000000, 0.000000000000000000, -1.000000000000000000 ) ) ;
#1093 = ORIENTED_EDGE ( 'NONE', *, *, #557, .T. ) ;
#1094 = LINE ( 'NONE', #48, #677 ) ;
#1095 = LINE ( 'NONE', #738, #341 ) ;
#1096 = CIRCLE ( 'NONE', #650, 1.499999999999999556 ) ;
#1097 = FACE_OUTER_BOUND ( 'NONE', #891, .T. ) ;
#1098 = DIRECTION ( 'NONE',  ( 0.000000000000000000, 0.000000000000000000, -1.000000000000000000 ) ) ;
#1099 = ORIENTED_EDGE ( 'NONE', *, *, #1325, .F. ) ;
#1100 = DIRECTION ( 'NONE',  ( 0.000000000000000000, 0.000000000000000000, 1.000000000000000000 ) ) ;
#1101 = EDGE_CURVE ( 'NONE', #1051, #481, #220, .T. ) ;
#1102 = ORIENTED_EDGE ( 'NONE', *, *, #1392, .T. ) ;
#1103 = CARTESIAN_POINT ( 'NONE',  ( 14.40000000000000924, -5.000000000000000000, 0.000000000000000000 ) ) ;
#1104 = DIRECTION ( 'NONE',  ( -0.000000000000000000, -0.000000000000000000, -1.000000000000000000 ) ) ;
#1105 = CARTESIAN_POINT ( 'NONE',  ( 6.000000000000000000, -4.000000000000000000, -6.000000000000000000 ) ) ;
#1106 = VERTEX_POINT ( 'NONE', #1056 ) ;
#1107 = CARTESIAN_POINT ( 'NONE',  ( 30.50000000000000000, -1.127570259384925006E-15, -6.500000000000002665 ) ) ;
#1108 = VERTEX_POINT ( 'NONE', #111 ) ;
#1109 = ADVANCED_FACE ( 'NONE', ( #1286 ), #1037, .T. ) ;
#1110 = CARTESIAN_POINT ( 'NONE',  ( 9.000000000000001776, 0.000000000000000000, -10.50000000000000000 ) ) ;
#1111 = CIRCLE ( 'NONE', #1483, 1.500000000000001332 ) ;
#1112 = CARTESIAN_POINT ( 'NONE',  ( 6.000000000000000000, 0.000000000000000000, -6.000000000000000000 ) ) ;
#1113 = ORIENTED_EDGE ( 'NONE', *, *, #1416, .T. ) ;
#1114 = DIRECTION ( 'NONE',  ( -0.000000000000000000, 1.000000000000000000, -0.000000000000000000 ) ) ;
#1115 = ADVANCED_FACE ( 'NONE', ( #1271, #119 ), #7, .F. ) ;
#1116 = EDGE_LOOP ( 'NONE', ( #1328, #159, #338, #411 ) ) ;
#1117 = CARTESIAN_POINT ( 'NONE',  ( 30.50000000000000355, -7.000000000000000000, -6.500000000000000888 ) ) ;
#1118 = CIRCLE ( 'NONE', #1145, 1.599999999999990319 ) ;
#1119 = EDGE_CURVE ( 'NONE', #1431, #1288, #587, .T. ) ;
#1120 = CARTESIAN_POINT ( 'NONE',  ( 0.000000000000000000, -10.00000000000000000, -6.500000000000000888 ) ) ;
#1121 = CARTESIAN_POINT ( 'NONE',  ( 28.00000000000000000, -5.000000000000001776, -2.000000000000002665 ) ) ;
#1122 = AXIS2_PLACEMENT_3D ( 'NONE', #251, #1052, #488 ) ;
#1123 = EDGE_LOOP ( 'NONE', ( #393, #926 ) ) ;
#1124 = DIRECTION ( 'NONE',  ( 1.000000000000000000, 0.000000000000000000, 0.000000000000000000 ) ) ;
#1125 = VERTEX_POINT ( 'NONE', #486 ) ;
#1126 = FILL_AREA_STYLE ('',( #451 ) ) ;
#1127 = CARTESIAN_POINT ( 'NONE',  ( 16.00000000000000000, -5.000000000000000888, -8.000000000000001776 ) ) ;
#1128 = EDGE_CURVE ( 'NONE', #857, #178, #925, .T. ) ;
#1129 = CARTESIAN_POINT ( 'NONE',  ( 1.500000000000000000, -8.500000000000000000, 0.000000000000000000 ) ) ;
#1130 = ORIENTED_EDGE ( 'NONE', *, *, #1278, .F. ) ;
#1131 = DIRECTION ( 'NONE',  ( -1.000000000000000000, 0.000000000000000000, 0.000000000000000000 ) ) ;
#1132 = EDGE_LOOP ( 'NONE', ( #135, #275, #780, #456, #180 ) ) ;
#1133 = DIRECTION ( 'NONE',  ( -0.000000000000000000, 8.673617379884035472E-17, 1.000000000000000000 ) ) ;
#1134 = EDGE_CURVE ( 'NONE', #596, #40, #282, .T. ) ;
#1135 = DIRECTION ( 'NONE',  ( -0.000000000000000000, -0.000000000000000000, -1.000000000000000000 ) ) ;
#1136 = DIRECTION ( 'NONE',  ( -0.000000000000000000, -0.000000000000000000, -1.000000000000000000 ) ) ;
#1137 = AXIS2_PLACEMENT_3D ( 'NONE', #1186, #524, #1301 ) ;
#1138 = ORIENTED_EDGE ( 'NONE', *, *, #107, .F. ) ;
#1139 = CARTESIAN_POINT ( 'NONE',  ( 28.00000000000000000, -7.199999999999996625, -8.000000000000001776 ) ) ;
#1140 = AXIS2_PLACEMENT_3D ( 'NONE', #174, #259, #652 ) ;
#1141 = AXIS2_PLACEMENT_3D ( 'NONE', #484, #684, #327 ) ;
#1142 = ADVANCED_FACE ( 'NONE', ( #1293, #93, #469 ), #337, .F. ) ;
#1143 = ORIENTED_EDGE ( 'NONE', *, *, #748, .F. ) ;
#1144 = CARTESIAN_POINT ( 'NONE',  ( 3.000000000000000000, -1.499999999999999556, -12.00000000000000000 ) ) ;
#1145 = AXIS2_PLACEMENT_3D ( 'NONE', #168, #885, #922 ) ;
#1146 = CYLINDRICAL_SURFACE ( 'NONE', #1235, 1.600000000000007638 ) ;
#1147 = LINE ( 'NONE', #692, #416 ) ;
#1148 = EDGE_LOOP ( 'NONE', ( #1304, #125 ) ) ;
#1149 = DIRECTION ( 'NONE',  ( 0.000000000000000000, 0.000000000000000000, -1.000000000000000000 ) ) ;
#1150 = CONICAL_SURFACE ( 'NONE', #982, 2.200000000000000622, 1.029744258676653867 ) ;
#1151 = CIRCLE ( 'NONE', #199, 1.500000000000000444 ) ;
#1152 = ORIENTED_EDGE ( 'NONE', *, *, #1228, .F. ) ;
#1153 = DIRECTION ( 'NONE',  ( 0.000000000000000000, -1.000000000000000000, 0.000000000000000000 ) ) ;
#1154 = EDGE_CURVE ( 'NONE', #559, #1208, #228, .T. ) ;
#1155 = LINE ( 'NONE', #333, #287 ) ;
#1156 = EDGE_LOOP ( 'NONE', ( #919, #47, #807, #1324 ) ) ;
#1157 = CARTESIAN_POINT ( 'NONE',  ( 32.00000000000000000, -3.000000000000000000, 0.000000000000000000 ) ) ;
#1158 = ORIENTED_EDGE ( 'NONE', *, *, #1083, .F. ) ;
#1159 = CARTESIAN_POINT ( 'NONE',  ( 1.500000000000000000, -1.500000000000000000, -9.000000000000001776 ) ) ;
#1160 = DIRECTION ( 'NONE',  ( 0.000000000000000000, -1.000000000000000000, 0.000000000000000000 ) ) ;
#1161 = VERTEX_POINT ( 'NONE', #1395 ) ;
#1162 = DIRECTION ( 'NONE',  ( 0.000000000000000000, 0.000000000000000000, 1.000000000000000000 ) ) ;
#1163 = AXIS2_PLACEMENT_3D ( 'NONE', #397, #1180, #26 ) ;
#1164 = ORIENTED_EDGE ( 'NONE', *, *, #1407, .F. ) ;
#1165 = CARTESIAN_POINT ( 'NONE',  ( 29.00000000000000000, -3.000000000000000000, 0.000000000000000000 ) ) ;
#1166 = CIRCLE ( 'NONE', #21, 1.499999999999999556 ) ;
#1167 = TOROIDAL_SURFACE ( 'NONE', #901, 1.500000000000000000, 1.500000000000000000 ) ;
#1168 = ADVANCED_FACE ( 'NONE', ( #354 ), #825, .T. ) ;
#1169 = CARTESIAN_POINT ( 'NONE',  ( 0.000000000000000000, -8.500000000000000000, -9.000000000000001776 ) ) ;
#1170 = PLANE ( 'NONE',  #715 ) ;
#1171 = EDGE_CURVE ( 'NONE', #505, #978, #1237, .T. ) ;
#1172 = VECTOR ( 'NONE', #1005, 1000.000000000000000 ) ;
#1173 = ORIENTED_EDGE ( 'NONE', *, *, #5, .T. ) ;
#1174 = DIRECTION ( 'NONE',  ( 0.000000000000000000, 0.000000000000000000, -1.000000000000000000 ) ) ;
#1175 = ORIENTED_EDGE ( 'NONE', *, *, #140, .T. ) ;
#1176 = CARTESIAN_POINT ( 'NONE',  ( 17.59999999999998721, -5.000000000000000000, 1.359357947053559592E-15 ) ) ;
#1177 = CIRCLE ( 'NONE', #1371, 1.500000000000000000 ) ;
#1178 = DIRECTION ( 'NONE',  ( 0.000000000000000000, 0.000000000000000000, -1.000000000000000000 ) ) ;
#1179 = DIRECTION ( 'NONE',  ( 0.000000000000000000, -1.000000000000000000, 0.000000000000000000 ) ) ;
#1180 = DIRECTION ( 'NONE',  ( -0.000000000000000000, 1.000000000000000000, -0.000000000000000000 ) ) ;
#1181 = ORIENTED_EDGE ( 'NONE', *, *, #489, .F. ) ;
#1182 = LINE ( 'NONE', #230, #794 ) ;
#1183 = CARTESIAN_POINT ( 'NONE',  ( 1.500000000000000000, -1.499999999999999556, -1.500000000000000000 ) ) ;
#1184 = EDGE_CURVE ( 'NONE', #701, #1125, #540, .T. ) ;
#1185 = DIRECTION ( 'NONE',  ( -0.000000000000000000, 8.673617379884035472E-17, 1.000000000000000000 ) ) ;
#1186 = CARTESIAN_POINT ( 'NONE',  ( 1.500000000000000000, -8.500000000000000000, -1.500000000000000000 ) ) ;
#1187 = ORIENTED_EDGE ( 'NONE', *, *, #344, .F. ) ;
#1188 = CARTESIAN_POINT ( 'NONE',  ( 14.40000000000001279, -5.000000000000000000, 1.359357947053559592E-15 ) ) ;
#1189 = EDGE_CURVE ( 'NONE', #478, #202, #1021, .T. ) ;
#1190 = AXIS2_PLACEMENT_3D ( 'NONE', #662, #791, #1345 ) ;
#1191 = AXIS2_PLACEMENT_3D ( 'NONE', #142, #246, #23 ) ;
#1192 = DIRECTION ( 'NONE',  ( 0.000000000000000000, 0.000000000000000000, 1.000000000000000000 ) ) ;
#1193 = CARTESIAN_POINT ( 'NONE',  ( 16.00000000000000000, -2.799999999999999378, -2.000000000000002665 ) ) ;
#1194 = LINE ( 'NONE', #1207, #1331 ) ;
#1195 = VECTOR ( 'NONE', #182, 1000.000000000000000 ) ;
#1196 = ORIENTED_EDGE ( 'NONE', *, *, #431, .T. ) ;
#1197 = CARTESIAN_POINT ( 'NONE',  ( 12.00000000000000000, -10.00000000000000000, 0.000000000000000000 ) ) ;
#1198 = ADVANCED_FACE ( 'NONE', ( #1062 ), #954, .T. ) ;
#1199 = VECTOR ( 'NONE', #1075, 1000.000000000000000 ) ;
#1200 = AXIS2_PLACEMENT_3D ( 'NONE', #992, #1455, #1365 ) ;
#1201 = LINE ( 'NONE', #868, #1072 ) ;
#1202 = LINE ( 'NONE', #1447, #316 ) ;
#1203 = EDGE_LOOP ( 'NONE', ( #656, #468, #458, #1049 ) ) ;
#1204 = DIRECTION ( 'NONE',  ( 0.000000000000000000, 0.000000000000000000, 1.000000000000000000 ) ) ;
#1205 = ORIENTED_EDGE ( 'NONE', *, *, #1134, .T. ) ;
#1206 = CYLINDRICAL_SURFACE ( 'NONE', #1433, 1.500000000000000000 ) ;
#1207 = CARTESIAN_POINT ( 'NONE',  ( 6.000000000000000000, -10.00000000000000000, -8.200000000000013500 ) ) ;
#1208 = VERTEX_POINT ( 'NONE', #1440 ) ;
#1209 = CARTESIAN_POINT ( 'NONE',  ( 16.00000000000000000, -5.000000000000000000, -2.000000000000002665 ) ) ;
#1210 = EDGE_LOOP ( 'NONE', ( #148, #1394, #1225, #829, #1158, #606 ) ) ;
#1211 = CIRCLE ( 'NONE', #1411, 1.599999999999986766 ) ;
#1212 = CARTESIAN_POINT ( 'NONE',  ( 32.00000000000000000, -3.000000000000000000, -6.500000000000002665 ) ) ;
#1213 = EDGE_CURVE ( 'NONE', #947, #751, #974, .T. ) ;
#1214 = CARTESIAN_POINT ( 'NONE',  ( 12.00000000000000000, -1.499999999999999556, -8.000000000000001776 ) ) ;
#1215 = ORIENTED_EDGE ( 'NONE', *, *, #1392, .F. ) ;
#1216 = DIRECTION ( 'NONE',  ( 0.000000000000000000, 0.000000000000000000, 1.000000000000000000 ) ) ;
#1217 = ORIENTED_EDGE ( 'NONE', *, *, #364, .F. ) ;
#1218 = CARTESIAN_POINT ( 'NONE',  ( 3.000000000000000000, -1.500000000000000000, -10.50000000000000000 ) ) ;
#1219 = AXIS2_PLACEMENT_3D ( 'NONE', #1159, #339, #106 ) ;
#1220 = DIRECTION ( 'NONE',  ( 0.000000000000000000, 0.000000000000000000, -1.000000000000000000 ) ) ;
#1221 = CARTESIAN_POINT ( 'NONE',  ( 6.000000000000000000, -4.000000000000000000, -6.000000000000000000 ) ) ;
#1222 = EDGE_CURVE ( 'NONE', #751, #845, #1194, .T. ) ;
#1223 = VERTEX_POINT ( 'NONE', #746 ) ;
#1224 = CARTESIAN_POINT ( 'NONE',  ( 29.00000000000000000, -10.00000000000000000, -6.500000000000000888 ) ) ;
#1225 = ORIENTED_EDGE ( 'NONE', *, *, #977, .F. ) ;
#1226 =( NAMED_UNIT ( * ) PLANE_ANGLE_UNIT ( ) SI_UNIT ( $, .RADIAN. ) );
#1227 = DIRECTION ( 'NONE',  ( 0.000000000000000000, 0.000000000000000000, -1.000000000000000000 ) ) ;
#1228 = EDGE_CURVE ( 'NONE', #773, #820, #1111, .T. ) ;
#1229 = VERTEX_POINT ( 'NONE', #1432 ) ;
#1230 = CARTESIAN_POINT ( 'NONE',  ( 29.00000000000000000, -3.000000000000000000, -1.500000000000000000 ) ) ;
#1231 = ORIENTED_EDGE ( 'NONE', *, *, #748, .T. ) ;
#1232 = DIRECTION ( 'NONE',  ( 0.000000000000000000, -1.000000000000000000, 1.355252715606888678E-16 ) ) ;
#1233 = EDGE_CURVE ( 'NONE', #505, #596, #641, .T. ) ;
#1234 = CIRCLE ( 'NONE', #580, 1.500000000000000000 ) ;
#1235 = AXIS2_PLACEMENT_3D ( 'NONE', #814, #1269, #226 ) ;
#1236 = LINE ( 'NONE', #67, #245 ) ;
#1237 = CIRCLE ( 'NONE', #833, 1.499999999999999556 ) ;
#1238 = DIRECTION ( 'NONE',  ( -0.000000000000000000, -0.000000000000000000, -1.000000000000000000 ) ) ;
#1239 = VERTEX_POINT ( 'NONE', #162 ) ;
#1240 = DIRECTION ( 'NONE',  ( -0.000000000000000000, 8.673617379884035472E-17, 1.000000000000000000 ) ) ;
#1241 = ORIENTED_EDGE ( 'NONE', *, *, #131, .F. ) ;
#1242 = DIRECTION ( 'NONE',  ( 0.000000000000000000, 0.000000000000000000, -1.000000000000000000 ) ) ;
#1243 = AXIS2_PLACEMENT_3D ( 'NONE', #767, #291, #301 ) ;
#1244 = ADVANCED_FACE ( 'NONE', ( #1080 ), #278, .T. ) ;
#1245 = DIRECTION ( 'NONE',  ( 0.000000000000000000, 1.000000000000000000, 0.000000000000000000 ) ) ;
#1246 = FACE_OUTER_BOUND ( 'NONE', #6, .T. ) ;
#1247 = CIRCLE ( 'NONE', #1493, 2.999999999999999112 ) ;
#1248 = EDGE_LOOP ( 'NONE', ( #847, #913, #95, #795 ) ) ;
#1249 = DIRECTION ( 'NONE',  ( 0.000000000000000000, 0.000000000000000000, 1.000000000000000000 ) ) ;
#1250 = TOROIDAL_SURFACE ( 'NONE', #1319, 1.500000000000000000, 1.500000000000000000 ) ;
#1251 = ORIENTED_EDGE ( 'NONE', *, *, #1342, .T. ) ;
#1252 = LINE ( 'NONE', #187, #1272 ) ;
#1253 = ADVANCED_FACE ( 'NONE', ( #262 ), #1327, .T. ) ;
#1254 = CARTESIAN_POINT ( 'NONE',  ( 29.00000000000000000, -3.000000000000000000, -6.500000000000001776 ) ) ;
#1255 = APPLICATION_PROTOCOL_DEFINITION ( 'draft international standard', 'automotive_design', 1998, #212 ) ;
#1256 = ORIENTED_EDGE ( 'NONE', *, *, #1346, .F. ) ;
#1257 = DIRECTION ( 'NONE',  ( 0.000000000000000000, 0.000000000000000000, 1.000000000000000000 ) ) ;
#1258 = ORIENTED_EDGE ( 'NONE', *, *, #335, .F. ) ;
#1259 = SURFACE_SIDE_STYLE ('',( #659 ) ) ;
#1260 = DIRECTION ( 'NONE',  ( 0.000000000000000000, 0.000000000000000000, -1.000000000000000000 ) ) ;
#1261 = SHAPE_DEFINITION_REPRESENTATION ( #144, #427 ) ;
#1262 = CIRCLE ( 'NONE', #518, 2.200000000000014388 ) ;
#1263 = EDGE_CURVE ( 'NONE', #1288, #788, #593, .T. ) ;
#1264 = ORIENTED_EDGE ( 'NONE', *, *, #214, .F. ) ;
#1265 = LINE ( 'NONE', #104, #1287 ) ;
#1266 = AXIS2_PLACEMENT_3D ( 'NONE', #916, #1377, #342 ) ;
#1267 = ORIENTED_EDGE ( 'NONE', *, *, #728, .F. ) ;
#1268 = CARTESIAN_POINT ( 'NONE',  ( 16.00000000000000000, -5.000000000000000000, -2.000000000000002665 ) ) ;
#1269 = DIRECTION ( 'NONE',  ( 0.000000000000000000, -1.000000000000000000, 0.000000000000000000 ) ) ;
#1270 = ORIENTED_EDGE ( 'NONE', *, *, #247, .F. ) ;
#1271 = FACE_BOUND ( 'NONE', #1148, .T. ) ;
#1272 = VECTOR ( 'NONE', #459, 1000.000000000000000 ) ;
#1273 = AXIS2_PLACEMENT_3D ( 'NONE', #1488, #423, #1124 ) ;
#1274 = ORIENTED_EDGE ( 'NONE', *, *, #766, .F. ) ;
#1275 = DIRECTION ( 'NONE',  ( 0.000000000000000000, 0.000000000000000000, 1.000000000000000000 ) ) ;
#1276 = FACE_OUTER_BOUND ( 'NONE', #753, .T. ) ;
#1277 = EDGE_LOOP ( 'NONE', ( #312, #450, #241, #777, #31, #256, #56, #1428 ) ) ;
#1278 = EDGE_CURVE ( 'NONE', #820, #1374, #613, .T. ) ;
#1279 = CARTESIAN_POINT ( 'NONE',  ( 9.000000000000001776, -10.00000000000000000, -9.000000000000001776 ) ) ;
#1280 = VERTEX_POINT ( 'NONE', #850 ) ;
#1281 = CYLINDRICAL_SURFACE ( 'NONE', #822, 1.499999999999999556 ) ;
#1282 = EDGE_CURVE ( 'NONE', #353, #851, #1202, .T. ) ;
#1283 = CARTESIAN_POINT ( 'NONE',  ( 29.59999999999998721, -5.000000000000001776, 1.359357947053559592E-15 ) ) ;
#1284 = CARTESIAN_POINT ( 'NONE',  ( 28.00000000000000000, -5.000000000000001776, -1.639483628583461305 ) ) ;
#1285 = ORIENTED_EDGE ( 'NONE', *, *, #1297, .F. ) ;
#1286 = FACE_OUTER_BOUND ( 'NONE', #532, .T. ) ;
#1287 = VECTOR ( 'NONE', #457, 1000.000000000000000 ) ;
#1288 = VERTEX_POINT ( 'NONE', #1071 ) ;
#1289 = CARTESIAN_POINT ( 'NONE',  ( 6.000000000000000000, -10.00000000000000000, -6.000000000000000000 ) ) ;
#1290 = ADVANCED_FACE ( 'NONE', ( #32 ), #1167, .T. ) ;
#1291 = DIRECTION ( 'NONE',  ( 1.000000000000000000, 0.000000000000000000, 0.000000000000000000 ) ) ;
#1292 = DIRECTION ( 'NONE',  ( -0.000000000000000000, 8.673617379884035472E-17, 1.000000000000000000 ) ) ;
#1293 = FACE_OUTER_BOUND ( 'NONE', #1322, .T. ) ;
#1294 = ORIENTED_EDGE ( 'NONE', *, *, #1342, .F. ) ;
#1295 = DIRECTION ( 'NONE',  ( -1.000000000000000000, 0.000000000000000000, 0.000000000000000000 ) ) ;
#1296 = AXIS2_PLACEMENT_3D ( 'NONE', #705, #1390, #698 ) ;
#1297 = EDGE_CURVE ( 'NONE', #1431, #1434, #413, .T. ) ;
#1298 = DIRECTION ( 'NONE',  ( 0.000000000000000000, 1.000000000000000000, -1.734723475976807094E-16 ) ) ;
#1299 = FACE_OUTER_BOUND ( 'NONE', #195, .T. ) ;
#1300 = EDGE_CURVE ( 'NONE', #870, #694, #1211, .T. ) ;
#1301 = DIRECTION ( 'NONE',  ( 0.000000000000000000, 0.000000000000000000, 1.000000000000000000 ) ) ;
#1302 = ORIENTED_EDGE ( 'NONE', *, *, #452, .F. ) ;
#1303 = CARTESIAN_POINT ( 'NONE',  ( 9.000000000000001776, -1.499999999999999556, -12.00000000000000000 ) ) ;
#1304 = ORIENTED_EDGE ( 'NONE', *, *, #1308, .T. ) ;
#1305 = CARTESIAN_POINT ( 'NONE',  ( 29.00000000000000000, -7.000000000000000000, -6.500000000000001776 ) ) ;
#1306 = DIRECTION ( 'NONE',  ( 0.000000000000000000, -1.000000000000000000, 1.355252715606888678E-16 ) ) ;
#1307 = DIRECTION ( 'NONE',  ( -1.000000000000000000, 0.000000000000000000, 0.000000000000000000 ) ) ;
#1308 = EDGE_CURVE ( 'NONE', #1439, #845, #1262, .T. ) ;
#1309 = EDGE_LOOP ( 'NONE', ( #1164, #1088, #1215, #801 ) ) ;
#1310 = CARTESIAN_POINT ( 'NONE',  ( 17.59999999999999076, -5.000000000000000000, 0.000000000000000000 ) ) ;
#1311 = ORIENTED_EDGE ( 'NONE', *, *, #806, .F. ) ;
#1312 = VECTOR ( 'NONE', #1174, 1000.000000000000000 ) ;
#1313 = CARTESIAN_POINT ( 'NONE',  ( 26.40000000000000924, -5.000000000000001776, 0.000000000000000000 ) ) ;
#1314 = CARTESIAN_POINT ( 'NONE',  ( 6.000000000000000000, -10.00000000000000178, -6.000000000000000000 ) ) ;
#1315 = ORIENTED_EDGE ( 'NONE', *, *, #1297, .T. ) ;
#1316 = DIRECTION ( 'NONE',  ( -1.000000000000000000, 0.000000000000000000, 0.000000000000000000 ) ) ;
#1317 = ORIENTED_EDGE ( 'NONE', *, *, #1128, .T. ) ;
#1318 = AXIS2_PLACEMENT_3D ( 'NONE', #957, #1421, #149 ) ;
#1319 = AXIS2_PLACEMENT_3D ( 'NONE', #1230, #185, #664 ) ;
#1320 = DIRECTION ( 'NONE',  ( -1.049727191138618203E-16, 0.8571673007021118895, -0.5150380749100547106 ) ) ;
#1321 = CARTESIAN_POINT ( 'NONE',  ( 28.00000000000000000, -5.000000000000002665, -8.000000000000003553 ) ) ;
#1322 = EDGE_LOOP ( 'NONE', ( #1500, #1130, #1152, #1022, #550, #432 ) ) ;
#1323 = DIRECTION ( 'NONE',  ( 0.000000000000000000, -1.000000000000000000, 0.000000000000000000 ) ) ;
#1324 = ORIENTED_EDGE ( 'NONE', *, *, #724, .F. ) ;
#1325 = EDGE_CURVE ( 'NONE', #751, #947, #515, .T. ) ;
#1326 = FACE_BOUND ( 'NONE', #303, .T. ) ;
#1327 = CYLINDRICAL_SURFACE ( 'NONE', #392, 1.500000000000000000 ) ;
#1328 = ORIENTED_EDGE ( 'NONE', *, *, #1425, .F. ) ;
#1329 = CARTESIAN_POINT ( 'NONE',  ( 1.500000000000000000, -1.499999999999999556, 0.000000000000000000 ) ) ;
#1330 = CARTESIAN_POINT ( 'NONE',  ( 16.00000000000000000, -5.000000000000000000, 1.359357947053559592E-15 ) ) ;
#1331 = VECTOR ( 'NONE', #39, 1000.000000000000000 ) ;
#1332 =( GEOMETRIC_REPRESENTATION_CONTEXT ( 3 ) GLOBAL_UNCERTAINTY_ASSIGNED_CONTEXT ( ( #756 ) ) GLOBAL_UNIT_ASSIGNED_CONTEXT ( ( #211, #1226, #64 ) ) REPRESENTATION_CONTEXT ( 'NONE', 'WORKASPACE' ) );
#1333 = VECTOR ( 'NONE', #1054, 1000.000000000000000 ) ;
#1334 = EDGE_CURVE ( 'NONE', #978, #736, #949, .T. ) ;
#1335 = LINE ( 'NONE', #983, #522 ) ;
#1336 = DIRECTION ( 'NONE',  ( 0.000000000000000000, 0.000000000000000000, -1.000000000000000000 ) ) ;
#1337 = ORIENTED_EDGE ( 'NONE', *, *, #324, .F. ) ;
#1338 = DIRECTION ( 'NONE',  ( 0.000000000000000000, 1.000000000000000000, 0.000000000000000000 ) ) ;
#1339 = VECTOR ( 'NONE', #269, 1000.000000000000000 ) ;
#1340 = ORIENTED_EDGE ( 'NONE', *, *, #702, .T. ) ;
#1341 = DIRECTION ( 'NONE',  ( 0.000000000000000000, 1.000000000000000000, 0.000000000000000000 ) ) ;
#1342 = EDGE_CURVE ( 'NONE', #137, #132, #286, .T. ) ;
#1343 = CIRCLE ( 'NONE', #426, 1.600000000000007638 ) ;
#1344 = DIRECTION ( 'NONE',  ( 1.000000000000000000, 0.000000000000000000, 0.000000000000000000 ) ) ;
#1345 = DIRECTION ( 'NONE',  ( 0.000000000000000000, 0.000000000000000000, -1.000000000000000000 ) ) ;
#1346 = EDGE_CURVE ( 'NONE', #132, #178, #689, .T. ) ;
#1347 = ORIENTED_EDGE ( 'NONE', *, *, #194, .F. ) ;
#1348 = DIRECTION ( 'NONE',  ( -0.000000000000000000, -1.000000000000000000, -0.000000000000000000 ) ) ;
#1349 = ORIENTED_EDGE ( 'NONE', *, *, #260, .F. ) ;
#1350 = CARTESIAN_POINT ( 'NONE',  ( 3.000000000000000000, -10.00000000000000000, -9.000000000000001776 ) ) ;
#1351 = CIRCLE ( 'NONE', #454, 2.199999999999989964 ) ;
#1352 = DIRECTION ( 'NONE',  ( 0.000000000000000000, 0.000000000000000000, -1.000000000000000000 ) ) ;
#1353 = DIRECTION ( 'NONE',  ( -0.000000000000000000, -1.734723475976807094E-16, -1.000000000000000000 ) ) ;
#1354 = ORIENTED_EDGE ( 'NONE', *, *, #766, .T. ) ;
#1355 = DIRECTION ( 'NONE',  ( 0.000000000000000000, -1.000000000000000000, 0.000000000000000000 ) ) ;
#1356 = ADVANCED_FACE ( 'NONE', ( #177 ), #1486, .T. ) ;
#1357 = ORIENTED_EDGE ( 'NONE', *, *, #528, .T. ) ;
#1358 = CARTESIAN_POINT ( 'NONE',  ( 10.50000000000000000, 0.000000000000000000, -6.500000000000002665 ) ) ;
#1359 = AXIS2_PLACEMENT_3D ( 'NONE', #361, #1501, #370 ) ;
#1360 = AXIS2_PLACEMENT_3D ( 'NONE', #1127, #799, #455 ) ;
#1361 = FACE_OUTER_BOUND ( 'NONE', #1210, .T. ) ;
#1362 = AXIS2_PLACEMENT_3D ( 'NONE', #1284, #1499, #218 ) ;
#1363 = DIRECTION ( 'NONE',  ( 1.000000000000000000, 0.000000000000000000, 0.000000000000000000 ) ) ;
#1364 = ORIENTED_EDGE ( 'NONE', *, *, #854, .T. ) ;
#1365 = DIRECTION ( 'NONE',  ( 0.000000000000000000, 0.000000000000000000, -1.000000000000000000 ) ) ;
#1366 = ORIENTED_EDGE ( 'NONE', *, *, #806, .T. ) ;
#1367 = CARTESIAN_POINT ( 'NONE',  ( 16.00000000000000000, -5.000000000000000000, -1.639483628583459751 ) ) ;
#1368 = AXIS2_PLACEMENT_3D ( 'NONE', #661, #1477, #435 ) ;
#1369 = CYLINDRICAL_SURFACE ( 'NONE', #1360, 2.199999999999995293 ) ;
#1370 =( NAMED_UNIT ( * ) PLANE_ANGLE_UNIT ( ) SI_UNIT ( $, .RADIAN. ) );
#1371 = AXIS2_PLACEMENT_3D ( 'NONE', #1039, #1503, #465 ) ;
#1372 = EDGE_LOOP ( 'NONE', ( #860, #105, #27, #939 ) ) ;
#1373 = CARTESIAN_POINT ( 'NONE',  ( 0.000000000000000000, -8.500000000000000000, -6.500000000000000888 ) ) ;
#1374 = VERTEX_POINT ( 'NONE', #1129 ) ;
#1375 = DIRECTION ( 'NONE',  ( 0.000000000000000000, 0.000000000000000000, -1.000000000000000000 ) ) ;
#1376 = EDGE_CURVE ( 'NONE', #826, #773, #446, .T. ) ;
#1377 = DIRECTION ( 'NONE',  ( -1.000000000000000000, -0.000000000000000000, -0.000000000000000000 ) ) ;
#1378 = FACE_BOUND ( 'NONE', #1016, .T. ) ;
#1379 = ORIENTED_EDGE ( 'NONE', *, *, #1438, .F. ) ;
#1380 = DIRECTION ( 'NONE',  ( 0.000000000000000000, -8.673617379884035472E-17, -1.000000000000000000 ) ) ;
#1381 = ORIENTED_EDGE ( 'NONE', *, *, #103, .F. ) ;
#1382 = CARTESIAN_POINT ( 'NONE',  ( 6.000000000000000000, -10.00000000000000000, -3.799999999999986500 ) ) ;
#1383 = DIRECTION ( 'NONE',  ( 0.000000000000000000, -1.000000000000000000, 0.000000000000000000 ) ) ;
#1384 = ADVANCED_FACE ( 'NONE', ( #183 ), #1459, .F. ) ;
#1385 = DIRECTION ( 'NONE',  ( 0.000000000000000000, 0.000000000000000000, -1.000000000000000000 ) ) ;
#1386 = AXIS2_PLACEMENT_3D ( 'NONE', #899, #1238, #1363 ) ;
#1387 = VERTEX_POINT ( 'NONE', #201 ) ;
#1388 = CARTESIAN_POINT ( 'NONE',  ( 0.000000000000000000, -10.00000000000000000, 0.000000000000000000 ) ) ;
#1389 = VERTEX_POINT ( 'NONE', #308 ) ;
#1390 = DIRECTION ( 'NONE',  ( 0.000000000000000000, 0.000000000000000000, -1.000000000000000000 ) ) ;
#1391 = AXIS2_PLACEMENT_3D ( 'NONE', #1091, #45, #523 ) ;
#1392 = EDGE_CURVE ( 'NONE', #1430, #1387, #997, .T. ) ;
#1393 = DIRECTION ( 'NONE',  ( 0.000000000000000000, 1.734723475976807094E-16, 1.000000000000000000 ) ) ;
#1394 = ORIENTED_EDGE ( 'NONE', *, *, #1498, .F. ) ;
#1395 = CARTESIAN_POINT ( 'NONE',  ( 29.00000000000000000, -8.500000000000000000, -8.000000000000000000 ) ) ;
#1396 = AXIS2_PLACEMENT_3D ( 'NONE', #858, #737, #649 ) ;
#1397 = EDGE_CURVE ( 'NONE', #572, #1454, #340, .T. ) ;
#1398 = AXIS2_PLACEMENT_3D ( 'NONE', #1466, #329, #62 ) ;
#1399 = ORIENTED_EDGE ( 'NONE', *, *, #716, .T. ) ;
#1400 = CARTESIAN_POINT ( 'NONE',  ( 0.000000000000000000, 0.000000000000000000, -1.500000000000000000 ) ) ;
#1401 = DIRECTION ( 'NONE',  ( 0.000000000000000000, 0.000000000000000000, -1.000000000000000000 ) ) ;
#1402 = DIRECTION ( 'NONE',  ( -0.000000000000000000, -1.000000000000000000, -0.000000000000000000 ) ) ;
#1403 = ORIENTED_EDGE ( 'NONE', *, *, #872, .T. ) ;
#1404 = CARTESIAN_POINT ( 'NONE',  ( 1.500000000000000000, -1.499999999999999556, -1.500000000000000000 ) ) ;
#1405 = ORIENTED_EDGE ( 'NONE', *, *, #528, .F. ) ;
#1406 = CARTESIAN_POINT ( 'NONE',  ( 29.00000000000000000, -10.00000000000000000, -1.499999999999999556 ) ) ;
#1407 = EDGE_CURVE ( 'NONE', #118, #72, #65, .T. ) ;
#1408 = CARTESIAN_POINT ( 'NONE',  ( 29.00000000000000000, -1.499999999999999556, 0.000000000000000000 ) ) ;
#1409 = CARTESIAN_POINT ( 'NONE',  ( 16.00000000000000000, -5.000000000000000888, -8.000000000000003553 ) ) ;
#1410 = CARTESIAN_POINT ( 'NONE',  ( 10.50000000000000000, -10.00000000000000000, -6.500000000000000888 ) ) ;
#1411 = AXIS2_PLACEMENT_3D ( 'NONE', #130, #390, #856 ) ;
#1412 = EDGE_CURVE ( 'NONE', #857, #543, #290, .T. ) ;
#1413 = ORIENTED_EDGE ( 'NONE', *, *, #1073, .F. ) ;
#1414 = CARTESIAN_POINT ( 'NONE',  ( 9.000000000000001776, 0.000000000000000000, -10.50000000000000000 ) ) ;
#1415 = VECTOR ( 'NONE', #196, 1000.000000000000000 ) ;
#1416 = EDGE_CURVE ( 'NONE', #1434, #788, #302, .T. ) ;
#1417 = CARTESIAN_POINT ( 'NONE',  ( 0.000000000000000000, -10.00000000000000000, -9.000000000000001776 ) ) ;
#1418 = DIRECTION ( 'NONE',  ( 0.000000000000000000, 1.000000000000000000, 0.000000000000000000 ) ) ;
#1419 = DIRECTION ( 'NONE',  ( 0.000000000000000000, 0.000000000000000000, -1.000000000000000000 ) ) ;
#1420 = ORIENTED_EDGE ( 'NONE', *, *, #1213, .F. ) ;
#1421 = DIRECTION ( 'NONE',  ( -1.000000000000000000, -0.000000000000000000, -0.000000000000000000 ) ) ;
#1422 = AXIS2_PLACEMENT_3D ( 'NONE', #1165, #121, #583 ) ;
#1423 = VERTEX_POINT ( 'NONE', #760 ) ;
#1424 = CARTESIAN_POINT ( 'NONE',  ( 0.000000000000000000, -1.499999999999999556, -1.500000000000000000 ) ) ;
#1425 = EDGE_CURVE ( 'NONE', #118, #1387, #1478, .T. ) ;
#1426 = DIRECTION ( 'NONE',  ( 0.000000000000000000, -1.000000000000000000, 0.000000000000000000 ) ) ;
#1427 = DIRECTION ( 'NONE',  ( 0.000000000000000000, 1.000000000000000000, 0.000000000000000000 ) ) ;
#1428 = ORIENTED_EDGE ( 'NONE', *, *, #179, .F. ) ;
#1429 = CARTESIAN_POINT ( 'NONE',  ( 6.000000000000000000, -10.00000000000000178, -8.200000000000015277 ) ) ;
#1430 = VERTEX_POINT ( 'NONE', #1472 ) ;
#1431 = VERTEX_POINT ( 'NONE', #430 ) ;
#1432 = CARTESIAN_POINT ( 'NONE',  ( 28.00000000000000000, -3.400000000000011458, -1.639483628583461527 ) ) ;
#1433 = AXIS2_PLACEMENT_3D ( 'NONE', #835, #396, #638 ) ;
#1434 = VERTEX_POINT ( 'NONE', #894 ) ;
#1435 = DIRECTION ( 'NONE',  ( 0.000000000000000000, -1.000000000000000000, 0.000000000000000000 ) ) ;
#1436 = CIRCLE ( 'NONE', #1024, 2.200000000000014388 ) ;
#1437 = AXIS2_PLACEMENT_3D ( 'NONE', #1321, #255, #843 ) ;
#1438 = EDGE_CURVE ( 'NONE', #1280, #202, #620, .T. ) ;
#1439 = VERTEX_POINT ( 'NONE', #318 ) ;
#1440 = CARTESIAN_POINT ( 'NONE',  ( 16.00000000000000000, -2.800000000000010925, -8.000000000000003553 ) ) ;
#1441 = ORIENTED_EDGE ( 'NONE', *, *, #1397, .T. ) ;
#1442 = CARTESIAN_POINT ( 'NONE',  ( 1.500000000000000000, -10.00000000000000000, -1.500000000000000000 ) ) ;
#1443 = ADVANCED_FACE ( 'NONE', ( #1246 ), #646, .F. ) ;
#1444 = CIRCLE ( 'NONE', #350, 1.499999999999999556 ) ;
#1445 = VECTOR ( 'NONE', #86, 1000.000000000000000 ) ;
#1446 = DIRECTION ( 'NONE',  ( 0.000000000000000000, 0.000000000000000000, 1.000000000000000000 ) ) ;
#1447 = CARTESIAN_POINT ( 'NONE',  ( 16.00000000000000000, -7.199999999999996625, -8.000000000000001776 ) ) ;
#1448 = ORIENTED_EDGE ( 'NONE', *, *, #1073, .T. ) ;
#1449 = DIRECTION ( 'NONE',  ( 0.000000000000000000, -8.673617379884035472E-17, -1.000000000000000000 ) ) ;
#1450 = PRODUCT_RELATED_PRODUCT_CATEGORY ( 'part', '', ( #387 ) ) ;
#1451 = DIRECTION ( 'NONE',  ( 1.000000000000000000, -0.000000000000000000, 0.000000000000000000 ) ) ;
#1452 = LINE ( 'NONE', #898, #292 ) ;
#1453 = CARTESIAN_POINT ( 'NONE',  ( 0.000000000000000000, -1.499999999999999556, -9.000000000000001776 ) ) ;
#1454 = VERTEX_POINT ( 'NONE', #1453 ) ;
#1455 = DIRECTION ( 'NONE',  ( 0.000000000000000000, 1.000000000000000000, 0.000000000000000000 ) ) ;
#1456 = ADVANCED_FACE ( 'NONE', ( #410 ), #828, .F. ) ;
#1457 = ORIENTED_EDGE ( 'NONE', *, *, #576, .F. ) ;
#1458 = DIRECTION ( 'NONE',  ( 0.000000000000000000, 0.000000000000000000, 1.000000000000000000 ) ) ;
#1459 = CONICAL_SURFACE ( 'NONE', #811, 2.199999999999997069, 1.029744258676653201 ) ;
#1460 = CIRCLE ( 'NONE', #1140, 2.999999999999999112 ) ;
#1461 = VECTOR ( 'NONE', #1136, 1000.000000000000000 ) ;
#1462 = EDGE_CURVE ( 'NONE', #437, #126, #492, .T. ) ;
#1463 = DIRECTION ( 'NONE',  ( -0.000000000000000000, -1.000000000000000000, -0.000000000000000000 ) ) ;
#1464 = DIRECTION ( 'NONE',  ( 0.000000000000000000, 0.000000000000000000, -1.000000000000000000 ) ) ;
#1465 = EDGE_LOOP ( 'NONE', ( #1175, #1509 ) ) ;
#1466 = CARTESIAN_POINT ( 'NONE',  ( 0.000000000000000000, -8.500000000000000000, -10.50000000000000000 ) ) ;
#1467 = AXIS2_PLACEMENT_3D ( 'NONE', #357, #562, #1383 ) ;
#1468 = ORIENTED_EDGE ( 'NONE', *, *, #1263, .T. ) ;
#1469 = DIRECTION ( 'NONE',  ( -0.000000000000000000, -0.000000000000000000, 1.000000000000000000 ) ) ;
#1470 = FACE_BOUND ( 'NONE', #1123, .T. ) ;
#1471 = EDGE_CURVE ( 'NONE', #120, #826, #444, .T. ) ;
#1472 = CARTESIAN_POINT ( 'NONE',  ( 6.000000000000000000, -4.000000000000000000, -4.399999999999987033 ) ) ;
#1473 = VERTEX_POINT ( 'NONE', #238 ) ;
#1474 = DIRECTION ( 'NONE',  ( -0.000000000000000000, -1.000000000000000000, -0.000000000000000000 ) ) ;
#1475 = ORIENTED_EDGE ( 'NONE', *, *, #5, .F. ) ;
#1476 = FACE_OUTER_BOUND ( 'NONE', #941, .T. ) ;
#1477 = DIRECTION ( 'NONE',  ( 0.000000000000000000, 1.734723475976807094E-16, 1.000000000000000000 ) ) ;
#1478 = LINE ( 'NONE', #77, #951 ) ;
#1479 = ORIENTED_EDGE ( 'NONE', *, *, #1471, .F. ) ;
#1480 = CARTESIAN_POINT ( 'NONE',  ( 32.00000000000000000, -7.000000000000000000, -1.500000000000000000 ) ) ;
#1481 = ORIENTED_EDGE ( 'NONE', *, *, #53, .F. ) ;
#1482 = PLANE ( 'NONE',  #1076 ) ;
#1483 = AXIS2_PLACEMENT_3D ( 'NONE', #18, #1092, #984 ) ;
#1484 = CIRCLE ( 'NONE', #786, 1.499999999999999556 ) ;
#1485 = CARTESIAN_POINT ( 'NONE',  ( 16.00000000000000000, -5.000000000000000000, 0.000000000000000000 ) ) ;
#1486 = CYLINDRICAL_SURFACE ( 'NONE', #713, 2.999999999999999112 ) ;
#1487 = EDGE_LOOP ( 'NONE', ( #80, #422, #608, #1475, #566 ) ) ;
#1488 = CARTESIAN_POINT ( 'NONE',  ( 1.500000000000000000, -8.500000000000000000, -9.000000000000001776 ) ) ;
#1489 = ORIENTED_EDGE ( 'NONE', *, *, #281, .T. ) ;
#1490 = CARTESIAN_POINT ( 'NONE',  ( 0.000000000000000000, -10.00000000000000000, 0.000000000000000000 ) ) ;
#1491 = ADVANCED_FACE ( 'NONE', ( #1378, #109 ), #1170, .F. ) ;
#1492 = CARTESIAN_POINT ( 'NONE',  ( 16.00000000000000000, -7.200000000000000178, -2.000000000000002665 ) ) ;
#1493 = AXIS2_PLACEMENT_3D ( 'NONE', #1059, #927, #15 ) ;
#1494 = EDGE_LOOP ( 'NONE', ( #1270, #1058, #470, #680, #1337 ) ) ;
#1495 = DIRECTION ( 'NONE',  ( 1.000000000000000000, 0.000000000000000000, 0.000000000000000000 ) ) ;
#1496 = ORIENTED_EDGE ( 'NONE', *, *, #930, .T. ) ;
#1497 = DIRECTION ( 'NONE',  ( -0.000000000000000000, -1.000000000000000000, -0.000000000000000000 ) ) ;
#1498 = EDGE_CURVE ( 'NONE', #741, #478, #124, .T. ) ;
#1499 = DIRECTION ( 'NONE',  ( -0.000000000000000000, 8.673617379884035472E-17, 1.000000000000000000 ) ) ;
#1500 = ORIENTED_EDGE ( 'NONE', *, *, #900, .F. ) ;
#1501 = DIRECTION ( 'NONE',  ( 0.000000000000000000, 0.000000000000000000, -1.000000000000000000 ) ) ;
#1502 = EDGE_LOOP ( 'NONE', ( #330, #534, #1063, #35 ) ) ;
#1503 = DIRECTION ( 'NONE',  ( 1.000000000000000000, -0.000000000000000000, -0.000000000000000000 ) ) ;
#1504 = EDGE_CURVE ( 'NONE', #1239, #496, #1147, .T. ) ;
#1505 = LINE ( 'NONE', #1035, #395 ) ;
#1506 = DIRECTION ( 'NONE',  ( 0.000000000000000000, 0.000000000000000000, 1.000000000000000000 ) ) ;
#1507 = EDGE_CURVE ( 'NONE', #498, #69, #100, .T. ) ;
#1508 = CIRCLE ( 'NONE', #665, 1.500000000000000000 ) ;
#1509 = ORIENTED_EDGE ( 'NONE', *, *, #1057, .T. ) ;
#1510 = DIRECTION ( 'NONE',  ( 0.000000000000000000, -8.673617379884035472E-17, -1.000000000000000000 ) ) ;
ENDSEC;
END-ISO-10303-21;
