ISO-10303-21;
HEADER;
FILE_DESCRIPTION (( 'STEP AP214' ),
    '1' );
FILE_NAME ('hinge swing.STEP',
    '2025-09-19T03:19:04',
    ( '' ),
    ( '' ),
    'SwSTEP 2.0',
    'SolidWorks 2024',
    '' );
FILE_SCHEMA (( 'AUTOMOTIVE_DESIGN' ));
ENDSEC;

DATA;
#1 = AXIS2_PLACEMENT_3D ( 'NONE', #1330, #957, #268 ) ;
#2 = CARTESIAN_POINT ( 'NONE',  ( 6.000000000000000000, 10.00000000000000000, -7.600000000000007638 ) ) ;
#3 = EDGE_CURVE ( 'NONE', #40, #1138, #180, .T. ) ;
#4 = ORIENTED_EDGE ( 'NONE', *, *, #477, .T. ) ;
#5 = DIRECTION ( 'NONE',  ( 0.000000000000000000, 0.000000000000000000, -1.000000000000000000 ) ) ;
#6 = EDGE_CURVE ( 'NONE', #1028, #1376, #88, .T. ) ;
#7 = CARTESIAN_POINT ( 'NONE',  ( 9.000000000000001776, 8.500000000000000000, -9.000000000000001776 ) ) ;
#8 = ORIENTED_EDGE ( 'NONE', *, *, #304, .T. ) ;
#9 = DIRECTION ( 'NONE',  ( 0.000000000000000000, 0.000000000000000000, 1.000000000000000000 ) ) ;
#10 = DIRECTION ( 'NONE',  ( -0.000000000000000000, -1.000000000000000000, 0.000000000000000000 ) ) ;
#11 = VERTEX_POINT ( 'NONE', #390 ) ;
#12 = DIRECTION ( 'NONE',  ( 0.000000000000000000, 0.000000000000000000, -1.000000000000000000 ) ) ;
#13 = DIRECTION ( 'NONE',  ( -0.000000000000000000, 1.000000000000000000, -0.000000000000000000 ) ) ;
#14 = ORIENTED_EDGE ( 'NONE', *, *, #1191, .T. ) ;
#15 = CARTESIAN_POINT ( 'NONE',  ( 29.00000000000000000, 1.500000000000000000, -6.500000000000002665 ) ) ;
#16 = CARTESIAN_POINT ( 'NONE',  ( 32.00000000000000000, 7.000000000000000000, 0.000000000000000000 ) ) ;
#17 = ORIENTED_EDGE ( 'NONE', *, *, #869, .T. ) ;
#18 = DIRECTION ( 'NONE',  ( 0.000000000000000000, -1.000000000000000000, 0.000000000000000000 ) ) ;
#19 = DIRECTION ( 'NONE',  ( 0.000000000000000000, 0.000000000000000000, 1.000000000000000000 ) ) ;
#20 = ORIENTED_EDGE ( 'NONE', *, *, #43, .T. ) ;
#21 = DIRECTION ( 'NONE',  ( -0.000000000000000000, 1.000000000000000000, -0.000000000000000000 ) ) ;
#22 = DIRECTION ( 'NONE',  ( -0.000000000000000000, 8.673617379884035472E-17, -1.000000000000000000 ) ) ;
#23 = AXIS2_PLACEMENT_3D ( 'NONE', #86, #780, #440 ) ;
#24 = ORIENTED_EDGE ( 'NONE', *, *, #408, .T. ) ;
#25 = VECTOR ( 'NONE', #1298, 1000.000000000000000 ) ;
#26 = VECTOR ( 'NONE', #653, 1000.000000000000000 ) ;
#27 = DIRECTION ( 'NONE',  ( 0.000000000000000000, 1.000000000000000000, 0.000000000000000000 ) ) ;
#28 = CARTESIAN_POINT ( 'NONE',  ( 10.50000000000000000, 1.499999999999999556, 0.000000000000000000 ) ) ;
#29 = ORIENTED_EDGE ( 'NONE', *, *, #631, .F. ) ;
#30 = FACE_OUTER_BOUND ( 'NONE', #1256, .T. ) ;
#31 = ORIENTED_EDGE ( 'NONE', *, *, #260, .F. ) ;
#32 = UNCERTAINTY_MEASURE_WITH_UNIT (LENGTH_MEASURE( 1.000000000000000082E-05 ), #892, 'distance_accuracy_value', 'NONE');
#33 = CYLINDRICAL_SURFACE ( 'NONE', #1101, 2.199999999999993516 ) ;
#34 = CARTESIAN_POINT ( 'NONE',  ( 3.000000000000000000, 8.500000000000000000, -10.50000000000000000 ) ) ;
#35 = CARTESIAN_POINT ( 'NONE',  ( 29.00000000000000000, 8.500000000000000000, -1.500000000000000000 ) ) ;
#36 = VECTOR ( 'NONE', #223, 1000.000000000000000 ) ;
#37 = CARTESIAN_POINT ( 'NONE',  ( 16.00000000000000000, 2.800000000000010925, -8.000000000000003553 ) ) ;
#38 = VERTEX_POINT ( 'NONE', #167 ) ;
#39 = AXIS2_PLACEMENT_3D ( 'NONE', #932, #577, #1166 ) ;
#40 = VERTEX_POINT ( 'NONE', #880 ) ;
#41 = FACE_OUTER_BOUND ( 'NONE', #162, .T. ) ;
#42 = CIRCLE ( 'NONE', #1402, 1.499999999999999556 ) ;
#43 = EDGE_CURVE ( 'NONE', #229, #479, #151, .T. ) ;
#44 = DIRECTION ( 'NONE',  ( 1.000000000000000000, 0.000000000000000000, 0.000000000000000000 ) ) ;
#45 = DIRECTION ( 'NONE',  ( 0.000000000000000000, 0.000000000000000000, 1.000000000000000000 ) ) ;
#46 = FACE_OUTER_BOUND ( 'NONE', #1134, .T. ) ;
#47 = EDGE_CURVE ( 'NONE', #350, #38, #1165, .T. ) ;
#48 = DIRECTION ( 'NONE',  ( -0.000000000000000000, 8.673617379884035472E-17, -1.000000000000000000 ) ) ;
#49 = VECTOR ( 'NONE', #310, 1000.000000000000000 ) ;
#50 = VERTEX_POINT ( 'NONE', #419 ) ;
#51 = ORIENTED_EDGE ( 'NONE', *, *, #1191, .F. ) ;
#52 = VECTOR ( 'NONE', #71, 1000.000000000000000 ) ;
#53 = FACE_OUTER_BOUND ( 'NONE', #1173, .T. ) ;
#54 = DIRECTION ( 'NONE',  ( 0.000000000000000000, 0.000000000000000000, -1.000000000000000000 ) ) ;
#55 = CARTESIAN_POINT ( 'NONE',  ( 9.000000000000001776, 10.00000000000000000, -10.50000000000000000 ) ) ;
#56 = FILL_AREA_STYLE ('',( #988 ) ) ;
#57 = ORIENTED_EDGE ( 'NONE', *, *, #361, .F. ) ;
#58 = EDGE_LOOP ( 'NONE', ( #945, #378 ) ) ;
#59 = CYLINDRICAL_SURFACE ( 'NONE', #465, 1.599999999999990319 ) ;
#60 = CYLINDRICAL_SURFACE ( 'NONE', #509, 1.499999999999999556 ) ;
#61 = DIRECTION ( 'NONE',  ( -1.000000000000000000, 0.000000000000000000, 0.000000000000000000 ) ) ;
#62 = VERTEX_POINT ( 'NONE', #1324 ) ;
#63 = VERTEX_POINT ( 'NONE', #299 ) ;
#64 = EDGE_CURVE ( 'NONE', #479, #710, #764, .T. ) ;
#65 = CARTESIAN_POINT ( 'NONE',  ( 29.00000000000000000, 10.00000000000000000, -6.500000000000000888 ) ) ;
#66 = VECTOR ( 'NONE', #405, 1000.000000000000000 ) ;
#67 = FACE_OUTER_BOUND ( 'NONE', #1278, .T. ) ;
#68 = DIRECTION ( 'NONE',  ( -1.000000000000000000, 0.000000000000000000, 0.000000000000000000 ) ) ;
#69 = EDGE_LOOP ( 'NONE', ( #1150, #836, #1061, #882 ) ) ;
#70 = AXIS2_PLACEMENT_3D ( 'NONE', #190, #1127, #550 ) ;
#71 = DIRECTION ( 'NONE',  ( -1.000000000000000000, -0.000000000000000000, 0.000000000000000000 ) ) ;
#72 = CIRCLE ( 'NONE', #753, 1.500000000000000000 ) ;
#73 = LINE ( 'NONE', #547, #163 ) ;
#74 = CIRCLE ( 'NONE', #1221, 2.999999999999999112 ) ;
#75 = CARTESIAN_POINT ( 'NONE',  ( 6.000000000000000000, 10.00000000000000178, -3.799999999999985612 ) ) ;
#76 = ORIENTED_EDGE ( 'NONE', *, *, #1284, .T. ) ;
#77 =( NAMED_UNIT ( * ) PLANE_ANGLE_UNIT ( ) SI_UNIT ( $, .RADIAN. ) );
#78 = DIRECTION ( 'NONE',  ( -0.000000000000000000, 8.673617379884035472E-17, -1.000000000000000000 ) ) ;
#79 = CARTESIAN_POINT ( 'NONE',  ( 9.000000000000001776, 10.00000000000000000, -9.000000000000001776 ) ) ;
#80 = DIRECTION ( 'NONE',  ( 0.000000000000000000, 0.000000000000000000, -1.000000000000000000 ) ) ;
#81 = EDGE_CURVE ( 'NONE', #1391, #297, #771, .T. ) ;
#82 = ORIENTED_EDGE ( 'NONE', *, *, #1467, .F. ) ;
#83 = DIRECTION ( 'NONE',  ( -0.000000000000000000, 1.000000000000000000, -0.000000000000000000 ) ) ;
#84 = CYLINDRICAL_SURFACE ( 'NONE', #535, 1.599999999999990319 ) ;
#85 = ADVANCED_FACE ( 'NONE', ( #538 ), #1108, .T. ) ;
#86 = CARTESIAN_POINT ( 'NONE',  ( 1.500000000000000000, 8.500000000000000000, -1.500000000000000000 ) ) ;
#87 = EDGE_LOOP ( 'NONE', ( #1492, #615, #1210, #107, #644, #401, #128, #356 ) ) ;
#88 = CIRCLE ( 'NONE', #579, 1.600000000000007638 ) ;
#89 = LINE ( 'NONE', #707, #658 ) ;
#90 = ADVANCED_FACE ( 'NONE', ( #1090 ), #60, .T. ) ;
#91 = ORIENTED_EDGE ( 'NONE', *, *, #1175, .F. ) ;
#92 = EDGE_CURVE ( 'NONE', #191, #951, #42, .T. ) ;
#93 = PRODUCT_CONTEXT ( 'NONE', #475, 'mechanical' ) ;
#94 = CIRCLE ( 'NONE', #1406, 1.500000000000000000 ) ;
#95 = CARTESIAN_POINT ( 'NONE',  ( 6.000000000000000000, 4.000000000000000000, -3.799999999999987388 ) ) ;
#96 = DIRECTION ( 'NONE',  ( 0.000000000000000000, -1.000000000000000000, 0.000000000000000000 ) ) ;
#97 = AXIS2_PLACEMENT_3D ( 'NONE', #854, #1424, #1442 ) ;
#98 = ORIENTED_EDGE ( 'NONE', *, *, #358, .F. ) ;
#99 = AXIS2_PLACEMENT_3D ( 'NONE', #917, #1167, #1277 ) ;
#100 = CARTESIAN_POINT ( 'NONE',  ( 1.500000000000000000, 1.499999999999999556, -1.500000000000000000 ) ) ;
#101 = EDGE_LOOP ( 'NONE', ( #793, #1157, #977, #119, #104 ) ) ;
#102 = LINE ( 'NONE', #778, #578 ) ;
#103 = CARTESIAN_POINT ( 'NONE',  ( 30.50000000000000355, 7.000000000000000000, -6.500000000000000888 ) ) ;
#104 = ORIENTED_EDGE ( 'NONE', *, *, #943, .F. ) ;
#105 = LINE ( 'NONE', #427, #49 ) ;
#106 = EDGE_CURVE ( 'NONE', #1112, #556, #503, .T. ) ;
#107 = ORIENTED_EDGE ( 'NONE', *, *, #1467, .T. ) ;
#108 = VECTOR ( 'NONE', #719, 1000.000000000000000 ) ;
#109 = DIRECTION ( 'NONE',  ( 0.000000000000000000, -1.734723475976807094E-16, 1.000000000000000000 ) ) ;
#110 = CIRCLE ( 'NONE', #1343, 1.500000000000000000 ) ;
#111 = PRODUCT_DEFINITION ( 'UNKNOWN', '', #459, #963 ) ;
#112 = DIRECTION ( 'NONE',  ( 1.000000000000000000, 0.000000000000000000, 0.000000000000000000 ) ) ;
#113 = AXIS2_PLACEMENT_3D ( 'NONE', #604, #935, #1176 ) ;
#114 = ORIENTED_EDGE ( 'NONE', *, *, #690, .F. ) ;
#115 = AXIS2_PLACEMENT_3D ( 'NONE', #208, #565, #1029 ) ;
#116 = DIRECTION ( 'NONE',  ( 0.000000000000000000, 0.000000000000000000, -1.000000000000000000 ) ) ;
#117 = CIRCLE ( 'NONE', #454, 1.499999999999999556 ) ;
#118 = LINE ( 'NONE', #384, #227 ) ;
#119 = ORIENTED_EDGE ( 'NONE', *, *, #1378, .T. ) ;
#120 = DIRECTION ( 'NONE',  ( 1.000000000000000000, -0.000000000000000000, 0.000000000000000000 ) ) ;
#121 = DIRECTION ( 'NONE',  ( -0.000000000000000000, 8.673617379884035472E-17, -1.000000000000000000 ) ) ;
#122 = EDGE_LOOP ( 'NONE', ( #868, #224, #1160, #98 ) ) ;
#123 = CYLINDRICAL_SURFACE ( 'NONE', #948, 2.999999999999999112 ) ;
#124 = CARTESIAN_POINT ( 'NONE',  ( 12.00000000000000000, 1.499999999999999556, -8.000000000000001776 ) ) ;
#125 = ORIENTED_EDGE ( 'NONE', *, *, #1036, .T. ) ;
#126 = CARTESIAN_POINT ( 'NONE',  ( 1.500000000000000000, 8.500000000000000000, 0.000000000000000000 ) ) ;
#127 = DIRECTION ( 'NONE',  ( 0.000000000000000000, 0.000000000000000000, -1.000000000000000000 ) ) ;
#128 = ORIENTED_EDGE ( 'NONE', *, *, #1482, .T. ) ;
#129 = CARTESIAN_POINT ( 'NONE',  ( 6.000000000000000000, 10.00000000000000000, -3.799999999999986500 ) ) ;
#130 = DIRECTION ( 'NONE',  ( -1.000000000000000000, 0.000000000000000000, 0.000000000000000000 ) ) ;
#131 = EDGE_LOOP ( 'NONE', ( #525, #1365, #1401, #1204 ) ) ;
#132 = CARTESIAN_POINT ( 'NONE',  ( 9.000000000000001776, 8.500000000000000000, -9.000000000000001776 ) ) ;
#133 = DIRECTION ( 'NONE',  ( 0.000000000000000000, 0.000000000000000000, 1.000000000000000000 ) ) ;
#134 = VERTEX_POINT ( 'NONE', #751 ) ;
#135 = DIRECTION ( 'NONE',  ( 0.000000000000000000, 1.000000000000000000, 0.000000000000000000 ) ) ;
#136 = DIRECTION ( 'NONE',  ( -1.000000000000000000, 0.000000000000000000, 0.000000000000000000 ) ) ;
#137 = ORIENTED_EDGE ( 'NONE', *, *, #1109, .F. ) ;
#138 = ORIENTED_EDGE ( 'NONE', *, *, #203, .T. ) ;
#139 = CARTESIAN_POINT ( 'NONE',  ( 0.000000000000000000, 10.00000000000000000, 0.000000000000000000 ) ) ;
#140 = CARTESIAN_POINT ( 'NONE',  ( 11.37867965644035628, 1.614108343103369153E-16, -7.378679656440359835 ) ) ;
#141 = ORIENTED_EDGE ( 'NONE', *, *, #920, .T. ) ;
#142 = DIRECTION ( 'NONE',  ( 0.000000000000000000, 1.000000000000000000, -0.000000000000000000 ) ) ;
#143 = CIRCLE ( 'NONE', #1070, 1.499999999999999556 ) ;
#144 = FACE_OUTER_BOUND ( 'NONE', #257, .T. ) ;
#145 = CIRCLE ( 'NONE', #731, 2.199999999999997069 ) ;
#146 = ORIENTED_EDGE ( 'NONE', *, *, #826, .T. ) ;
#147 = CIRCLE ( 'NONE', #545, 1.600000000000012967 ) ;
#148 = CYLINDRICAL_SURFACE ( 'NONE', #908, 1.499999999999999556 ) ;
#149 = EDGE_CURVE ( 'NONE', #38, #1379, #1091, .T. ) ;
#150 = CARTESIAN_POINT ( 'NONE',  ( 3.000000000000000000, 1.500000000000000000, -10.50000000000000000 ) ) ;
#151 = LINE ( 'NONE', #1215, #939 ) ;
#152 = DIRECTION ( 'NONE',  ( 0.000000000000000000, -1.734723475976807094E-16, 1.000000000000000000 ) ) ;
#153 = CARTESIAN_POINT ( 'NONE',  ( 10.50000000000000000, 10.00000000000000000, -6.500000000000000888 ) ) ;
#154 = ORIENTED_EDGE ( 'NONE', *, *, #330, .T. ) ;
#155 = EDGE_CURVE ( 'NONE', #386, #479, #1117, .T. ) ;
#156 = DIRECTION ( 'NONE',  ( -0.000000000000000000, -0.000000000000000000, -1.000000000000000000 ) ) ;
#157 = CARTESIAN_POINT ( 'NONE',  ( 29.00000000000000000, 10.00000000000000000, -1.499999999999999556 ) ) ;
#158 = DIRECTION ( 'NONE',  ( -1.000000000000000000, 0.000000000000000000, 0.000000000000000000 ) ) ;
#159 = DIRECTION ( 'NONE',  ( 0.000000000000000000, 0.000000000000000000, -1.000000000000000000 ) ) ;
#160 = ADVANCED_FACE ( 'NONE', ( #67 ), #860, .F. ) ;
#161 = CARTESIAN_POINT ( 'NONE',  ( 12.00000000000000000, 8.500000000000000000, -8.000000000000000000 ) ) ;
#162 = EDGE_LOOP ( 'NONE', ( #256, #984, #91, #31 ) ) ;
#163 = VECTOR ( 'NONE', #1058, 1000.000000000000000 ) ;
#164 = VERTEX_POINT ( 'NONE', #411 ) ;
#165 = CARTESIAN_POINT ( 'NONE',  ( 29.00000000000000000, 10.00000000000000000, -8.000000000000000000 ) ) ;
#166 = CARTESIAN_POINT ( 'NONE',  ( 16.00000000000000000, 5.000000000000000000, 1.359357947053559592E-15 ) ) ;
#167 = CARTESIAN_POINT ( 'NONE',  ( 29.00000000000000000, 8.500000000000000000, 0.000000000000000000 ) ) ;
#168 = DIRECTION ( 'NONE',  ( -0.000000000000000000, -0.000000000000000000, 1.000000000000000000 ) ) ;
#169 = DIRECTION ( 'NONE',  ( 0.000000000000000000, -1.000000000000000000, 0.000000000000000000 ) ) ;
#170 = TOROIDAL_SURFACE ( 'NONE', #1024, 1.500000000000000000, 1.500000000000000000 ) ;
#171 = VERTEX_POINT ( 'NONE', #55 ) ;
#172 = VECTOR ( 'NONE', #168, 1000.000000000000000 ) ;
#173 = AXIS2_PLACEMENT_3D ( 'NONE', #744, #979, #377 ) ;
#174 = DIRECTION ( 'NONE',  ( 0.000000000000000000, -0.000000000000000000, -1.000000000000000000 ) ) ;
#175 = CARTESIAN_POINT ( 'NONE',  ( 16.00000000000000000, 7.199999999999991296, -8.000000000000003553 ) ) ;
#176 = DIRECTION ( 'NONE',  ( -0.000000000000000000, 8.673617379884035472E-17, -1.000000000000000000 ) ) ;
#177 = PLANE ( 'NONE',  #1161 ) ;
#178 = ORIENTED_EDGE ( 'NONE', *, *, #1338, .T. ) ;
#179 = ORIENTED_EDGE ( 'NONE', *, *, #205, .T. ) ;
#180 = LINE ( 'NONE', #1464, #187 ) ;
#181 = DIRECTION ( 'NONE',  ( 0.000000000000000000, 1.000000000000000000, 1.355252715606888678E-16 ) ) ;
#182 = PRODUCT_DEFINITION_SHAPE ( 'NONE', 'NONE',  #111 ) ;
#183 = VECTOR ( 'NONE', #156, 1000.000000000000000 ) ;
#184 = DIRECTION ( 'NONE',  ( 0.000000000000000000, 0.8571673007021116675, -0.5150380749100551547 ) ) ;
#185 = ORIENTED_EDGE ( 'NONE', *, *, #309, .T. ) ;
#186 = LINE ( 'NONE', #1475, #26 ) ;
#187 = VECTOR ( 'NONE', #398, 1000.000000000000000 ) ;
#188 = DIRECTION ( 'NONE',  ( 1.000000000000000000, -0.000000000000000000, -0.000000000000000000 ) ) ;
#189 = DIRECTION ( 'NONE',  ( -1.000000000000000000, 0.000000000000000000, 0.000000000000000000 ) ) ;
#190 = CARTESIAN_POINT ( 'NONE',  ( 28.00000000000000000, 5.000000000000001776, 1.359357947053559592E-15 ) ) ;
#191 = VERTEX_POINT ( 'NONE', #521 ) ;
#192 = AXIS2_PLACEMENT_3D ( 'NONE', #555, #569, #1016 ) ;
#193 = DIRECTION ( 'NONE',  ( 1.000000000000000000, 0.000000000000000000, 0.000000000000000000 ) ) ;
#194 = AXIS2_PLACEMENT_3D ( 'NONE', #1456, #152, #620 ) ;
#195 = DIRECTION ( 'NONE',  ( 1.000000000000000000, 0.000000000000000000, 0.000000000000000000 ) ) ;
#196 = FACE_OUTER_BOUND ( 'NONE', #458, .T. ) ;
#197 = FACE_OUTER_BOUND ( 'NONE', #1190, .T. ) ;
#198 = EDGE_CURVE ( 'NONE', #303, #443, #1226, .T. ) ;
#199 = VERTEX_POINT ( 'NONE', #175 ) ;
#200 = DIRECTION ( 'NONE',  ( -1.000000000000000000, 0.000000000000000000, 0.000000000000000000 ) ) ;
#201 = DIRECTION ( 'NONE',  ( -0.000000000000000000, 8.673617379884035472E-17, -1.000000000000000000 ) ) ;
#202 = EDGE_LOOP ( 'NONE', ( #448, #210, #1458, #57 ) ) ;
#203 = EDGE_CURVE ( 'NONE', #63, #1474, #993, .T. ) ;
#204 = DIRECTION ( 'NONE',  ( 1.000000000000000000, 0.000000000000000000, 0.000000000000000000 ) ) ;
#205 = EDGE_CURVE ( 'NONE', #1386, #1474, #117, .T. ) ;
#206 = ORIENTED_EDGE ( 'NONE', *, *, #446, .F. ) ;
#207 = DIRECTION ( 'NONE',  ( 0.000000000000000000, 0.000000000000000000, 1.000000000000000000 ) ) ;
#208 = CARTESIAN_POINT ( 'NONE',  ( 0.000000000000000000, 10.00000000000000000, 0.000000000000000000 ) ) ;
#209 = VERTEX_POINT ( 'NONE', #1497 ) ;
#210 = ORIENTED_EDGE ( 'NONE', *, *, #1494, .F. ) ;
#211 = DIRECTION ( 'NONE',  ( 0.000000000000000000, 1.000000000000000000, 0.000000000000000000 ) ) ;
#212 = CIRCLE ( 'NONE', #334, 2.199999999999997069 ) ;
#213 = DIRECTION ( 'NONE',  ( 0.000000000000000000, -1.734723475976807094E-16, 1.000000000000000000 ) ) ;
#214 = AXIS2_PLACEMENT_3D ( 'NONE', #1264, #213, #1143 ) ;
#215 = EDGE_CURVE ( 'NONE', #829, #833, #326, .T. ) ;
#216 = ORIENTED_EDGE ( 'NONE', *, *, #495, .T. ) ;
#217 = EDGE_LOOP ( 'NONE', ( #941, #1006, #701, #346, #471, #1295 ) ) ;
#218 = DIRECTION ( 'NONE',  ( 1.049727191138617710E-16, -0.8571673007021115565, -0.5150380749100552658 ) ) ;
#219 = DIRECTION ( 'NONE',  ( -0.000000000000000000, 1.000000000000000000, -0.000000000000000000 ) ) ;
#220 = EDGE_LOOP ( 'NONE', ( #234, #1095, #748, #983 ) ) ;
#221 = EDGE_CURVE ( 'NONE', #451, #931, #1188, .T. ) ;
#222 = DIRECTION ( 'NONE',  ( -1.000000000000000000, -0.000000000000000000, -0.000000000000000000 ) ) ;
#223 = DIRECTION ( 'NONE',  ( -0.000000000000000000, 1.000000000000000000, -0.000000000000000000 ) ) ;
#224 = ORIENTED_EDGE ( 'NONE', *, *, #1437, .F. ) ;
#225 = CIRCLE ( 'NONE', #961, 2.999999999999999112 ) ;
#226 = CARTESIAN_POINT ( 'NONE',  ( 14.40000000000001279, 5.000000000000000000, 1.359357947053559592E-15 ) ) ;
#227 = VECTOR ( 'NONE', #582, 1000.000000000000000 ) ;
#228 = PLANE ( 'NONE',  #661 ) ;
#229 = VERTEX_POINT ( 'NONE', #668 ) ;
#230 = DIRECTION ( 'NONE',  ( -0.000000000000000000, 8.673617379884035472E-17, -1.000000000000000000 ) ) ;
#231 = ORIENTED_EDGE ( 'NONE', *, *, #1302, .F. ) ;
#232 = CARTESIAN_POINT ( 'NONE',  ( 14.40000000000000924, 5.000000000000000000, -1.639483628583459751 ) ) ;
#233 = AXIS2_PLACEMENT_3D ( 'NONE', #100, #1260, #1133 ) ;
#234 = ORIENTED_EDGE ( 'NONE', *, *, #1419, .T. ) ;
#235 = ADVANCED_FACE ( 'NONE', ( #1262 ), #84, .F. ) ;
#236 = AXIS2_PLACEMENT_3D ( 'NONE', #554, #433, #894 ) ;
#237 = CARTESIAN_POINT ( 'NONE',  ( 32.00000000000000000, 1.499999999999999556, -6.500000000000002665 ) ) ;
#238 = AXIS2_PLACEMENT_3D ( 'NONE', #859, #871, #618 ) ;
#239 = CARTESIAN_POINT ( 'NONE',  ( 1.500000000000000000, 1.499999999999999556, 0.000000000000000000 ) ) ;
#240 = ORIENTED_EDGE ( 'NONE', *, *, #606, .F. ) ;
#241 = ADVANCED_FACE ( 'NONE', ( #332 ), #1493, .T. ) ;
#242 = CYLINDRICAL_SURFACE ( 'NONE', #645, 2.199999999999995293 ) ;
#243 = VERTEX_POINT ( 'NONE', #425 ) ;
#244 = SPHERICAL_SURFACE ( 'NONE', #1225, 1.500000000000000000 ) ;
#245 = AXIS2_PLACEMENT_3D ( 'NONE', #1320, #1430, #624 ) ;
#246 = CARTESIAN_POINT ( 'NONE',  ( 26.40000000000000924, 5.000000000000001776, -1.639483628583461305 ) ) ;
#247 = EDGE_CURVE ( 'NONE', #199, #710, #723, .T. ) ;
#248 = VERTEX_POINT ( 'NONE', #1485 ) ;
#249 =( BOUNDED_CURVE ( )  B_SPLINE_CURVE ( 3, ( #840, #502, #140, #609 ),
 .UNSPECIFIED., .F., .F. ) 
 B_SPLINE_CURVE_WITH_KNOTS ( ( 4, 4 ),
 ( 3.141592653589793116, 4.712388980384689674 ),
 .UNSPECIFIED. ) 
 CURVE ( )  GEOMETRIC_REPRESENTATION_ITEM ( )  RATIONAL_B_SPLINE_CURVE ( ( 1.000000000000000000, 0.8047378541243649375, 0.8047378541243649375, 1.000000000000000000 ) ) 
 REPRESENTATION_ITEM ( '' )  );
#250 = DIRECTION ( 'NONE',  ( -0.000000000000000000, 8.673617379884035472E-17, -1.000000000000000000 ) ) ;
#251 = DIRECTION ( 'NONE',  ( 1.000000000000000000, 0.000000000000000000, 0.000000000000000000 ) ) ;
#252 = ORIENTED_EDGE ( 'NONE', *, *, #874, .T. ) ;
#253 = AXIS2_PLACEMENT_3D ( 'NONE', #400, #421, #1451 ) ;
#254 = DIRECTION ( 'NONE',  ( 0.000000000000000000, -1.000000000000000000, 0.000000000000000000 ) ) ;
#255 = AXIS2_PLACEMENT_3D ( 'NONE', #283, #646, #619 ) ;
#256 = ORIENTED_EDGE ( 'NONE', *, *, #1415, .T. ) ;
#257 = EDGE_LOOP ( 'NONE', ( #1154, #1460, #394, #252, #312 ) ) ;
#258 = DIRECTION ( 'NONE',  ( 0.000000000000000000, 1.000000000000000000, 1.355252715606888678E-16 ) ) ;
#259 = VERTEX_POINT ( 'NONE', #571 ) ;
#260 = EDGE_CURVE ( 'NONE', #1286, #209, #1035, .T. ) ;
#261 = CARTESIAN_POINT ( 'NONE',  ( 29.00000000000000000, 3.000000000000000000, -1.500000000000000000 ) ) ;
#262 = AXIS2_PLACEMENT_3D ( 'NONE', #699, #9, #715 ) ;
#263 = ORIENTED_EDGE ( 'NONE', *, *, #1177, .F. ) ;
#264 = CIRCLE ( 'NONE', #338, 2.200000000000014388 ) ;
#265 = ADVANCED_FACE ( 'NONE', ( #314 ), #774, .F. ) ;
#266 = ORIENTED_EDGE ( 'NONE', *, *, #1329, .T. ) ;
#267 = LINE ( 'NONE', #978, #1111 ) ;
#268 = DIRECTION ( 'NONE',  ( 0.000000000000000000, 0.000000000000000000, -1.000000000000000000 ) ) ;
#269 = EDGE_CURVE ( 'NONE', #11, #811, #1414, .T. ) ;
#270 = DIRECTION ( 'NONE',  ( 0.000000000000000000, 0.000000000000000000, -1.000000000000000000 ) ) ;
#271 = DIRECTION ( 'NONE',  ( 0.000000000000000000, 0.000000000000000000, 1.000000000000000000 ) ) ;
#272 = EDGE_CURVE ( 'NONE', #954, #1265, #1241, .T. ) ;
#273 = ORIENTED_EDGE ( 'NONE', *, *, #830, .F. ) ;
#274 = ORIENTED_EDGE ( 'NONE', *, *, #1247, .T. ) ;
#275 = LINE ( 'NONE', #1212, #1300 ) ;
#276 = DIRECTION ( 'NONE',  ( 1.000000000000000000, -0.000000000000000000, 0.000000000000000000 ) ) ;
#277 = DIRECTION ( 'NONE',  ( -0.000000000000000000, -0.000000000000000000, 1.000000000000000000 ) ) ;
#278 = DIRECTION ( 'NONE',  ( -0.000000000000000000, 8.673617379884035472E-17, -1.000000000000000000 ) ) ;
#279 = DIRECTION ( 'NONE',  ( 0.000000000000000000, -1.000000000000000000, 0.000000000000000000 ) ) ;
#280 = ORIENTED_EDGE ( 'NONE', *, *, #874, .F. ) ;
#281 = ORIENTED_EDGE ( 'NONE', *, *, #383, .F. ) ;
#282 = VECTOR ( 'NONE', #1207, 1000.000000000000000 ) ;
#283 = CARTESIAN_POINT ( 'NONE',  ( 6.000000000000000000, 4.000000000000000000, -6.000000000000000000 ) ) ;
#284 = EDGE_CURVE ( 'NONE', #676, #229, #889, .T. ) ;
#285 = CARTESIAN_POINT ( 'NONE',  ( 1.500000000000000000, 1.500000000000000000, -9.000000000000001776 ) ) ;
#286 = AXIS2_PLACEMENT_3D ( 'NONE', #574, #1025, #1156 ) ;
#287 = ORIENTED_EDGE ( 'NONE', *, *, #1279, .T. ) ;
#288 = AXIS2_PLACEMENT_3D ( 'NONE', #532, #392, #641 ) ;
#289 = ORIENTED_EDGE ( 'NONE', *, *, #1279, .F. ) ;
#290 = AXIS2_PLACEMENT_3D ( 'NONE', #1272, #595, #19 ) ;
#291 = EDGE_CURVE ( 'NONE', #451, #951, #674, .T. ) ;
#292 = LINE ( 'NONE', #763, #391 ) ;
#293 = DIRECTION ( 'NONE',  ( 1.000000000000000000, 0.000000000000000000, 0.000000000000000000 ) ) ;
#294 = DIRECTION ( 'NONE',  ( -0.000000000000000000, 8.673617379884035472E-17, -1.000000000000000000 ) ) ;
#295 = PRESENTATION_STYLE_ASSIGNMENT (( #1005 ) ) ;
#296 = EDGE_LOOP ( 'NONE', ( #756, #561, #490, #847, #1334 ) ) ;
#297 = VERTEX_POINT ( 'NONE', #95 ) ;
#298 = FACE_OUTER_BOUND ( 'NONE', #857, .T. ) ;
#299 = CARTESIAN_POINT ( 'NONE',  ( 10.50000000000000000, 10.00000000000000000, -6.500000000000000888 ) ) ;
#300 = DIRECTION ( 'NONE',  ( -0.000000000000000000, 8.673617379884035472E-17, -1.000000000000000000 ) ) ;
#301 = CARTESIAN_POINT ( 'NONE',  ( 29.00000000000000000, 0.000000000000000000, -1.500000000000000000 ) ) ;
#302 = AXIS2_PLACEMENT_3D ( 'NONE', #345, #1397, #136 ) ;
#303 = VERTEX_POINT ( 'NONE', #1013 ) ;
#304 = EDGE_CURVE ( 'NONE', #259, #456, #102, .T. ) ;
#305 = AXIS2_PLACEMENT_3D ( 'NONE', #307, #1380, #325 ) ;
#306 = DIRECTION ( 'NONE',  ( 0.000000000000000000, 0.000000000000000000, 1.000000000000000000 ) ) ;
#307 = CARTESIAN_POINT ( 'NONE',  ( 29.00000000000000000, 7.000000000000000000, -8.000000000000000000 ) ) ;
#308 = CARTESIAN_POINT ( 'NONE',  ( 0.000000000000000000, 1.499999999999999556, -1.500000000000000000 ) ) ;
#309 = EDGE_CURVE ( 'NONE', #243, #784, #770, .T. ) ;
#310 = DIRECTION ( 'NONE',  ( -1.000000000000000000, 0.000000000000000000, 0.000000000000000000 ) ) ;
#311 = AXIS2_PLACEMENT_3D ( 'NONE', #879, #1366, #318 ) ;
#312 = ORIENTED_EDGE ( 'NONE', *, *, #671, .F. ) ;
#313 = ADVANCED_FACE ( 'NONE', ( #1373, #319, #1258 ), #1239, .F. ) ;
#314 = FACE_OUTER_BOUND ( 'NONE', #818, .T. ) ;
#315 = SPHERICAL_SURFACE ( 'NONE', #23, 1.500000000000000000 ) ;
#316 = CARTESIAN_POINT ( 'NONE',  ( 32.00000000000000000, 7.000000000000000000, -6.500000000000001776 ) ) ;
#317 = ORIENTED_EDGE ( 'NONE', *, *, #272, .T. ) ;
#318 = DIRECTION ( 'NONE',  ( 0.000000000000000000, 0.000000000000000000, -1.000000000000000000 ) ) ;
#319 = FACE_BOUND ( 'NONE', #863, .T. ) ;
#320 = AXIS2_PLACEMENT_3D ( 'NONE', #1311, #858, #500 ) ;
#321 = CYLINDRICAL_SURFACE ( 'NONE', #1321, 2.999999999999999112 ) ;
#322 = ORIENTED_EDGE ( 'NONE', *, *, #309, .F. ) ;
#323 = ORIENTED_EDGE ( 'NONE', *, *, #721, .T. ) ;
#324 = EDGE_CURVE ( 'NONE', #164, #248, #681, .T. ) ;
#325 = DIRECTION ( 'NONE',  ( 0.000000000000000000, -1.000000000000000000, 0.000000000000000000 ) ) ;
#326 = CIRCLE ( 'NONE', #1140, 1.599999999999990319 ) ;
#327 = LINE ( 'NONE', #1131, #463 ) ;
#328 = ORIENTED_EDGE ( 'NONE', *, *, #903, .T. ) ;
#329 = CARTESIAN_POINT ( 'NONE',  ( 28.00000000000000000, 7.199999999999993072, -8.000000000000003553 ) ) ;
#330 = EDGE_CURVE ( 'NONE', #1326, #1386, #73, .T. ) ;
#331 = ORIENTED_EDGE ( 'NONE', *, *, #1169, .F. ) ;
#332 = FACE_OUTER_BOUND ( 'NONE', #1203, .T. ) ;
#333 = EDGE_CURVE ( 'NONE', #958, #11, #970, .T. ) ;
#334 = AXIS2_PLACEMENT_3D ( 'NONE', #952, #1507, #135 ) ;
#335 = FACE_OUTER_BOUND ( 'NONE', #575, .T. ) ;
#336 = CIRCLE ( 'NONE', #194, 3.000000000000000000 ) ;
#337 = ORIENTED_EDGE ( 'NONE', *, *, #446, .T. ) ;
#338 = AXIS2_PLACEMENT_3D ( 'NONE', #1385, #219, #133 ) ;
#339 = CARTESIAN_POINT ( 'NONE',  ( 1.500000000000000000, 1.500000000000000000, -1.500000000000000000 ) ) ;
#340 = ORIENTED_EDGE ( 'NONE', *, *, #291, .T. ) ;
#341 = DIRECTION ( 'NONE',  ( -1.000000000000000000, 0.000000000000000000, 0.000000000000000000 ) ) ;
#342 = LINE ( 'NONE', #1053, #898 ) ;
#343 = VERTEX_POINT ( 'NONE', #947 ) ;
#344 = CARTESIAN_POINT ( 'NONE',  ( 3.000000000000000000, 10.00000000000000000, -10.50000000000000000 ) ) ;
#345 = CARTESIAN_POINT ( 'NONE',  ( 29.00000000000000000, 3.000000000000000000, -1.500000000000000000 ) ) ;
#346 = ORIENTED_EDGE ( 'NONE', *, *, #1144, .T. ) ;
#347 = EDGE_CURVE ( 'NONE', #443, #1286, #1017, .T. ) ;
#348 = LINE ( 'NONE', #1421, #884 ) ;
#349 = CARTESIAN_POINT ( 'NONE',  ( 0.000000000000000000, 8.500000000000000000, -1.500000000000000000 ) ) ;
#350 = VERTEX_POINT ( 'NONE', #368 ) ;
#351 = CIRCLE ( 'NONE', #39, 1.499999999999999556 ) ;
#352 = FACE_OUTER_BOUND ( 'NONE', #781, .T. ) ;
#353 = AXIS2_PLACEMENT_3D ( 'NONE', #1100, #277, #293 ) ;
#354 = ADVANCED_FACE ( 'NONE', ( #693 ), #1045, .F. ) ;
#355 = CARTESIAN_POINT ( 'NONE',  ( 9.000000000000001776, 10.00000000000000000, -12.00000000000000000 ) ) ;
#356 = ORIENTED_EDGE ( 'NONE', *, *, #361, .T. ) ;
#357 = CARTESIAN_POINT ( 'NONE',  ( 16.00000000000000000, 7.200000000000000178, -2.000000000000002665 ) ) ;
#358 = EDGE_CURVE ( 'NONE', #343, #845, #351, .T. ) ;
#359 = CARTESIAN_POINT ( 'NONE',  ( 28.00000000000000000, 2.800000000000009148, -8.000000000000001776 ) ) ;
#360 = VERTEX_POINT ( 'NONE', #476 ) ;
#361 = EDGE_CURVE ( 'NONE', #409, #772, #507, .T. ) ;
#362 = CIRCLE ( 'NONE', #236, 1.500000000000001332 ) ;
#363 = TOROIDAL_SURFACE ( 'NONE', #967, 1.500000000000000000, 1.500000000000000000 ) ;
#364 = FACE_OUTER_BOUND ( 'NONE', #989, .T. ) ;
#365 = AXIS2_PLACEMENT_3D ( 'NONE', #150, #251, #625 ) ;
#366 = CARTESIAN_POINT ( 'NONE',  ( 29.00000000000000000, 7.000000000000000000, -1.500000000000000000 ) ) ;
#367 = ORIENTED_EDGE ( 'NONE', *, *, #1415, .F. ) ;
#368 = CARTESIAN_POINT ( 'NONE',  ( 30.50000000000000355, 7.000000000000000000, 0.000000000000000000 ) ) ;
#369 = DIRECTION ( 'NONE',  ( 0.000000000000000000, -1.000000000000000000, 0.000000000000000000 ) ) ;
#370 = VERTEX_POINT ( 'NONE', #1158 ) ;
#371 = LINE ( 'NONE', #129, #1050 ) ;
#372 = FACE_BOUND ( 'NONE', #1064, .T. ) ;
#373 = ORIENTED_EDGE ( 'NONE', *, *, #652, .F. ) ;
#374 = ORIENTED_EDGE ( 'NONE', *, *, #269, .T. ) ;
#375 = DIRECTION ( 'NONE',  ( -0.000000000000000000, 8.673617379884035472E-17, -1.000000000000000000 ) ) ;
#376 = ADVANCED_FACE ( 'NONE', ( #460 ), #1362, .T. ) ;
#377 = DIRECTION ( 'NONE',  ( 0.000000000000000000, 0.000000000000000000, -1.000000000000000000 ) ) ;
#378 = ORIENTED_EDGE ( 'NONE', *, *, #1378, .F. ) ;
#379 = STYLED_ITEM ( 'NONE', ( #295 ), #708 ) ;
#380 = VECTOR ( 'NONE', #1308, 1000.000000000000000 ) ;
#381 = DIRECTION ( 'NONE',  ( -1.000000000000000000, 0.000000000000000000, 0.000000000000000000 ) ) ;
#382 = AXIS2_PLACEMENT_3D ( 'NONE', #1071, #925, #1399 ) ;
#383 = EDGE_CURVE ( 'NONE', #1039, #876, #1214, .T. ) ;
#384 = CARTESIAN_POINT ( 'NONE',  ( 29.59999999999999076, 5.000000000000001776, 0.000000000000000000 ) ) ;
#385 = AXIS2_PLACEMENT_3D ( 'NONE', #885, #1368, #1021 ) ;
#386 = VERTEX_POINT ( 'NONE', #357 ) ;
#387 = ORIENTED_EDGE ( 'NONE', *, *, #1437, .T. ) ;
#388 = LINE ( 'NONE', #1081, #643 ) ;
#389 = LINE ( 'NONE', #985, #949 ) ;
#390 = CARTESIAN_POINT ( 'NONE',  ( 1.500000000000000000, 10.00000000000000000, -9.000000000000001776 ) ) ;
#391 = VECTOR ( 'NONE', #1012, 1000.000000000000000 ) ;
#392 = DIRECTION ( 'NONE',  ( -0.000000000000000000, 8.673617379884035472E-17, -1.000000000000000000 ) ) ;
#393 = AXIS2_PLACEMENT_3D ( 'NONE', #1009, #1486, #904 ) ;
#394 = ORIENTED_EDGE ( 'NONE', *, *, #1395, .T. ) ;
#395 = ORIENTED_EDGE ( 'NONE', *, *, #205, .F. ) ;
#396 = DIRECTION ( 'NONE',  ( 0.000000000000000000, 0.000000000000000000, 1.000000000000000000 ) ) ;
#397 = CARTESIAN_POINT ( 'NONE',  ( 28.00000000000000000, 5.000000000000001776, 0.000000000000000000 ) ) ;
#398 = DIRECTION ( 'NONE',  ( -0.000000000000000000, 0.000000000000000000, 1.000000000000000000 ) ) ;
#399 = DIRECTION ( 'NONE',  ( 0.000000000000000000, 0.000000000000000000, 1.000000000000000000 ) ) ;
#400 = CARTESIAN_POINT ( 'NONE',  ( 1.500000000000000000, 8.500000000000000000, -9.000000000000001776 ) ) ;
#401 = ORIENTED_EDGE ( 'NONE', *, *, #358, .T. ) ;
#402 = ORIENTED_EDGE ( 'NONE', *, *, #155, .F. ) ;
#403 = ADVANCED_FACE ( 'NONE', ( #820 ), #492, .T. ) ;
#404 = DIRECTION ( 'NONE',  ( 0.000000000000000000, 0.000000000000000000, 1.000000000000000000 ) ) ;
#405 = DIRECTION ( 'NONE',  ( -0.000000000000000000, -0.000000000000000000, -1.000000000000000000 ) ) ;
#406 = DIRECTION ( 'NONE',  ( 0.000000000000000000, 0.8571673007021120005, -0.5150380749100545996 ) ) ;
#407 = EDGE_LOOP ( 'NONE', ( #689, #487, #1186, #1047, #891 ) ) ;
#408 = EDGE_CURVE ( 'NONE', #1171, #451, #831, .T. ) ;
#409 = VERTEX_POINT ( 'NONE', #800 ) ;
#410 = CARTESIAN_POINT ( 'NONE',  ( 28.00000000000000000, 3.400000000000011458, -1.639483628583461527 ) ) ;
#411 = CARTESIAN_POINT ( 'NONE',  ( 1.500000000000000000, 8.500000000000000000, 0.000000000000000000 ) ) ;
#412 = CARTESIAN_POINT ( 'NONE',  ( 6.000000000000000000, 10.00000000000000178, -8.200000000000015277 ) ) ;
#413 = LINE ( 'NONE', #1250, #895 ) ;
#414 = EDGE_LOOP ( 'NONE', ( #323, #1400, #29, #672 ) ) ;
#415 = CIRCLE ( 'NONE', #1463, 2.999999999999999112 ) ;
#416 = VERTEX_POINT ( 'NONE', #226 ) ;
#417 = VECTOR ( 'NONE', #572, 1000.000000000000000 ) ;
#418 = LINE ( 'NONE', #1007, #799 ) ;
#419 = CARTESIAN_POINT ( 'NONE',  ( 32.00000000000000000, 7.000000000000000000, -6.500000000000001776 ) ) ;
#420 = DIRECTION ( 'NONE',  ( -0.000000000000000000, 1.000000000000000000, -0.000000000000000000 ) ) ;
#421 = DIRECTION ( 'NONE',  ( 0.000000000000000000, -0.000000000000000000, 1.000000000000000000 ) ) ;
#422 = EDGE_CURVE ( 'NONE', #954, #1495, #501, .T. ) ;
#423 = ORIENTED_EDGE ( 'NONE', *, *, #1236, .T. ) ;
#424 = FACE_OUTER_BOUND ( 'NONE', #1094, .T. ) ;
#425 = CARTESIAN_POINT ( 'NONE',  ( 28.00000000000000000, 2.800000000000012701, -8.000000000000003553 ) ) ;
#426 = ADVANCED_FACE ( 'NONE', ( #1293 ), #242, .F. ) ;
#427 = CARTESIAN_POINT ( 'NONE',  ( 0.000000000000000000, 10.00000000000000000, -6.500000000000000888 ) ) ;
#428 = ORIENTED_EDGE ( 'NONE', *, *, #603, .T. ) ;
#429 = PRODUCT_RELATED_PRODUCT_CATEGORY ( 'part', '', ( #1001 ) ) ;
#430 = AXIS2_PLACEMENT_3D ( 'NONE', #484, #468, #600 ) ;
#431 = CARTESIAN_POINT ( 'NONE',  ( 0.000000000000000000, 10.00000000000000000, -1.500000000000000000 ) ) ;
#432 = DIRECTION ( 'NONE',  ( 0.000000000000000000, 1.000000000000000000, 1.355252715606888678E-16 ) ) ;
#433 = DIRECTION ( 'NONE',  ( -0.000000000000000000, -0.000000000000000000, 1.000000000000000000 ) ) ;
#434 = LINE ( 'NONE', #316, #611 ) ;
#435 = VECTOR ( 'NONE', #1501, 1000.000000000000000 ) ;
#436 = ORIENTED_EDGE ( 'NONE', *, *, #846, .F. ) ;
#437 = CIRCLE ( 'NONE', #821, 1.599999999999990319 ) ;
#438 = TOROIDAL_SURFACE ( 'NONE', #733, 1.500000000000000000, 1.500000000000000000 ) ;
#439 = CARTESIAN_POINT ( 'NONE',  ( 0.000000000000000000, 8.500000000000000000, -12.00000000000000000 ) ) ;
#440 = DIRECTION ( 'NONE',  ( 0.000000000000000000, 0.000000000000000000, 1.000000000000000000 ) ) ;
#441 = EDGE_LOOP ( 'NONE', ( #1310, #1219, #638, #337 ) ) ;
#442 = CARTESIAN_POINT ( 'NONE',  ( 3.000000000000000000, 0.000000000000000000, -10.50000000000000000 ) ) ;
#443 = VERTEX_POINT ( 'NONE', #956 ) ;
#444 = CARTESIAN_POINT ( 'NONE',  ( 30.50000000000000000, 3.000000000000000000, -1.500000000000000000 ) ) ;
#445 = AXIS2_PLACEMENT_3D ( 'NONE', #1271, #120, #1301 ) ;
#446 = EDGE_CURVE ( 'NONE', #209, #1386, #225, .T. ) ;
#447 = CIRCLE ( 'NONE', #320, 1.600000000000007638 ) ;
#448 = ORIENTED_EDGE ( 'NONE', *, *, #968, .T. ) ;
#449 = CARTESIAN_POINT ( 'NONE',  ( 29.59999999999999076, 5.000000000000001776, -1.639483628583461305 ) ) ;
#450 = EDGE_CURVE ( 'NONE', #1444, #735, #348, .T. ) ;
#451 = VERTEX_POINT ( 'NONE', #812 ) ;
#452 = AXIS2_PLACEMENT_3D ( 'NONE', #239, #1068, #930 ) ;
#453 = DIRECTION ( 'NONE',  ( 0.000000000000000000, 0.000000000000000000, -1.000000000000000000 ) ) ;
#454 = AXIS2_PLACEMENT_3D ( 'NONE', #757, #1231, #195 ) ;
#455 = FACE_OUTER_BOUND ( 'NONE', #87, .T. ) ;
#456 = VERTEX_POINT ( 'NONE', #1283 ) ;
#457 = LINE ( 'NONE', #803, #172 ) ;
#458 = EDGE_LOOP ( 'NONE', ( #679, #20, #473, #870, #1185 ) ) ;
#459 = PRODUCT_DEFINITION_FORMATION_WITH_SPECIFIED_SOURCE ( 'ANY', '', #1001, .NOT_KNOWN. ) ;
#460 = FACE_OUTER_BOUND ( 'NONE', #1381, .T. ) ;
#461 = AXIS2_PLACEMENT_3D ( 'NONE', #929, #613, #1405 ) ;
#462 = DIRECTION ( 'NONE',  ( 1.000000000000000000, 0.000000000000000000, 0.000000000000000000 ) ) ;
#463 = VECTOR ( 'NONE', #420, 1000.000000000000000 ) ;
#464 = ORIENTED_EDGE ( 'NONE', *, *, #937, .F. ) ;
#465 = AXIS2_PLACEMENT_3D ( 'NONE', #397, #1075, #849 ) ;
#466 = CARTESIAN_POINT ( 'NONE',  ( 30.50000000000000000, 3.000000000000000000, 0.000000000000000000 ) ) ;
#467 = ORIENTED_EDGE ( 'NONE', *, *, #383, .T. ) ;
#468 = DIRECTION ( 'NONE',  ( -0.000000000000000000, 1.000000000000000000, -0.000000000000000000 ) ) ;
#469 = CARTESIAN_POINT ( 'NONE',  ( 0.000000000000000000, 0.000000000000000000, 0.000000000000000000 ) ) ;
#470 = ADVANCED_FACE ( 'NONE', ( #1172 ), #711, .T. ) ;
#471 = ORIENTED_EDGE ( 'NONE', *, *, #47, .T. ) ;
#472 = CARTESIAN_POINT ( 'NONE',  ( 17.59999999999999076, 5.000000000000000000, -1.639483628583459751 ) ) ;
#473 = ORIENTED_EDGE ( 'NONE', *, *, #830, .T. ) ;
#474 = EDGE_CURVE ( 'NONE', #1379, #1495, #1180, .T. ) ;
#475 = APPLICATION_CONTEXT ( 'automotive_design' ) ;
#476 = CARTESIAN_POINT ( 'NONE',  ( 6.000000000000000000, 4.000000000000000000, -4.399999999999987033 ) ) ;
#477 = EDGE_CURVE ( 'NONE', #1376, #1028, #447, .T. ) ;
#478 = CARTESIAN_POINT ( 'NONE',  ( 12.00000000000000000, 1.499999999999999556, -9.000000000000001776 ) ) ;
#479 = VERTEX_POINT ( 'NONE', #630 ) ;
#480 = DIRECTION ( 'NONE',  ( 0.000000000000000000, 0.000000000000000000, 1.000000000000000000 ) ) ;
#481 = VECTOR ( 'NONE', #1346, 1000.000000000000000 ) ;
#482 = CYLINDRICAL_SURFACE ( 'NONE', #648, 2.199999999999995293 ) ;
#483 = ORIENTED_EDGE ( 'NONE', *, *, #333, .T. ) ;
#484 = CARTESIAN_POINT ( 'NONE',  ( 3.000000000000000000, 10.00000000000000000, -9.000000000000001776 ) ) ;
#485 = CARTESIAN_POINT ( 'NONE',  ( 3.000000000000000000, 8.500000000000000000, -12.00000000000000000 ) ) ;
#486 = AXIS2_PLACEMENT_3D ( 'NONE', #1228, #48, #982 ) ;
#487 = ORIENTED_EDGE ( 'NONE', *, *, #1169, .T. ) ;
#488 = AXIS2_PLACEMENT_3D ( 'NONE', #1092, #278, #181 ) ;
#489 = CARTESIAN_POINT ( 'NONE',  ( 28.00000000000000000, 5.000000000000002665, -8.000000000000003553 ) ) ;
#490 = ORIENTED_EDGE ( 'NONE', *, *, #215, .F. ) ;
#491 = EDGE_CURVE ( 'NONE', #229, #1270, #1179, .T. ) ;
#492 = CYLINDRICAL_SURFACE ( 'NONE', #1234, 1.499999999999999556 ) ;
#493 = CARTESIAN_POINT ( 'NONE',  ( 6.000000000000000000, 0.000000000000000000, -7.600000000000007638 ) ) ;
#494 = ORIENTED_EDGE ( 'NONE', *, *, #973, .T. ) ;
#495 = EDGE_CURVE ( 'NONE', #556, #951, #526, .T. ) ;
#496 = FACE_OUTER_BOUND ( 'NONE', #698, .T. ) ;
#497 = DIRECTION ( 'NONE',  ( 0.000000000000000000, 0.000000000000000000, -1.000000000000000000 ) ) ;
#498 = ORIENTED_EDGE ( 'NONE', *, *, #149, .T. ) ;
#499 = ORIENTED_EDGE ( 'NONE', *, *, #746, .F. ) ;
#500 = DIRECTION ( 'NONE',  ( 0.000000000000000000, 0.000000000000000000, -1.000000000000000000 ) ) ;
#501 = CIRCLE ( 'NONE', #445, 1.499999999999999556 ) ;
#502 = CARTESIAN_POINT ( 'NONE',  ( 12.00000000000000355, 0.6213203435596426072, -8.000000000000001776 ) ) ;
#503 = LINE ( 'NONE', #999, #282 ) ;
#504 = COLOUR_RGB ( '',0.2509803921568627416, 0.2509803921568627416, 0.2509803921568627416 ) ;
#505 = AXIS2_PLACEMENT_3D ( 'NONE', #1063, #700, #725 ) ;
#506 = CARTESIAN_POINT ( 'NONE',  ( 16.00000000000000000, 5.000000000000000888, -8.000000000000003553 ) ) ;
#507 = CIRCLE ( 'NONE', #1089, 1.499999999999999556 ) ;
#508 = DIRECTION ( 'NONE',  ( 0.000000000000000000, 0.000000000000000000, 1.000000000000000000 ) ) ;
#509 = AXIS2_PLACEMENT_3D ( 'NONE', #738, #1449, #531 ) ;
#510 = ORIENTED_EDGE ( 'NONE', *, *, #1508, .T. ) ;
#511 = ORIENTED_EDGE ( 'NONE', *, *, #959, .T. ) ;
#512 = CARTESIAN_POINT ( 'NONE',  ( 12.00000000000000000, 8.500000000000000000, -8.000000000000000000 ) ) ;
#513 = FACE_OUTER_BOUND ( 'NONE', #593, .T. ) ;
#514 = CARTESIAN_POINT ( 'NONE',  ( 16.00000000000000000, 5.000000000000000000, -2.000000000000002665 ) ) ;
#515 = CIRCLE ( 'NONE', #173, 2.999999999999999112 ) ;
#516 = CARTESIAN_POINT ( 'NONE',  ( 7.600000000000012967, 4.000000000000000000, -6.000000000000000000 ) ) ;
#517 = ORIENTED_EDGE ( 'NONE', *, *, #155, .T. ) ;
#518 = EDGE_CURVE ( 'NONE', #134, #343, #275, .T. ) ;
#519 = DIRECTION ( 'NONE',  ( -0.000000000000000000, 8.673617379884035472E-17, -1.000000000000000000 ) ) ;
#520 = CARTESIAN_POINT ( 'NONE',  ( 6.000000000000000000, 10.00000000000000000, -6.000000000000000000 ) ) ;
#521 = CARTESIAN_POINT ( 'NONE',  ( 30.50000000000000000, 3.000000000000000444, -8.000000000000001776 ) ) ;
#522 = ADVANCED_FACE ( 'NONE', ( #41 ), #148, .T. ) ;
#523 = LINE ( 'NONE', #843, #612 ) ;
#524 = CARTESIAN_POINT ( 'NONE',  ( 28.00000000000000000, 2.800000000000004263, -2.000000000000002665 ) ) ;
#525 = ORIENTED_EDGE ( 'NONE', *, *, #221, .T. ) ;
#526 = CIRCLE ( 'NONE', #245, 3.000000000000000000 ) ;
#527 = EDGE_CURVE ( 'NONE', #588, #1326, #267, .T. ) ;
#528 = ORIENTED_EDGE ( 'NONE', *, *, #106, .F. ) ;
#529 = DIRECTION ( 'NONE',  ( 0.000000000000000000, -1.000000000000000000, 0.000000000000000000 ) ) ;
#530 = EDGE_CURVE ( 'NONE', #1211, #784, #388, .T. ) ;
#531 = DIRECTION ( 'NONE',  ( 0.000000000000000000, 0.000000000000000000, 1.000000000000000000 ) ) ;
#532 = CARTESIAN_POINT ( 'NONE',  ( 16.00000000000000000, 5.000000000000000000, -2.000000000000002665 ) ) ;
#533 = CARTESIAN_POINT ( 'NONE',  ( 16.00000000000000000, 7.199999999999996625, -8.000000000000001776 ) ) ;
#534 = ORIENTED_EDGE ( 'NONE', *, *, #690, .T. ) ;
#535 = AXIS2_PLACEMENT_3D ( 'NONE', #893, #1008, #916 ) ;
#536 = ORIENTED_EDGE ( 'NONE', *, *, #943, .T. ) ;
#537 = CARTESIAN_POINT ( 'NONE',  ( 0.000000000000000000, 0.000000000000000000, 0.000000000000000000 ) ) ;
#538 = FACE_OUTER_BOUND ( 'NONE', #762, .T. ) ;
#539 = DIRECTION ( 'NONE',  ( 0.000000000000000000, 0.000000000000000000, 1.000000000000000000 ) ) ;
#540 = DIRECTION ( 'NONE',  ( 0.000000000000000000, -0.000000000000000000, -1.000000000000000000 ) ) ;
#541 = CIRCLE ( 'NONE', #192, 1.599999999999990319 ) ;
#542 = AXIS2_PLACEMENT_3D ( 'NONE', #1240, #766, #1022 ) ;
#543 = ADVANCED_FACE ( 'NONE', ( #53 ), #33, .F. ) ;
#544 = VERTEX_POINT ( 'NONE', #512 ) ;
#545 = AXIS2_PLACEMENT_3D ( 'NONE', #883, #83, #1471 ) ;
#546 = DIRECTION ( 'NONE',  ( 1.000000000000000000, 0.000000000000000000, 0.000000000000000000 ) ) ;
#547 = CARTESIAN_POINT ( 'NONE',  ( 12.00000000000000000, 10.00000000000000000, -9.000000000000001776 ) ) ;
#548 = FACE_BOUND ( 'NONE', #1418, .T. ) ;
#549 = ADVANCED_FACE ( 'NONE', ( #1439 ), #822, .F. ) ;
#550 = DIRECTION ( 'NONE',  ( 1.000000000000000000, 0.000000000000000000, 0.000000000000000000 ) ) ;
#551 = ORIENTED_EDGE ( 'NONE', *, *, #1445, .F. ) ;
#552 = EDGE_CURVE ( 'NONE', #1376, #755, #743, .T. ) ;
#553 = CARTESIAN_POINT ( 'NONE',  ( 32.00000000000000000, 3.000000000000000000, 0.000000000000000000 ) ) ;
#554 = CARTESIAN_POINT ( 'NONE',  ( 29.00000000000000000, 3.000000000000000000, 0.000000000000000000 ) ) ;
#555 = CARTESIAN_POINT ( 'NONE',  ( 28.00000000000000000, 5.000000000000001776, -1.639483628583461305 ) ) ;
#556 = VERTEX_POINT ( 'NONE', #1192 ) ;
#557 = CLOSED_SHELL ( 'NONE', ( #1080, #1504, #543, #765, #426, #1151, #590, #235, #1340, #354, #313, #808, #1374, #1251, #1132, #1263, #160, #1356, #1500, #1202, #980, #85, #1074, #686, #549, #265, #1441, #562, #522, #470, #1242, #789, #1307, #1155, #568, #403, #241, #1020, #90, #991, #376, #675, #592, #1084, #1245, #1390, #915, #779, #1360, #795, #695, #1410 ) ) ;
#558 = DIRECTION ( 'NONE',  ( -0.000000000000000000, 8.673617379884035472E-17, -1.000000000000000000 ) ) ;
#559 = ORIENTED_EDGE ( 'NONE', *, *, #422, .F. ) ;
#560 = DIRECTION ( 'NONE',  ( -0.000000000000000000, 1.000000000000000000, 0.000000000000000000 ) ) ;
#561 = ORIENTED_EDGE ( 'NONE', *, *, #1128, .F. ) ;
#562 = ADVANCED_FACE ( 'NONE', ( #30 ), #363, .T. ) ;
#563 = VECTOR ( 'NONE', #121, 1000.000000000000000 ) ;
#564 = APPLICATION_PROTOCOL_DEFINITION ( 'draft international standard', 'automotive_design', 1998, #1034 ) ;
#565 = DIRECTION ( 'NONE',  ( 0.000000000000000000, 0.000000000000000000, -1.000000000000000000 ) ) ;
#566 = CARTESIAN_POINT ( 'NONE',  ( 28.00000000000000000, 7.199999999999998401, -2.000000000000002665 ) ) ;
#567 = ORIENTED_EDGE ( 'NONE', *, *, #1329, .F. ) ;
#568 = ADVANCED_FACE ( 'NONE', ( #844 ), #1238, .T. ) ;
#569 = DIRECTION ( 'NONE',  ( -0.000000000000000000, 8.673617379884035472E-17, -1.000000000000000000 ) ) ;
#570 = ORIENTED_EDGE ( 'NONE', *, *, #203, .F. ) ;
#571 = CARTESIAN_POINT ( 'NONE',  ( 9.000000000000001776, 1.499999999999999556, -12.00000000000000000 ) ) ;
#572 = DIRECTION ( 'NONE',  ( -0.000000000000000000, -0.000000000000000000, 1.000000000000000000 ) ) ;
#573 = ORIENTED_EDGE ( 'NONE', *, *, #746, .T. ) ;
#574 = CARTESIAN_POINT ( 'NONE',  ( 0.000000000000000000, 10.00000000000000000, -12.00000000000000000 ) ) ;
#575 = EDGE_LOOP ( 'NONE', ( #815, #1229, #997, #263 ) ) ;
#576 = MECHANICAL_DESIGN_GEOMETRIC_PRESENTATION_REPRESENTATION (  '', ( #379 ), #887 ) ;
#577 = DIRECTION ( 'NONE',  ( 0.000000000000000000, -1.000000000000000000, 0.000000000000000000 ) ) ;
#578 = VECTOR ( 'NONE', #1476, 1000.000000000000000 ) ;
#579 = AXIS2_PLACEMENT_3D ( 'NONE', #850, #633, #1331 ) ;
#580 = DIRECTION ( 'NONE',  ( 0.000000000000000000, 0.000000000000000000, -1.000000000000000000 ) ) ;
#581 = ORIENTED_EDGE ( 'NONE', *, *, #1105, .T. ) ;
#582 = DIRECTION ( 'NONE',  ( -0.000000000000000000, -0.000000000000000000, 1.000000000000000000 ) ) ;
#583 = VERTEX_POINT ( 'NONE', #246 ) ;
#584 = AXIS2_PLACEMENT_3D ( 'NONE', #1462, #1483, #207 ) ;
#585 = EDGE_CURVE ( 'NONE', #544, #954, #709, .T. ) ;
#586 = DIRECTION ( 'NONE',  ( 0.000000000000000000, 0.000000000000000000, -1.000000000000000000 ) ) ;
#587 = FACE_OUTER_BOUND ( 'NONE', #1164, .T. ) ;
#588 = VERTEX_POINT ( 'NONE', #124 ) ;
#589 = DIRECTION ( 'NONE',  ( 1.000000000000000000, 0.000000000000000000, 0.000000000000000000 ) ) ;
#590 = ADVANCED_FACE ( 'NONE', ( #144 ), #1170, .F. ) ;
#591 = DIRECTION ( 'NONE',  ( 0.000000000000000000, 1.734723475976807834E-16, -1.000000000000000000 ) ) ;
#592 = ADVANCED_FACE ( 'NONE', ( #691 ), #1078, .T. ) ;
#593 = EDGE_LOOP ( 'NONE', ( #1196, #1178, #141, #287 ) ) ;
#594 = DIRECTION ( 'NONE',  ( 0.000000000000000000, 0.000000000000000000, 1.000000000000000000 ) ) ;
#595 = DIRECTION ( 'NONE',  ( -0.000000000000000000, 1.000000000000000000, -0.000000000000000000 ) ) ;
#596 = ORIENTED_EDGE ( 'NONE', *, *, #1490, .F. ) ;
#597 = DIRECTION ( 'NONE',  ( -0.000000000000000000, -0.000000000000000000, 1.000000000000000000 ) ) ;
#598 = DIRECTION ( 'NONE',  ( 0.000000000000000000, -1.000000000000000000, -1.734723475976807094E-16 ) ) ;
#599 = ORIENTED_EDGE ( 'NONE', *, *, #1284, .F. ) ;
#600 = DIRECTION ( 'NONE',  ( 0.000000000000000000, 0.000000000000000000, -1.000000000000000000 ) ) ;
#601 = DIRECTION ( 'NONE',  ( 0.000000000000000000, 0.000000000000000000, -1.000000000000000000 ) ) ;
#602 = ORIENTED_EDGE ( 'NONE', *, *, #1122, .T. ) ;
#603 = EDGE_CURVE ( 'NONE', #209, #259, #817, .T. ) ;
#604 = CARTESIAN_POINT ( 'NONE',  ( 28.00000000000000000, 5.000000000000001776, 0.000000000000000000 ) ) ;
#605 = VERTEX_POINT ( 'NONE', #1288 ) ;
#606 = EDGE_CURVE ( 'NONE', #443, #40, #1417, .T. ) ;
#607 = ORIENTED_EDGE ( 'NONE', *, *, #518, .F. ) ;
#608 = CARTESIAN_POINT ( 'NONE',  ( 16.00000000000000000, 5.000000000000000888, -8.000000000000001776 ) ) ;
#609 = CARTESIAN_POINT ( 'NONE',  ( 10.50000000000000000, 0.000000000000000000, -6.500000000000002665 ) ) ;
#610 = ORIENTED_EDGE ( 'NONE', *, *, #1105, .F. ) ;
#611 = VECTOR ( 'NONE', #1031, 1000.000000000000000 ) ;
#612 = VECTOR ( 'NONE', #1316, 1000.000000000000000 ) ;
#613 = DIRECTION ( 'NONE',  ( -0.000000000000000000, 1.000000000000000000, -0.000000000000000000 ) ) ;
#614 = DIRECTION ( 'NONE',  ( -0.000000000000000000, 0.000000000000000000, 1.000000000000000000 ) ) ;
#615 = ORIENTED_EDGE ( 'NONE', *, *, #106, .T. ) ;
#616 = VERTEX_POINT ( 'NONE', #1162 ) ;
#617 = DIRECTION ( 'NONE',  ( 0.000000000000000000, 0.000000000000000000, -1.000000000000000000 ) ) ;
#618 = DIRECTION ( 'NONE',  ( 0.000000000000000000, 0.000000000000000000, 1.000000000000000000 ) ) ;
#619 = DIRECTION ( 'NONE',  ( 0.000000000000000000, 0.000000000000000000, 1.000000000000000000 ) ) ;
#620 = DIRECTION ( 'NONE',  ( 0.000000000000000000, -1.000000000000000000, -2.891205793294678326E-16 ) ) ;
#621 = CARTESIAN_POINT ( 'NONE',  ( 1.500000000000000000, 1.500000000000000000, -1.500000000000000000 ) ) ;
#622 = EDGE_LOOP ( 'NONE', ( #266, #1428, #1220, #1351 ) ) ;
#623 = ORIENTED_EDGE ( 'NONE', *, *, #976, .T. ) ;
#624 = DIRECTION ( 'NONE',  ( 0.000000000000000000, -1.000000000000000000, -2.891205793294678326E-16 ) ) ;
#625 = DIRECTION ( 'NONE',  ( 0.000000000000000000, 0.000000000000000000, -1.000000000000000000 ) ) ;
#626 = DIRECTION ( 'NONE',  ( -1.000000000000000000, 0.000000000000000000, 0.000000000000000000 ) ) ;
#627 = VECTOR ( 'NONE', #1121, 1000.000000000000000 ) ;
#628 = ORIENTED_EDGE ( 'NONE', *, *, #856, .F. ) ;
#629 = ORIENTED_EDGE ( 'NONE', *, *, #347, .T. ) ;
#630 = CARTESIAN_POINT ( 'NONE',  ( 16.00000000000000000, 2.799999999999998934, -2.000000000000002665 ) ) ;
#631 = EDGE_CURVE ( 'NONE', #811, #303, #1358, .T. ) ;
#632 = CARTESIAN_POINT ( 'NONE',  ( 3.000000000000000000, 8.500000000000000000, -9.000000000000001776 ) ) ;
#633 = DIRECTION ( 'NONE',  ( 0.000000000000000000, -1.000000000000000000, 0.000000000000000000 ) ) ;
#634 = CIRCLE ( 'NONE', #1461, 1.500000000000000000 ) ;
#635 = CYLINDRICAL_SURFACE ( 'NONE', #1408, 1.500000000000000000 ) ;
#636 = AXIS2_PLACEMENT_3D ( 'NONE', #1336, #529, #174 ) ;
#637 = DIRECTION ( 'NONE',  ( 0.000000000000000000, 0.000000000000000000, -1.000000000000000000 ) ) ;
#638 = ORIENTED_EDGE ( 'NONE', *, *, #603, .F. ) ;
#639 = FACE_OUTER_BOUND ( 'NONE', #220, .T. ) ;
#640 = DIRECTION ( 'NONE',  ( -0.000000000000000000, -0.000000000000000000, 1.000000000000000000 ) ) ;
#641 = DIRECTION ( 'NONE',  ( 0.000000000000000000, 1.000000000000000000, 0.000000000000000000 ) ) ;
#642 = ORIENTED_EDGE ( 'NONE', *, *, #606, .T. ) ;
#643 = VECTOR ( 'NONE', #519, 1000.000000000000000 ) ;
#644 = ORIENTED_EDGE ( 'NONE', *, *, #518, .T. ) ;
#645 = AXIS2_PLACEMENT_3D ( 'NONE', #608, #250, #27 ) ;
#646 = DIRECTION ( 'NONE',  ( -0.000000000000000000, 1.000000000000000000, -0.000000000000000000 ) ) ;
#647 = FACE_BOUND ( 'NONE', #727, .T. ) ;
#648 = AXIS2_PLACEMENT_3D ( 'NONE', #944, #22, #1280 ) ;
#649 = EDGE_CURVE ( 'NONE', #50, #1171, #717, .T. ) ;
#650 = AXIS2_PLACEMENT_3D ( 'NONE', #1337, #640, #1432 ) ;
#651 = ORIENTED_EDGE ( 'NONE', *, *, #1470, .F. ) ;
#652 = EDGE_CURVE ( 'NONE', #456, #1286, #960, .T. ) ;
#653 = DIRECTION ( 'NONE',  ( -1.000000000000000000, 0.000000000000000000, 0.000000000000000000 ) ) ;
#654 = CARTESIAN_POINT ( 'NONE',  ( 16.00000000000000000, 5.000000000000000000, -1.639483628583459751 ) ) ;
#655 = CARTESIAN_POINT ( 'NONE',  ( 28.00000000000000000, 5.000000000000001776, -2.000000000000002665 ) ) ;
#656 = AXIS2_PLACEMENT_3D ( 'NONE', #537, #306, #193 ) ;
#657 = DIRECTION ( 'NONE',  ( -1.000000000000000000, 0.000000000000000000, 0.000000000000000000 ) ) ;
#658 = VECTOR ( 'NONE', #142, 1000.000000000000000 ) ;
#659 = VECTOR ( 'NONE', #406, 1000.000000000000000 ) ;
#660 = ORIENTED_EDGE ( 'NONE', *, *, #272, .F. ) ;
#661 = AXIS2_PLACEMENT_3D ( 'NONE', #469, #682, #697 ) ;
#662 = CYLINDRICAL_SURFACE ( 'NONE', #584, 1.600000000000007638 ) ;
#663 = CARTESIAN_POINT ( 'NONE',  ( 1.500000000000000000, 10.00000000000000000, -1.500000000000000000 ) ) ;
#664 = FACE_OUTER_BOUND ( 'NONE', #722, .T. ) ;
#665 = DIRECTION ( 'NONE',  ( -0.000000000000000000, 8.673617379884035472E-17, -1.000000000000000000 ) ) ;
#666 = ORIENTED_EDGE ( 'NONE', *, *, #1086, .F. ) ;
#667 = APPLICATION_PROTOCOL_DEFINITION ( 'draft international standard', 'automotive_design', 1998, #475 ) ;
#668 = CARTESIAN_POINT ( 'NONE',  ( 16.00000000000000000, 3.400000000000009681, -1.639483628583459973 ) ) ;
#669 = ORIENTED_EDGE ( 'NONE', *, *, #801, .T. ) ;
#670 = DIRECTION ( 'NONE',  ( 1.000000000000000000, 0.000000000000000000, 0.000000000000000000 ) ) ;
#671 = EDGE_CURVE ( 'NONE', #833, #605, #118, .T. ) ;
#672 = ORIENTED_EDGE ( 'NONE', *, *, #269, .F. ) ;
#673 = CARTESIAN_POINT ( 'NONE',  ( 0.000000000000000000, 0.000000000000000000, -1.500000000000000000 ) ) ;
#674 = LINE ( 'NONE', #553, #1429 ) ;
#675 = ADVANCED_FACE ( 'NONE', ( #1184 ), #1048, .T. ) ;
#676 = VERTEX_POINT ( 'NONE', #472 ) ;
#677 = CARTESIAN_POINT ( 'NONE',  ( 14.40000000000000924, 5.000000000000000000, 0.000000000000000000 ) ) ;
#678 = AXIS2_PLACEMENT_3D ( 'NONE', #788, #906, #670 ) ;
#679 = ORIENTED_EDGE ( 'NONE', *, *, #491, .F. ) ;
#680 = CIRCLE ( 'NONE', #823, 1.499999999999999556 ) ;
#681 = LINE ( 'NONE', #1152, #627 ) ;
#682 = DIRECTION ( 'NONE',  ( 0.000000000000000000, -1.000000000000000000, 0.000000000000000000 ) ) ;
#683 = ORIENTED_EDGE ( 'NONE', *, *, #474, .T. ) ;
#684 = DIRECTION ( 'NONE',  ( 0.000000000000000000, 0.000000000000000000, 1.000000000000000000 ) ) ;
#685 = ORIENTED_EDGE ( 'NONE', *, *, #1018, .F. ) ;
#686 = ADVANCED_FACE ( 'NONE', ( #810 ), #482, .F. ) ;
#687 = CARTESIAN_POINT ( 'NONE',  ( 3.000000000000000000, 8.500000000000000000, -9.000000000000001776 ) ) ;
#688 = LINE ( 'NONE', #359, #563 ) ;
#689 = ORIENTED_EDGE ( 'NONE', *, *, #1395, .F. ) ;
#690 = EDGE_CURVE ( 'NONE', #784, #243, #1041, .T. ) ;
#691 = FACE_OUTER_BOUND ( 'NONE', #622, .T. ) ;
#692 = ORIENTED_EDGE ( 'NONE', *, *, #422, .T. ) ;
#693 = FACE_OUTER_BOUND ( 'NONE', #1129, .T. ) ;
#694 = AXIS2_PLACEMENT_3D ( 'NONE', #139, #1505, #12 ) ;
#695 = ADVANCED_FACE ( 'NONE', ( #372, #835 ), #177, .F. ) ;
#696 = VECTOR ( 'NONE', #872, 1000.000000000000000 ) ;
#697 = DIRECTION ( 'NONE',  ( 0.000000000000000000, -0.000000000000000000, -1.000000000000000000 ) ) ;
#698 = EDGE_LOOP ( 'NONE', ( #669, #1244, #934, #82 ) ) ;
#699 = CARTESIAN_POINT ( 'NONE',  ( 10.50000000000000000, 1.500000000000000000, -9.000000000000001776 ) ) ;
#700 = DIRECTION ( 'NONE',  ( 0.000000000000000000, -0.000000000000000000, 1.000000000000000000 ) ) ;
#701 = ORIENTED_EDGE ( 'NONE', *, *, #1223, .T. ) ;
#702 = AXIS2_PLACEMENT_3D ( 'NONE', #1377, #665, #1491 ) ;
#703 = CARTESIAN_POINT ( 'NONE',  ( 9.000000000000001776, 0.000000000000000000, -9.000000000000001776 ) ) ;
#704 = AXIS2_PLACEMENT_3D ( 'NONE', #103, #927, #824 ) ;
#705 = CARTESIAN_POINT ( 'NONE',  ( 28.00000000000000000, 5.000000000000001776, 1.359357947053559592E-15 ) ) ;
#706 = ORIENTED_EDGE ( 'NONE', *, *, #324, .F. ) ;
#707 = CARTESIAN_POINT ( 'NONE',  ( 0.000000000000000000, 10.00000000000000000, -1.500000000000000000 ) ) ;
#708 = MANIFOLD_SOLID_BREP ( 'Hole1', #557 ) ;
#709 = LINE ( 'NONE', #828, #380 ) ;
#710 = VERTEX_POINT ( 'NONE', #37 ) ;
#711 = CYLINDRICAL_SURFACE ( 'NONE', #1037, 1.500000000000000000 ) ;
#712 = DIRECTION ( 'NONE',  ( 0.000000000000000000, 1.000000000000000000, 1.355252715606888678E-16 ) ) ;
#713 = ORIENTED_EDGE ( 'NONE', *, *, #1086, .T. ) ;
#714 = AXIS2_PLACEMENT_3D ( 'NONE', #1205, #728, #258 ) ;
#715 = DIRECTION ( 'NONE',  ( 1.000000000000000000, 0.000000000000000000, 0.000000000000000000 ) ) ;
#716 = EDGE_CURVE ( 'NONE', #829, #1211, #1468, .T. ) ;
#717 = LINE ( 'NONE', #16, #1306 ) ;
#718 = ORIENTED_EDGE ( 'NONE', *, *, #1217, .F. ) ;
#719 = DIRECTION ( 'NONE',  ( 0.000000000000000000, -1.000000000000000000, 0.000000000000000000 ) ) ;
#720 = DIRECTION ( 'NONE',  ( 0.000000000000000000, 0.000000000000000000, -1.000000000000000000 ) ) ;
#721 = EDGE_CURVE ( 'NONE', #11, #443, #837, .T. ) ;
#722 = EDGE_LOOP ( 'NONE', ( #841, #1106, #610 ) ) ;
#723 = CIRCLE ( 'NONE', #1502, 2.199999999999989964 ) ;
#724 = CARTESIAN_POINT ( 'NONE',  ( 9.000000000000001776, 1.500000000000000000, -10.50000000000000000 ) ) ;
#725 = DIRECTION ( 'NONE',  ( 1.000000000000000000, 0.000000000000000000, 0.000000000000000000 ) ) ;
#726 = ORIENTED_EDGE ( 'NONE', *, *, #869, .F. ) ;
#727 = EDGE_LOOP ( 'NONE', ( #114, #322 ) ) ;
#728 = DIRECTION ( 'NONE',  ( -0.000000000000000000, 8.673617379884035472E-17, -1.000000000000000000 ) ) ;
#729 = ORIENTED_EDGE ( 'NONE', *, *, #846, .T. ) ;
#730 = AXIS2_PLACEMENT_3D ( 'NONE', #15, #222, #480 ) ;
#731 = AXIS2_PLACEMENT_3D ( 'NONE', #655, #300, #1477 ) ;
#732 = CYLINDRICAL_SURFACE ( 'NONE', #1268, 2.200000000000013500 ) ;
#733 = AXIS2_PLACEMENT_3D ( 'NONE', #7, #369, #127 ) ;
#734 = CARTESIAN_POINT ( 'NONE',  ( 6.000000000000000000, 4.000000000000000000, -7.600000000000012967 ) ) ;
#735 = VERTEX_POINT ( 'NONE', #524 ) ;
#736 = DIRECTION ( 'NONE',  ( -0.000000000000000000, 8.673617379884035472E-17, -1.000000000000000000 ) ) ;
#737 = DIRECTION ( 'NONE',  ( -0.000000000000000000, 1.000000000000000000, -0.000000000000000000 ) ) ;
#738 = CARTESIAN_POINT ( 'NONE',  ( 0.000000000000000000, 8.500000000000000000, -6.500000000000000888 ) ) ;
#739 = CARTESIAN_POINT ( 'NONE',  ( 30.50000000000000000, 7.000000000000000000, -1.500000000000000000 ) ) ;
#740 = ORIENTED_EDGE ( 'NONE', *, *, #450, .T. ) ;
#741 = EDGE_CURVE ( 'NONE', #343, #40, #1425, .T. ) ;
#742 = ORIENTED_EDGE ( 'NONE', *, *, #6, .F. ) ;
#743 = LINE ( 'NONE', #2, #25 ) ;
#744 = CARTESIAN_POINT ( 'NONE',  ( 3.000000000000000000, 1.499999999999999556, -9.000000000000001776 ) ) ;
#745 = DIRECTION ( 'NONE',  ( 0.000000000000000000, -1.000000000000000000, -2.891205793294679312E-16 ) ) ;
#746 = EDGE_CURVE ( 'NONE', #386, #199, #1209, .T. ) ;
#747 = EDGE_CURVE ( 'NONE', #1171, #350, #110, .T. ) ;
#748 = ORIENTED_EDGE ( 'NONE', *, *, #968, .F. ) ;
#749 = ORIENTED_EDGE ( 'NONE', *, *, #1459, .T. ) ;
#750 = FACE_OUTER_BOUND ( 'NONE', #407, .T. ) ;
#751 = CARTESIAN_POINT ( 'NONE',  ( 1.500000000000000000, 0.000000000000000000, -1.500000000000000000 ) ) ;
#752 = CARTESIAN_POINT ( 'NONE',  ( 16.00000000000000000, 5.000000000000000000, -1.639483628583459751 ) ) ;
#753 = AXIS2_PLACEMENT_3D ( 'NONE', #759, #1325, #271 ) ;
#754 = CIRCLE ( 'NONE', #1389, 1.599999999999986766 ) ;
#755 = VERTEX_POINT ( 'NONE', #734 ) ;
#756 = ORIENTED_EDGE ( 'NONE', *, *, #450, .F. ) ;
#757 = CARTESIAN_POINT ( 'NONE',  ( 10.50000000000000000, 8.500000000000000000, -9.000000000000001776 ) ) ;
#758 = EDGE_CURVE ( 'NONE', #544, #63, #1297, .T. ) ;
#759 = CARTESIAN_POINT ( 'NONE',  ( 1.500000000000000000, 8.500000000000000000, -1.500000000000000000 ) ) ;
#760 =( NAMED_UNIT ( * ) SI_UNIT ( $, .STERADIAN. ) SOLID_ANGLE_UNIT ( ) );
#761 = EDGE_CURVE ( 'NONE', #134, #248, #1367, .T. ) ;
#762 = EDGE_LOOP ( 'NONE', ( #921, #1254, #1066, #1033 ) ) ;
#763 = CARTESIAN_POINT ( 'NONE',  ( 30.50000000000000000, 3.000000000000000000, -8.000000000000001776 ) ) ;
#764 = LINE ( 'NONE', #1353, #481 ) ;
#765 = ADVANCED_FACE ( 'NONE', ( #1093 ), #819, .F. ) ;
#766 = DIRECTION ( 'NONE',  ( -0.000000000000000000, 8.673617379884035472E-17, -1.000000000000000000 ) ) ;
#767 = VECTOR ( 'NONE', #1317, 1000.000000000000000 ) ;
#768 = VECTOR ( 'NONE', #10, 1000.000000000000000 ) ;
#769 = DIRECTION ( 'NONE',  ( -0.000000000000000000, 1.000000000000000000, 1.734723475976807094E-16 ) ) ;
#770 = CIRCLE ( 'NONE', #1478, 2.199999999999989964 ) ;
#771 = CIRCLE ( 'NONE', #255, 2.200000000000012612 ) ;
#772 = VERTEX_POINT ( 'NONE', #1443 ) ;
#773 =( NAMED_UNIT ( * ) SI_UNIT ( $, .STERADIAN. ) SOLID_ANGLE_UNIT ( ) );
#774 = CYLINDRICAL_SURFACE ( 'NONE', #385, 2.199999999999993516 ) ;
#775 = CARTESIAN_POINT ( 'NONE',  ( 32.00000000000000000, 7.000000000000000000, -1.500000000000000000 ) ) ;
#776 = DIRECTION ( 'NONE',  ( 0.000000000000000000, -1.000000000000000000, 0.000000000000000000 ) ) ;
#777 = ORIENTED_EDGE ( 'NONE', *, *, #758, .T. ) ;
#778 = CARTESIAN_POINT ( 'NONE',  ( 3.000000000000000000, 1.499999999999999556, -12.00000000000000000 ) ) ;
#779 = ADVANCED_FACE ( 'NONE', ( #862 ), #170, .T. ) ;
#780 = DIRECTION ( 'NONE',  ( 1.000000000000000000, 0.000000000000000000, 0.000000000000000000 ) ) ;
#781 = EDGE_LOOP ( 'NONE', ( #511, #528, #551, #1282 ) ) ;
#782 = LINE ( 'NONE', #1255, #922 ) ;
#783 = EDGE_CURVE ( 'NONE', #588, #544, #413, .T. ) ;
#784 = VERTEX_POINT ( 'NONE', #329 ) ;
#785 = CARTESIAN_POINT ( 'NONE',  ( 10.50000000000000000, 10.00000000000000000, -9.000000000000001776 ) ) ;
#786 = DIRECTION ( 'NONE',  ( 0.000000000000000000, 0.000000000000000000, -1.000000000000000000 ) ) ;
#787 = ORIENTED_EDGE ( 'NONE', *, *, #530, .T. ) ;
#788 = CARTESIAN_POINT ( 'NONE',  ( 16.00000000000000000, 5.000000000000000000, 1.359357947053559592E-15 ) ) ;
#789 = ADVANCED_FACE ( 'NONE', ( #1243 ), #794, .T. ) ;
#790 = ORIENTED_EDGE ( 'NONE', *, *, #1448, .F. ) ;
#791 = DIRECTION ( 'NONE',  ( 0.000000000000000000, 1.000000000000000000, 1.355252715606888678E-16 ) ) ;
#792 = DIRECTION ( 'NONE',  ( 0.000000000000000000, -1.000000000000000000, 0.000000000000000000 ) ) ;
#793 = ORIENTED_EDGE ( 'NONE', *, *, #284, .T. ) ;
#794 = CYLINDRICAL_SURFACE ( 'NONE', #1222, 1.500000000000000000 ) ;
#795 = ADVANCED_FACE ( 'NONE', ( #197 ), #1364, .F. ) ;
#796 = ORIENTED_EDGE ( 'NONE', *, *, #903, .F. ) ;
#797 = VECTOR ( 'NONE', #834, 1000.000000000000000 ) ;
#798 = AXIS2_PLACEMENT_3D ( 'NONE', #1375, #1473, #792 ) ;
#799 = VECTOR ( 'NONE', #1372, 1000.000000000000000 ) ;
#800 = CARTESIAN_POINT ( 'NONE',  ( 9.000000000000001776, 0.000000000000000000, -10.50000000000000000 ) ) ;
#801 = EDGE_CURVE ( 'NONE', #838, #616, #94, .T. ) ;
#802 = ORIENTED_EDGE ( 'NONE', *, *, #527, .T. ) ;
#803 = CARTESIAN_POINT ( 'NONE',  ( 12.00000000000000000, 8.500000000000000000, 0.000000000000000000 ) ) ;
#804 = ORIENTED_EDGE ( 'NONE', *, *, #347, .F. ) ;
#805 = DIRECTION ( 'NONE',  ( 0.000000000000000000, -1.000000000000000000, 0.000000000000000000 ) ) ;
#806 = FACE_OUTER_BOUND ( 'NONE', #905, .T. ) ;
#807 = EDGE_LOOP ( 'NONE', ( #340, #1327, #990, #24 ) ) ;
#808 = ADVANCED_FACE ( 'NONE', ( #1010 ), #1480, .F. ) ;
#809 = FACE_OUTER_BOUND ( 'NONE', #1469, .T. ) ;
#810 = FACE_OUTER_BOUND ( 'NONE', #1069, .T. ) ;
#811 = VERTEX_POINT ( 'NONE', #1355 ) ;
#812 = CARTESIAN_POINT ( 'NONE',  ( 32.00000000000000000, 3.000000000000000000, -1.500000000000000000 ) ) ;
#813 = AXIS2_PLACEMENT_3D ( 'NONE', #654, #78, #791 ) ;
#814 = PLANE ( 'NONE',  #1004 ) ;
#815 = ORIENTED_EDGE ( 'NONE', *, *, #92, .T. ) ;
#816 = CYLINDRICAL_SURFACE ( 'NONE', #1509, 1.499999999999999556 ) ;
#817 = LINE ( 'NONE', #355, #1427 ) ;
#818 = EDGE_LOOP ( 'NONE', ( #599, #1404, #787, #534 ) ) ;
#819 = CONICAL_SURFACE ( 'NONE', #486, 2.199999999999997069, 1.029744258676653201 ) ;
#820 = FACE_OUTER_BOUND ( 'NONE', #1423, .T. ) ;
#821 = AXIS2_PLACEMENT_3D ( 'NONE', #832, #1303, #712 ) ;
#822 = CONICAL_SURFACE ( 'NONE', #1291, 2.199999999999997069, 1.029744258676653201 ) ;
#823 = AXIS2_PLACEMENT_3D ( 'NONE', #34, #276, #1206 ) ;
#824 = DIRECTION ( 'NONE',  ( 0.000000000000000000, 0.000000000000000000, -1.000000000000000000 ) ) ;
#825 = ORIENTED_EDGE ( 'NONE', *, *, #1445, .T. ) ;
#826 = EDGE_CURVE ( 'NONE', #62, #416, #1146, .T. ) ;
#827 = CARTESIAN_POINT ( 'NONE',  ( 29.00000000000000000, 3.000000000000000000, 0.000000000000000000 ) ) ;
#828 = CARTESIAN_POINT ( 'NONE',  ( 32.00000000000000000, 8.500000000000000000, -8.000000000000000000 ) ) ;
#829 = VERTEX_POINT ( 'NONE', #1266 ) ;
#830 = EDGE_CURVE ( 'NONE', #479, #386, #1287, .T. ) ;
#831 = LINE ( 'NONE', #1276, #108 ) ;
#832 = CARTESIAN_POINT ( 'NONE',  ( 16.00000000000000000, 5.000000000000000000, -1.639483628583459751 ) ) ;
#833 = VERTEX_POINT ( 'NONE', #449 ) ;
#834 = DIRECTION ( 'NONE',  ( -0.000000000000000000, 1.000000000000000000, -0.000000000000000000 ) ) ;
#835 = FACE_OUTER_BOUND ( 'NONE', #1319, .T. ) ;
#836 = ORIENTED_EDGE ( 'NONE', *, *, #1144, .F. ) ;
#837 = CIRCLE ( 'NONE', #253, 1.500000000000000000 ) ;
#838 = VERTEX_POINT ( 'NONE', #301 ) ;
#839 = DIRECTION ( 'NONE',  ( 0.000000000000000000, 1.000000000000000000, 0.000000000000000000 ) ) ;
#840 = CARTESIAN_POINT ( 'NONE',  ( 12.00000000000000000, 1.499999999999999556, -8.000000000000001776 ) ) ;
#841 = ORIENTED_EDGE ( 'NONE', *, *, #1194, .T. ) ;
#842 = VECTOR ( 'NONE', #188, 1000.000000000000000 ) ;
#843 = CARTESIAN_POINT ( 'NONE',  ( 0.000000000000000000, 10.00000000000000000, -10.50000000000000000 ) ) ;
#844 = FACE_OUTER_BOUND ( 'NONE', #131, .T. ) ;
#845 = VERTEX_POINT ( 'NONE', #442 ) ;
#846 = EDGE_CURVE ( 'NONE', #1495, #63, #105, .T. ) ;
#847 = ORIENTED_EDGE ( 'NONE', *, *, #716, .T. ) ;
#848 = DIRECTION ( 'NONE',  ( -1.000000000000000000, 0.000000000000000000, 0.000000000000000000 ) ) ;
#849 = DIRECTION ( 'NONE',  ( 1.000000000000000000, 0.000000000000000000, 0.000000000000000000 ) ) ;
#850 = CARTESIAN_POINT ( 'NONE',  ( 6.000000000000000000, 0.000000000000000000, -6.000000000000000000 ) ) ;
#851 = VECTOR ( 'NONE', #597, 1000.000000000000000 ) ;
#852 = CONICAL_SURFACE ( 'NONE', #542, 2.200000000000000622, 1.029744258676653867 ) ;
#853 = EDGE_CURVE ( 'NONE', #134, #1138, #1097, .T. ) ;
#854 = CARTESIAN_POINT ( 'NONE',  ( 3.000000000000000000, 1.499999999999999556, -9.000000000000001776 ) ) ;
#855 = EDGE_LOOP ( 'NONE', ( #777, #436, #559, #962 ) ) ;
#856 = EDGE_CURVE ( 'NONE', #1270, #416, #1040, .T. ) ;
#857 = EDGE_LOOP ( 'NONE', ( #1259, #1054, #1119, #464 ) ) ;
#858 = DIRECTION ( 'NONE',  ( 0.000000000000000000, -1.000000000000000000, 0.000000000000000000 ) ) ;
#859 = CARTESIAN_POINT ( 'NONE',  ( 12.00000000000000000, 10.00000000000000000, 0.000000000000000000 ) ) ;
#860 = CYLINDRICAL_SURFACE ( 'NONE', #353, 1.599999999999990319 ) ;
#861 = DIRECTION ( 'NONE',  ( 0.000000000000000000, 1.000000000000000000, 1.355252715606888678E-16 ) ) ;
#862 = FACE_OUTER_BOUND ( 'NONE', #202, .T. ) ;
#863 = EDGE_LOOP ( 'NONE', ( #231, #280 ) ) ;
#864 = CARTESIAN_POINT ( 'NONE',  ( 6.000000000000000000, 4.000000000000000000, -8.200000000000013500 ) ) ;
#865 = DIRECTION ( 'NONE',  ( 1.049727191138618203E-16, -0.8571673007021118895, -0.5150380749100547106 ) ) ;
#866 = DIRECTION ( 'NONE',  ( 0.000000000000000000, 0.000000000000000000, 1.000000000000000000 ) ) ;
#867 = DIRECTION ( 'NONE',  ( 0.000000000000000000, -1.000000000000000000, 0.000000000000000000 ) ) ;
#868 = ORIENTED_EDGE ( 'NONE', *, *, #741, .T. ) ;
#869 = EDGE_CURVE ( 'NONE', #248, #1138, #634, .T. ) ;
#870 = ORIENTED_EDGE ( 'NONE', *, *, #1060, .F. ) ;
#871 = DIRECTION ( 'NONE',  ( -1.000000000000000000, 0.000000000000000000, 0.000000000000000000 ) ) ;
#872 = DIRECTION ( 'NONE',  ( 0.000000000000000000, 0.000000000000000000, -1.000000000000000000 ) ) ;
#873 = DIRECTION ( 'NONE',  ( -0.000000000000000000, 1.000000000000000000, -0.000000000000000000 ) ) ;
#874 = EDGE_CURVE ( 'NONE', #1299, #605, #1267, .T. ) ;
#875 = CARTESIAN_POINT ( 'NONE',  ( 9.000000000000001776, 1.499999999999999556, -9.000000000000001776 ) ) ;
#876 = VERTEX_POINT ( 'NONE', #75 ) ;
#877 = ORIENTED_EDGE ( 'NONE', *, *, #64, .T. ) ;
#878 = EDGE_CURVE ( 'NONE', #1444, #583, #541, .T. ) ;
#879 = CARTESIAN_POINT ( 'NONE',  ( 3.000000000000000000, 10.00000000000000000, -9.000000000000001776 ) ) ;
#880 = CARTESIAN_POINT ( 'NONE',  ( 0.000000000000000000, 1.499999999999999556, -9.000000000000001776 ) ) ;
#881 = CARTESIAN_POINT ( 'NONE',  ( 1.500000000000000000, 1.499999999999999556, -1.500000000000000000 ) ) ;
#882 = ORIENTED_EDGE ( 'NONE', *, *, #408, .F. ) ;
#883 = CARTESIAN_POINT ( 'NONE',  ( 6.000000000000000000, 4.000000000000000000, -6.000000000000000000 ) ) ;
#884 = VECTOR ( 'NONE', #218, 1000.000000000000114 ) ;
#885 = CARTESIAN_POINT ( 'NONE',  ( 28.00000000000000000, 5.000000000000002665, -8.000000000000001776 ) ) ;
#886 = FACE_OUTER_BOUND ( 'NONE', #441, .T. ) ;
#887 =( GEOMETRIC_REPRESENTATION_CONTEXT ( 3 ) GLOBAL_UNCERTAINTY_ASSIGNED_CONTEXT ( ( #1392 ) ) GLOBAL_UNIT_ASSIGNED_CONTEXT ( ( #1333, #1434, #760 ) ) REPRESENTATION_CONTEXT ( 'NONE', 'WORKASPACE' ) );
#888 = DIRECTION ( 'NONE',  ( 0.000000000000000000, 0.000000000000000000, 1.000000000000000000 ) ) ;
#889 = CIRCLE ( 'NONE', #813, 1.599999999999990319 ) ;
#890 = AXIS2_PLACEMENT_3D ( 'NONE', #514, #981, #1440 ) ;
#891 = ORIENTED_EDGE ( 'NONE', *, *, #1302, .T. ) ;
#892 =( LENGTH_UNIT ( ) NAMED_UNIT ( * ) SI_UNIT ( .MILLI., .METRE. ) );
#893 = CARTESIAN_POINT ( 'NONE',  ( 16.00000000000000000, 5.000000000000000000, 0.000000000000000000 ) ) ;
#894 = DIRECTION ( 'NONE',  ( -1.000000000000000000, 0.000000000000000000, 0.000000000000000000 ) ) ;
#895 = VECTOR ( 'NONE', #769, 1000.000000000000000 ) ;
#896 = EDGE_CURVE ( 'NONE', #951, #50, #434, .T. ) ;
#897 = CARTESIAN_POINT ( 'NONE',  ( 6.000000000000000000, 10.00000000000000000, -6.000000000000000000 ) ) ;
#898 = VECTOR ( 'NONE', #1038, 1000.000000000000000 ) ;
#899 = ORIENTED_EDGE ( 'NONE', *, *, #652, .T. ) ;
#900 = EDGE_CURVE ( 'NONE', #248, #616, #782, .T. ) ;
#901 = CARTESIAN_POINT ( 'NONE',  ( 9.000000000000001776, 1.499999999999999556, -9.000000000000001776 ) ) ;
#902 = CARTESIAN_POINT ( 'NONE',  ( 28.00000000000000000, 5.000000000000002665, -8.000000000000003553 ) ) ;
#903 = EDGE_CURVE ( 'NONE', #1138, #303, #89, .T. ) ;
#904 = DIRECTION ( 'NONE',  ( 0.000000000000000000, 0.000000000000000000, -1.000000000000000000 ) ) ;
#905 = EDGE_LOOP ( 'NONE', ( #498, #651, #1141, #718 ) ) ;
#906 = DIRECTION ( 'NONE',  ( -0.000000000000000000, -0.000000000000000000, 1.000000000000000000 ) ) ;
#907 = ORIENTED_EDGE ( 'NONE', *, *, #1470, .T. ) ;
#908 = AXIS2_PLACEMENT_3D ( 'NONE', #966, #848, #396 ) ;
#909 = DIRECTION ( 'NONE',  ( 0.000000000000000000, 0.000000000000000000, -1.000000000000000000 ) ) ;
#910 = PLANE ( 'NONE',  #214 ) ;
#911 = ADVANCED_BREP_SHAPE_REPRESENTATION ( 'hinge swing', ( #708, #656 ), #1435 ) ;
#912 = ORIENTED_EDGE ( 'NONE', *, *, #3, .F. ) ;
#913 = AXIS2_PLACEMENT_3D ( 'NONE', #285, #1118, #68 ) ;
#914 = ORIENTED_EDGE ( 'NONE', *, *, #853, .T. ) ;
#915 = ADVANCED_FACE ( 'NONE', ( #352 ), #816, .T. ) ;
#916 = DIRECTION ( 'NONE',  ( 1.000000000000000000, 0.000000000000000000, 0.000000000000000000 ) ) ;
#917 = CARTESIAN_POINT ( 'NONE',  ( 29.00000000000000000, 3.000000000000000000, -6.500000000000001776 ) ) ;
#918 = ORIENTED_EDGE ( 'NONE', *, *, #552, .F. ) ;
#919 = CARTESIAN_POINT ( 'NONE',  ( 6.000000000000000000, 10.00000000000000000, -4.399999999999992362 ) ) ;
#920 = EDGE_CURVE ( 'NONE', #297, #876, #371, .T. ) ;
#921 = ORIENTED_EDGE ( 'NONE', *, *, #649, .F. ) ;
#922 = VECTOR ( 'NONE', #204, 1000.000000000000000 ) ;
#923 = AXIS2_PLACEMENT_3D ( 'NONE', #1116, #189, #539 ) ;
#924 = AXIS2_PLACEMENT_3D ( 'NONE', #349, #112, #580 ) ;
#925 = DIRECTION ( 'NONE',  ( -0.000000000000000000, 1.000000000000000000, -0.000000000000000000 ) ) ;
#926 = EDGE_CURVE ( 'NONE', #1211, #735, #212, .T. ) ;
#927 = DIRECTION ( 'NONE',  ( 0.000000000000000000, -1.000000000000000000, 0.000000000000000000 ) ) ;
#928 = ORIENTED_EDGE ( 'NONE', *, *, #1175, .T. ) ;
#929 = CARTESIAN_POINT ( 'NONE',  ( 6.000000000000000000, 4.000000000000000000, -6.000000000000000000 ) ) ;
#930 = DIRECTION ( 'NONE',  ( -1.000000000000000000, 0.000000000000000000, 0.000000000000000000 ) ) ;
#931 = VERTEX_POINT ( 'NONE', #466 ) ;
#932 = CARTESIAN_POINT ( 'NONE',  ( 3.000000000000000000, 0.000000000000000000, -9.000000000000001776 ) ) ;
#933 = CYLINDRICAL_SURFACE ( 'NONE', #924, 1.500000000000000000 ) ;
#934 = ORIENTED_EDGE ( 'NONE', *, *, #761, .F. ) ;
#935 = DIRECTION ( 'NONE',  ( -0.000000000000000000, -0.000000000000000000, 1.000000000000000000 ) ) ;
#936 = ORIENTED_EDGE ( 'NONE', *, *, #43, .F. ) ;
#937 = EDGE_CURVE ( 'NONE', #1028, #360, #1416, .T. ) ;
#938 = DIRECTION ( 'NONE',  ( 0.000000000000000000, 0.000000000000000000, -1.000000000000000000 ) ) ;
#939 = VECTOR ( 'NONE', #865, 1000.000000000000114 ) ;
#940 = FACE_BOUND ( 'NONE', #1453, .T. ) ;
#941 = ORIENTED_EDGE ( 'NONE', *, *, #324, .T. ) ;
#942 = DIRECTION ( 'NONE',  ( 1.000000000000000000, 0.000000000000000000, 0.000000000000000000 ) ) ;
#943 = EDGE_CURVE ( 'NONE', #676, #62, #1274, .T. ) ;
#944 = CARTESIAN_POINT ( 'NONE',  ( 16.00000000000000000, 5.000000000000000888, -8.000000000000001776 ) ) ;
#945 = ORIENTED_EDGE ( 'NONE', *, *, #826, .F. ) ;
#946 = AXIS2_PLACEMENT_3D ( 'NONE', #897, #1370, #684 ) ;
#947 = CARTESIAN_POINT ( 'NONE',  ( 1.500000000000000000, 0.000000000000000000, -9.000000000000001776 ) ) ;
#948 = AXIS2_PLACEMENT_3D ( 'NONE', #827, #1077, #1296 ) ;
#949 = VECTOR ( 'NONE', #1422, 1000.000000000000000 ) ;
#950 = CARTESIAN_POINT ( 'NONE',  ( 26.40000000000001279, 5.000000000000001776, 1.359357947053559592E-15 ) ) ;
#951 = VERTEX_POINT ( 'NONE', #1387 ) ;
#952 = CARTESIAN_POINT ( 'NONE',  ( 28.00000000000000000, 5.000000000000001776, -2.000000000000002665 ) ) ;
#953 = DIRECTION ( 'NONE',  ( 0.000000000000000000, 1.000000000000000000, 0.000000000000000000 ) ) ;
#954 = VERTEX_POINT ( 'NONE', #1062 ) ;
#955 = ORIENTED_EDGE ( 'NONE', *, *, #527, .F. ) ;
#956 = CARTESIAN_POINT ( 'NONE',  ( 0.000000000000000000, 8.500000000000000000, -9.000000000000001776 ) ) ;
#957 = DIRECTION ( 'NONE',  ( 1.000000000000000000, 0.000000000000000000, -0.000000000000000000 ) ) ;
#958 = VERTEX_POINT ( 'NONE', #344 ) ;
#959 = EDGE_CURVE ( 'NONE', #370, #556, #1002, .T. ) ;
#960 = LINE ( 'NONE', #1426, #36 ) ;
#961 = AXIS2_PLACEMENT_3D ( 'NONE', #132, #1052, #5 ) ;
#962 = ORIENTED_EDGE ( 'NONE', *, *, #585, .F. ) ;
#963 = PRODUCT_DEFINITION_CONTEXT ( 'detailed design', #1034, 'design' ) ;
#964 = PRESENTATION_LAYER_ASSIGNMENT (  '', '', ( #379 ) ) ;
#965 = ORIENTED_EDGE ( 'NONE', *, *, #291, .F. ) ;
#966 = CARTESIAN_POINT ( 'NONE',  ( 0.000000000000000000, 8.500000000000000000, -10.50000000000000000 ) ) ;
#967 = AXIS2_PLACEMENT_3D ( 'NONE', #366, #497, #130 ) ;
#968 = EDGE_CURVE ( 'NONE', #409, #259, #143, .T. ) ;
#969 = PLANE ( 'NONE',  #238 ) ;
#970 = CIRCLE ( 'NONE', #430, 1.499999999999999556 ) ;
#971 = CARTESIAN_POINT ( 'NONE',  ( 30.50000000000000000, 3.000000000000000000, -6.500000000000002665 ) ) ;
#972 = DIRECTION ( 'NONE',  ( 0.000000000000000000, 1.000000000000000000, 0.000000000000000000 ) ) ;
#973 = EDGE_CURVE ( 'NONE', #772, #1326, #1195, .T. ) ;
#974 = DIRECTION ( 'NONE',  ( 0.000000000000000000, 0.000000000000000000, -1.000000000000000000 ) ) ;
#975 = ORIENTED_EDGE ( 'NONE', *, *, #477, .F. ) ;
#976 = EDGE_CURVE ( 'NONE', #297, #1391, #1124, .T. ) ;
#977 = ORIENTED_EDGE ( 'NONE', *, *, #856, .T. ) ;
#978 = CARTESIAN_POINT ( 'NONE',  ( 12.00000000000000000, 1.499999999999999556, -9.000000000000001776 ) ) ;
#979 = DIRECTION ( 'NONE',  ( -0.000000000000000000, 1.000000000000000000, -0.000000000000000000 ) ) ;
#980 = ADVANCED_FACE ( 'NONE', ( #364 ), #123, .T. ) ;
#981 = DIRECTION ( 'NONE',  ( -0.000000000000000000, 8.673617379884035472E-17, -1.000000000000000000 ) ) ;
#982 = DIRECTION ( 'NONE',  ( 0.000000000000000000, 1.000000000000000000, 0.000000000000000000 ) ) ;
#983 = ORIENTED_EDGE ( 'NONE', *, *, #1482, .F. ) ;
#984 = ORIENTED_EDGE ( 'NONE', *, *, #1036, .F. ) ;
#985 = CARTESIAN_POINT ( 'NONE',  ( 26.40000000000000924, 5.000000000000001776, 0.000000000000000000 ) ) ;
#986 = CARTESIAN_POINT ( 'NONE',  ( 0.000000000000000000, 8.500000000000000000, 0.000000000000000000 ) ) ;
#987 = CARTESIAN_POINT ( 'NONE',  ( 16.00000000000000000, 7.200000000000001066, -2.000000000000002665 ) ) ;
#988 = FILL_AREA_STYLE_COLOUR ( '', #504 ) ;
#989 = EDGE_LOOP ( 'NONE', ( #1043, #216, #965, #602 ) ) ;
#990 = ORIENTED_EDGE ( 'NONE', *, *, #649, .T. ) ;
#991 = ADVANCED_FACE ( 'NONE', ( #809 ), #244, .T. ) ;
#992 = CYLINDRICAL_SURFACE ( 'NONE', #1, 1.499999999999999556 ) ;
#993 = LINE ( 'NONE', #1455, #696 ) ;
#994 = CARTESIAN_POINT ( 'NONE',  ( 6.000000000000000000, 10.00000000000000000, -6.000000000000000000 ) ) ;
#995 = CARTESIAN_POINT ( 'NONE',  ( 12.00000000000000000, 9.378679656440358059, -8.000000000000000000 ) ) ;
#996 = VERTEX_POINT ( 'NONE', #1183 ) ;
#997 = ORIENTED_EDGE ( 'NONE', *, *, #959, .F. ) ;
#998 = DIRECTION ( 'NONE',  ( 0.000000000000000000, 0.000000000000000000, -1.000000000000000000 ) ) ;
#999 = CARTESIAN_POINT ( 'NONE',  ( 29.00000000000000000, 0.000000000000000000, -6.500000000000002665 ) ) ;
#1000 = LINE ( 'NONE', #1123, #1249 ) ;
#1001 = PRODUCT ( 'hinge swing', 'hinge swing', '', ( #93 ) ) ;
#1002 = CIRCLE ( 'NONE', #730, 1.499999999999999556 ) ;
#1003 = VECTOR ( 'NONE', #1332, 1000.000000000000000 ) ;
#1004 = AXIS2_PLACEMENT_3D ( 'NONE', #1046, #462, #601 ) ;
#1005 = SURFACE_STYLE_USAGE ( .BOTH. , #1349 ) ;
#1006 = ORIENTED_EDGE ( 'NONE', *, *, #900, .T. ) ;
#1007 = CARTESIAN_POINT ( 'NONE',  ( 9.000000000000001776, 0.000000000000000000, -10.50000000000000000 ) ) ;
#1008 = DIRECTION ( 'NONE',  ( -0.000000000000000000, -0.000000000000000000, 1.000000000000000000 ) ) ;
#1009 = CARTESIAN_POINT ( 'NONE',  ( 9.000000000000001776, 8.500000000000000000, -10.50000000000000000 ) ) ;
#1010 = FACE_OUTER_BOUND ( 'NONE', #1350, .T. ) ;
#1011 = ORIENTED_EDGE ( 'NONE', *, *, #758, .F. ) ;
#1012 = DIRECTION ( 'NONE',  ( -0.000000000000000000, -1.000000000000000000, -1.734723475976807094E-16 ) ) ;
#1013 = CARTESIAN_POINT ( 'NONE',  ( 0.000000000000000000, 8.500000000000000000, -1.500000000000000000 ) ) ;
#1014 = EDGE_CURVE ( 'NONE', #1386, #544, #457, .T. ) ;
#1015 = CARTESIAN_POINT ( 'NONE',  ( 28.00000000000000000, 5.000000000000001776, -1.639483628583461305 ) ) ;
#1016 = DIRECTION ( 'NONE',  ( 0.000000000000000000, 1.000000000000000000, 1.355252715606888678E-16 ) ) ;
#1017 = CIRCLE ( 'NONE', #1163, 2.999999999999999112 ) ;
#1018 = EDGE_CURVE ( 'NONE', #50, #1495, #336, .T. ) ;
#1019 = ORIENTED_EDGE ( 'NONE', *, *, #716, .F. ) ;
#1020 = ADVANCED_FACE ( 'NONE', ( #496 ), #635, .T. ) ;
#1021 = DIRECTION ( 'NONE',  ( 0.000000000000000000, 1.000000000000000000, 0.000000000000000000 ) ) ;
#1022 = DIRECTION ( 'NONE',  ( 0.000000000000000000, 1.000000000000000000, 0.000000000000000000 ) ) ;
#1023 = ORIENTED_EDGE ( 'NONE', *, *, #260, .T. ) ;
#1024 = AXIS2_PLACEMENT_3D ( 'NONE', #875, #169, #637 ) ;
#1025 = DIRECTION ( 'NONE',  ( 0.000000000000000000, 0.000000000000000000, 1.000000000000000000 ) ) ;
#1026 = CIRCLE ( 'NONE', #1148, 1.599999999999990319 ) ;
#1027 = AXIS2_PLACEMENT_3D ( 'NONE', #632, #1098, #54 ) ;
#1028 = VERTEX_POINT ( 'NONE', #1103 ) ;
#1029 = DIRECTION ( 'NONE',  ( -1.000000000000000000, 0.000000000000000000, -0.000000000000000000 ) ) ;
#1030 = ORIENTED_EDGE ( 'NONE', *, *, #1314, .T. ) ;
#1031 = DIRECTION ( 'NONE',  ( -0.000000000000000000, 1.000000000000000000, 1.734723475976807094E-16 ) ) ;
#1032 = EDGE_CURVE ( 'NONE', #710, #199, #1125, .T. ) ;
#1033 = ORIENTED_EDGE ( 'NONE', *, *, #1448, .T. ) ;
#1034 = APPLICATION_CONTEXT ( 'automotive_design' ) ;
#1035 = LINE ( 'NONE', #439, #842 ) ;
#1036 = EDGE_CURVE ( 'NONE', #171, #958, #523, .T. ) ;
#1037 = AXIS2_PLACEMENT_3D ( 'NONE', #126, #594, #1065 ) ;
#1038 = DIRECTION ( 'NONE',  ( -0.000000000000000000, 1.000000000000000000, -0.000000000000000000 ) ) ;
#1039 = VERTEX_POINT ( 'NONE', #412 ) ;
#1040 = LINE ( 'NONE', #677, #435 ) ;
#1041 = CIRCLE ( 'NONE', #1114, 2.199999999999989964 ) ;
#1042 = AXIS2_PLACEMENT_3D ( 'NONE', #1407, #598, #591 ) ;
#1043 = ORIENTED_EDGE ( 'NONE', *, *, #1335, .F. ) ;
#1044 = VECTOR ( 'NONE', #1130, 1000.000000000000000 ) ;
#1045 = PLANE ( 'NONE',  #694 ) ;
#1046 = CARTESIAN_POINT ( 'NONE',  ( 32.00000000000000000, 0.000000000000000000, 0.000000000000000000 ) ) ;
#1047 = ORIENTED_EDGE ( 'NONE', *, *, #671, .T. ) ;
#1048 = CYLINDRICAL_SURFACE ( 'NONE', #452, 1.500000000000000000 ) ;
#1049 = ORIENTED_EDGE ( 'NONE', *, *, #721, .F. ) ;
#1050 = VECTOR ( 'NONE', #21, 1000.000000000000000 ) ;
#1051 = CIRCLE ( 'NONE', #1289, 1.599999999999990319 ) ;
#1052 = DIRECTION ( 'NONE',  ( 0.000000000000000000, -1.000000000000000000, 0.000000000000000000 ) ) ;
#1053 = CARTESIAN_POINT ( 'NONE',  ( 6.000000000000000000, 10.00000000000000000, -8.200000000000013500 ) ) ;
#1054 = ORIENTED_EDGE ( 'NONE', *, *, #552, .T. ) ;
#1055 = DIRECTION ( 'NONE',  ( 0.000000000000000000, -1.000000000000000000, -2.891205793294678326E-16 ) ) ;
#1056 = CARTESIAN_POINT ( 'NONE',  ( 0.000000000000000000, 10.00000000000000000, -9.000000000000001776 ) ) ;
#1057 = ORIENTED_EDGE ( 'NONE', *, *, #585, .T. ) ;
#1058 = DIRECTION ( 'NONE',  ( -0.000000000000000000, 1.000000000000000000, -0.000000000000000000 ) ) ;
#1059 = CARTESIAN_POINT ( 'NONE',  ( 9.000000000000001776, 10.00000000000000000, -9.000000000000001776 ) ) ;
#1060 = EDGE_CURVE ( 'NONE', #996, #386, #1433, .T. ) ;
#1061 = ORIENTED_EDGE ( 'NONE', *, *, #221, .F. ) ;
#1062 = CARTESIAN_POINT ( 'NONE',  ( 29.00000000000000000, 8.500000000000000000, -8.000000000000000000 ) ) ;
#1063 = CARTESIAN_POINT ( 'NONE',  ( 1.500000000000000000, 8.500000000000000000, -1.500000000000000000 ) ) ;
#1064 = EDGE_LOOP ( 'NONE', ( #1438, #596 ) ) ;
#1065 = DIRECTION ( 'NONE',  ( 1.000000000000000000, 0.000000000000000000, 0.000000000000000000 ) ) ;
#1066 = ORIENTED_EDGE ( 'NONE', *, *, #474, .F. ) ;
#1067 = DIRECTION ( 'NONE',  ( 0.000000000000000000, 0.000000000000000000, -1.000000000000000000 ) ) ;
#1068 = DIRECTION ( 'NONE',  ( 0.000000000000000000, 0.000000000000000000, -1.000000000000000000 ) ) ;
#1069 = EDGE_LOOP ( 'NONE', ( #1409, #402, #573, #1452 ) ) ;
#1070 = AXIS2_PLACEMENT_3D ( 'NONE', #724, #942, #116 ) ;
#1071 = CARTESIAN_POINT ( 'NONE',  ( 6.000000000000000000, 10.00000000000000178, -6.000000000000000000 ) ) ;
#1072 = CIRCLE ( 'NONE', #798, 1.500000000000000000 ) ;
#1073 = CIRCLE ( 'NONE', #704, 1.499999999999999556 ) ;
#1074 = ADVANCED_FACE ( 'NONE', ( #1450 ), #1099, .F. ) ;
#1075 = DIRECTION ( 'NONE',  ( -0.000000000000000000, -0.000000000000000000, 1.000000000000000000 ) ) ;
#1076 = ORIENTED_EDGE ( 'NONE', *, *, #920, .F. ) ;
#1077 = DIRECTION ( 'NONE',  ( 0.000000000000000000, 0.000000000000000000, -1.000000000000000000 ) ) ;
#1078 = CYLINDRICAL_SURFACE ( 'NONE', #1042, 1.499999999999999556 ) ;
#1079 = ORIENTED_EDGE ( 'NONE', *, *, #761, .T. ) ;
#1080 = ADVANCED_FACE ( 'NONE', ( #46 ), #732, .F. ) ;
#1081 = CARTESIAN_POINT ( 'NONE',  ( 28.00000000000000000, 7.199999999999996625, -8.000000000000001776 ) ) ;
#1082 = DIRECTION ( 'NONE',  ( 1.000000000000000000, 0.000000000000000000, 0.000000000000000000 ) ) ;
#1083 = DIRECTION ( 'NONE',  ( 0.000000000000000000, 2.891205793294679312E-16, -1.000000000000000000 ) ) ;
#1084 = ADVANCED_FACE ( 'NONE', ( #1348 ), #1487, .T. ) ;
#1085 = ORIENTED_EDGE ( 'NONE', *, *, #1014, .F. ) ;
#1086 = EDGE_CURVE ( 'NONE', #996, #676, #1026, .T. ) ;
#1087 = CARTESIAN_POINT ( 'NONE',  ( 28.00000000000000000, 5.000000000000002665, -8.000000000000001776 ) ) ;
#1088 = CARTESIAN_POINT ( 'NONE',  ( 29.00000000000000000, 7.000000000000000000, -1.500000000000000000 ) ) ;
#1089 = AXIS2_PLACEMENT_3D ( 'NONE', #703, #805, #938 ) ;
#1090 = FACE_OUTER_BOUND ( 'NONE', #855, .T. ) ;
#1091 = CIRCLE ( 'NONE', #1339, 1.500000000000000000 ) ;
#1092 = CARTESIAN_POINT ( 'NONE',  ( 28.00000000000000000, 5.000000000000001776, -1.639483628583461305 ) ) ;
#1093 = FACE_OUTER_BOUND ( 'NONE', #1318, .T. ) ;
#1094 = EDGE_LOOP ( 'NONE', ( #373, #387, #240, #629 ) ) ;
#1095 = ORIENTED_EDGE ( 'NONE', *, *, #304, .F. ) ;
#1096 = CARTESIAN_POINT ( 'NONE',  ( 28.00000000000000000, 5.000000000000001776, -2.000000000000002665 ) ) ;
#1097 = CIRCLE ( 'NONE', #233, 1.500000000000000000 ) ;
#1098 = DIRECTION ( 'NONE',  ( 0.000000000000000000, -1.000000000000000000, 0.000000000000000000 ) ) ;
#1099 = CONICAL_SURFACE ( 'NONE', #288, 2.200000000000000622, 1.029744258676653867 ) ;
#1100 = CARTESIAN_POINT ( 'NONE',  ( 16.00000000000000000, 5.000000000000000000, 0.000000000000000000 ) ) ;
#1101 = AXIS2_PLACEMENT_3D ( 'NONE', #1087, #736, #1328 ) ;
#1102 = CIRCLE ( 'NONE', #365, 1.499999999999999556 ) ;
#1103 = CARTESIAN_POINT ( 'NONE',  ( 6.000000000000000000, 0.000000000000000000, -4.399999999999992362 ) ) ;
#1104 = EDGE_LOOP ( 'NONE', ( #683, #729, #138, #1030, #125, #483, #374, #907 ) ) ;
#1105 = EDGE_CURVE ( 'NONE', #164, #303, #72, .T. ) ;
#1106 = ORIENTED_EDGE ( 'NONE', *, *, #631, .T. ) ;
#1107 = FACE_OUTER_BOUND ( 'NONE', #1201, .T. ) ;
#1108 = CYLINDRICAL_SURFACE ( 'NONE', #1363, 2.999999999999999112 ) ;
#1109 = EDGE_CURVE ( 'NONE', #772, #1112, #1208, .T. ) ;
#1110 = CARTESIAN_POINT ( 'NONE',  ( 0.000000000000000000, 1.499999999999999556, -1.500000000000000000 ) ) ;
#1111 = VECTOR ( 'NONE', #617, 1000.000000000000000 ) ;
#1112 = VERTEX_POINT ( 'NONE', #1232 ) ;
#1113 = EDGE_LOOP ( 'NONE', ( #289, #281 ) ) ;
#1114 = AXIS2_PLACEMENT_3D ( 'NONE', #489, #230, #953 ) ;
#1115 = CARTESIAN_POINT ( 'NONE',  ( 29.00000000000000000, 7.000000000000000000, 0.000000000000000000 ) ) ;
#1116 = CARTESIAN_POINT ( 'NONE',  ( 1.500000000000000000, 8.500000000000000000, -1.500000000000000000 ) ) ;
#1117 = CIRCLE ( 'NONE', #890, 2.200000000000000622 ) ;
#1118 = DIRECTION ( 'NONE',  ( 0.000000000000000000, -0.000000000000000000, -1.000000000000000000 ) ) ;
#1119 = ORIENTED_EDGE ( 'NONE', *, *, #1490, .T. ) ;
#1120 = LINE ( 'NONE', #431, #1199 ) ;
#1121 = DIRECTION ( 'NONE',  ( 0.000000000000000000, -1.000000000000000000, 0.000000000000000000 ) ) ;
#1122 = EDGE_CURVE ( 'NONE', #451, #838, #415, .T. ) ;
#1123 = CARTESIAN_POINT ( 'NONE',  ( 0.000000000000000000, 8.500000000000000000, 0.000000000000000000 ) ) ;
#1124 = CIRCLE ( 'NONE', #461, 2.200000000000012612 ) ;
#1125 = CIRCLE ( 'NONE', #1198, 2.199999999999989964 ) ;
#1126 = AXIS2_PLACEMENT_3D ( 'NONE', #1059, #13, #1153 ) ;
#1127 = DIRECTION ( 'NONE',  ( -0.000000000000000000, -0.000000000000000000, 1.000000000000000000 ) ) ;
#1128 = EDGE_CURVE ( 'NONE', #833, #1444, #1510, .T. ) ;
#1129 = EDGE_LOOP ( 'NONE', ( #642, #1290, #328, #1252 ) ) ;
#1130 = DIRECTION ( 'NONE',  ( 0.000000000000000000, 0.000000000000000000, 1.000000000000000000 ) ) ;
#1131 = CARTESIAN_POINT ( 'NONE',  ( 30.50000000000000000, 7.000000000000000000, 0.000000000000000000 ) ) ;
#1132 = ADVANCED_FACE ( 'NONE', ( #647, #548, #1137 ), #910, .F. ) ;
#1133 = DIRECTION ( 'NONE',  ( 1.000000000000000000, 0.000000000000000000, 0.000000000000000000 ) ) ;
#1134 = EDGE_LOOP ( 'NONE', ( #1309, #178, #467, #1076 ) ) ;
#1135 = SHAPE_DEFINITION_REPRESENTATION ( #182, #911 ) ;
#1136 = DIRECTION ( 'NONE',  ( 0.000000000000000000, -1.000000000000000000, 0.000000000000000000 ) ) ;
#1137 = FACE_OUTER_BOUND ( 'NONE', #1396, .T. ) ;
#1138 = VERTEX_POINT ( 'NONE', #308 ) ;
#1139 = CARTESIAN_POINT ( 'NONE',  ( 30.50000000000000000, 0.000000000000000000, -1.500000000000000000 ) ) ;
#1140 = AXIS2_PLACEMENT_3D ( 'NONE', #1384, #201, #432 ) ;
#1141 = ORIENTED_EDGE ( 'NONE', *, *, #1194, .F. ) ;
#1142 = DIRECTION ( 'NONE',  ( 0.000000000000000000, -1.000000000000000000, 0.000000000000000000 ) ) ;
#1143 = DIRECTION ( 'NONE',  ( 0.000000000000000000, -1.000000000000000000, -1.734723475976807094E-16 ) ) ;
#1144 = EDGE_CURVE ( 'NONE', #931, #350, #327, .T. ) ;
#1145 = ORIENTED_EDGE ( 'NONE', *, *, #333, .F. ) ;
#1146 = CIRCLE ( 'NONE', #678, 1.599999999999986766 ) ;
#1147 = DIRECTION ( 'NONE',  ( 0.000000000000000000, 0.000000000000000000, 1.000000000000000000 ) ) ;
#1148 = AXIS2_PLACEMENT_3D ( 'NONE', #752, #294, #861 ) ;
#1149 = CIRCLE ( 'NONE', #1126, 1.499999999999999556 ) ;
#1150 = ORIENTED_EDGE ( 'NONE', *, *, #747, .T. ) ;
#1151 = ADVANCED_FACE ( 'NONE', ( #196 ), #852, .F. ) ;
#1152 = CARTESIAN_POINT ( 'NONE',  ( 1.500000000000000000, 10.00000000000000000, 0.000000000000000000 ) ) ;
#1153 = DIRECTION ( 'NONE',  ( 0.000000000000000000, 0.000000000000000000, -1.000000000000000000 ) ) ;
#1154 = ORIENTED_EDGE ( 'NONE', *, *, #1128, .T. ) ;
#1155 = ADVANCED_FACE ( 'NONE', ( #664 ), #315, .T. ) ;
#1156 = DIRECTION ( 'NONE',  ( 1.000000000000000000, 0.000000000000000000, -0.000000000000000000 ) ) ;
#1157 = ORIENTED_EDGE ( 'NONE', *, *, #491, .T. ) ;
#1158 = CARTESIAN_POINT ( 'NONE',  ( 29.00000000000000000, 1.500000000000000222, -8.000000000000001776 ) ) ;
#1159 = DIRECTION ( 'NONE',  ( 1.000000000000000000, 0.000000000000000000, 0.000000000000000000 ) ) ;
#1160 = ORIENTED_EDGE ( 'NONE', *, *, #1419, .F. ) ;
#1161 = AXIS2_PLACEMENT_3D ( 'NONE', #516, #279, #540 ) ;
#1162 = CARTESIAN_POINT ( 'NONE',  ( 29.00000000000000000, 1.500000000000000000, 0.000000000000000000 ) ) ;
#1163 = AXIS2_PLACEMENT_3D ( 'NONE', #687, #18, #586 ) ;
#1164 = EDGE_LOOP ( 'NONE', ( #928, #1230, #395, #206 ) ) ;
#1165 = CIRCLE ( 'NONE', #650, 1.500000000000001332 ) ;
#1166 = DIRECTION ( 'NONE',  ( 0.000000000000000000, 0.000000000000000000, -1.000000000000000000 ) ) ;
#1167 = DIRECTION ( 'NONE',  ( 0.000000000000000000, -1.734723475976807094E-16, 1.000000000000000000 ) ) ;
#1168 = ORIENTED_EDGE ( 'NONE', *, *, #247, .F. ) ;
#1169 = EDGE_CURVE ( 'NONE', #583, #829, #1051, .T. ) ;
#1170 = CYLINDRICAL_SURFACE ( 'NONE', #113, 1.599999999999990319 ) ;
#1171 = VERTEX_POINT ( 'NONE', #775 ) ;
#1172 = FACE_OUTER_BOUND ( 'NONE', #414, .T. ) ;
#1173 = EDGE_LOOP ( 'NONE', ( #51, #76, #185, #1496 ) ) ;
#1174 = DIRECTION ( 'NONE',  ( 1.000000000000000000, 0.000000000000000000, 0.000000000000000000 ) ) ;
#1175 = EDGE_CURVE ( 'NONE', #209, #171, #1345, .T. ) ;
#1176 = DIRECTION ( 'NONE',  ( 1.000000000000000000, 0.000000000000000000, 0.000000000000000000 ) ) ;
#1177 = EDGE_CURVE ( 'NONE', #191, #370, #1072, .T. ) ;
#1178 = ORIENTED_EDGE ( 'NONE', *, *, #976, .F. ) ;
#1179 = CIRCLE ( 'NONE', #714, 1.599999999999990319 ) ;
#1180 = LINE ( 'NONE', #165, #183 ) ;
#1181 = CARTESIAN_POINT ( 'NONE',  ( 30.50000000000000355, 7.000000000000000000, -8.000000000000000000 ) ) ;
#1182 = ORIENTED_EDGE ( 'NONE', *, *, #747, .F. ) ;
#1183 = CARTESIAN_POINT ( 'NONE',  ( 16.00000000000000000, 6.599999999999990763, -1.639483628583459529 ) ) ;
#1184 = FACE_OUTER_BOUND ( 'NONE', #1235, .T. ) ;
#1185 = ORIENTED_EDGE ( 'NONE', *, *, #1236, .F. ) ;
#1186 = ORIENTED_EDGE ( 'NONE', *, *, #215, .T. ) ;
#1187 = CARTESIAN_POINT ( 'NONE',  ( 29.00000000000000000, 7.000000000000000000, -6.500000000000001776 ) ) ;
#1188 = CIRCLE ( 'NONE', #1312, 1.500000000000000000 ) ;
#1189 = DIRECTION ( 'NONE',  ( 0.000000000000000000, 0.000000000000000000, 1.000000000000000000 ) ) ;
#1190 = EDGE_LOOP ( 'NONE', ( #918, #4, #1261, #274 ) ) ;
#1191 = EDGE_CURVE ( 'NONE', #735, #1211, #145, .T. ) ;
#1192 = CARTESIAN_POINT ( 'NONE',  ( 29.00000000000000000, 0.000000000000000000, -6.500000000000002665 ) ) ;
#1193 = EDGE_LOOP ( 'NONE', ( #1398, #802, #154, #1315 ) ) ;
#1194 = EDGE_CURVE ( 'NONE', #164, #811, #1388, .T. ) ;
#1195 = CIRCLE ( 'NONE', #262, 1.499999999999999556 ) ;
#1196 = ORIENTED_EDGE ( 'NONE', *, *, #1338, .F. ) ;
#1197 = DIRECTION ( 'NONE',  ( -0.000000000000000000, -0.000000000000000000, -1.000000000000000000 ) ) ;
#1198 = AXIS2_PLACEMENT_3D ( 'NONE', #506, #176, #972 ) ;
#1199 = VECTOR ( 'NONE', #546, 1000.000000000000000 ) ;
#1200 = FACE_OUTER_BOUND ( 'NONE', #1104, .T. ) ;
#1201 = EDGE_LOOP ( 'NONE', ( #1049, #1145, #367, #804 ) ) ;
#1202 = ADVANCED_FACE ( 'NONE', ( #886 ), #321, .T. ) ;
#1203 = EDGE_LOOP ( 'NONE', ( #581, #796, #726, #706 ) ) ;
#1204 = ORIENTED_EDGE ( 'NONE', *, *, #1122, .F. ) ;
#1205 = CARTESIAN_POINT ( 'NONE',  ( 16.00000000000000000, 5.000000000000000000, -1.639483628583459751 ) ) ;
#1206 = DIRECTION ( 'NONE',  ( 0.000000000000000000, 0.000000000000000000, -1.000000000000000000 ) ) ;
#1207 = DIRECTION ( 'NONE',  ( 1.000000000000000000, -0.000000000000000000, -0.000000000000000000 ) ) ;
#1208 = LINE ( 'NONE', #1216, #1003 ) ;
#1209 = LINE ( 'NONE', #533, #767 ) ;
#1210 = ORIENTED_EDGE ( 'NONE', *, *, #1335, .T. ) ;
#1211 = VERTEX_POINT ( 'NONE', #566 ) ;
#1212 = CARTESIAN_POINT ( 'NONE',  ( 1.500000000000000000, 0.000000000000000000, -9.000000000000001776 ) ) ;
#1213 = FACE_BOUND ( 'NONE', #1113, .T. ) ;
#1214 = CIRCLE ( 'NONE', #382, 2.200000000000014388 ) ;
#1215 = CARTESIAN_POINT ( 'NONE',  ( 16.00000000000000000, 2.799999999999999378, -2.000000000000002665 ) ) ;
#1216 = CARTESIAN_POINT ( 'NONE',  ( 10.50000000000000000, 0.000000000000000000, -8.000000000000000000 ) ) ;
#1217 = EDGE_CURVE ( 'NONE', #38, #164, #1000, .T. ) ;
#1218 = CARTESIAN_POINT ( 'NONE',  ( 11.37867965644035628, 10.00000000000000000, -7.378679656440357171 ) ) ;
#1219 = ORIENTED_EDGE ( 'NONE', *, *, #1494, .T. ) ;
#1220 = ORIENTED_EDGE ( 'NONE', *, *, #92, .F. ) ;
#1221 = AXIS2_PLACEMENT_3D ( 'NONE', #901, #1352, #998 ) ;
#1222 = AXIS2_PLACEMENT_3D ( 'NONE', #1139, #560, #1147 ) ;
#1223 = EDGE_CURVE ( 'NONE', #616, #931, #362, .T. ) ;
#1224 = FACE_OUTER_BOUND ( 'NONE', #1503, .T. ) ;
#1225 = AXIS2_PLACEMENT_3D ( 'NONE', #339, #589, #1055 ) ;
#1226 = LINE ( 'NONE', #986, #66 ) ;
#1227 = CIRCLE ( 'NONE', #1465, 2.999999999999999112 ) ;
#1228 = CARTESIAN_POINT ( 'NONE',  ( 28.00000000000000000, 5.000000000000001776, -2.000000000000002665 ) ) ;
#1229 = ORIENTED_EDGE ( 'NONE', *, *, #495, .F. ) ;
#1230 = ORIENTED_EDGE ( 'NONE', *, *, #1314, .F. ) ;
#1231 = DIRECTION ( 'NONE',  ( 0.000000000000000000, 0.000000000000000000, 1.000000000000000000 ) ) ;
#1232 = CARTESIAN_POINT ( 'NONE',  ( 10.50000000000000000, 0.000000000000000000, -6.500000000000002665 ) ) ;
#1233 = CARTESIAN_POINT ( 'NONE',  ( 28.00000000000000000, 7.199999999999999289, -2.000000000000002665 ) ) ;
#1234 = AXIS2_PLACEMENT_3D ( 'NONE', #1393, #1412, #341 ) ;
#1235 = EDGE_LOOP ( 'NONE', ( #914, #912, #1499, #607 ) ) ;
#1236 = EDGE_CURVE ( 'NONE', #1270, #996, #437, .T. ) ;
#1237 = VECTOR ( 'NONE', #184, 1000.000000000000000 ) ;
#1238 = TOROIDAL_SURFACE ( 'NONE', #302, 1.500000000000000000, 1.500000000000000000 ) ;
#1239 = PLANE ( 'NONE',  #115 ) ;
#1240 = CARTESIAN_POINT ( 'NONE',  ( 16.00000000000000000, 5.000000000000000000, -2.000000000000002665 ) ) ;
#1241 = CIRCLE ( 'NONE', #305, 1.500000000000000444 ) ;
#1242 = ADVANCED_FACE ( 'NONE', ( #806 ), #933, .T. ) ;
#1243 = FACE_OUTER_BOUND ( 'NONE', #69, .T. ) ;
#1244 = ORIENTED_EDGE ( 'NONE', *, *, #900, .F. ) ;
#1245 = ADVANCED_FACE ( 'NONE', ( #335 ), #1269, .T. ) ;
#1246 = DIRECTION ( 'NONE',  ( 0.000000000000000000, 1.000000000000000000, 0.000000000000000000 ) ) ;
#1247 = EDGE_CURVE ( 'NONE', #360, #755, #1292, .T. ) ;
#1248 = DIRECTION ( 'NONE',  ( -1.000000000000000000, -0.000000000000000000, -0.000000000000000000 ) ) ;
#1249 = VECTOR ( 'NONE', #1248, 1000.000000000000000 ) ;
#1250 = CARTESIAN_POINT ( 'NONE',  ( 12.00000000000000000, 10.00000000000000000, -8.000000000000000000 ) ) ;
#1251 = ADVANCED_FACE ( 'NONE', ( #940, #455 ), #228, .T. ) ;
#1252 = ORIENTED_EDGE ( 'NONE', *, *, #198, .T. ) ;
#1253 = DIRECTION ( 'NONE',  ( -0.000000000000000000, 8.673617379884035472E-17, -1.000000000000000000 ) ) ;
#1254 = ORIENTED_EDGE ( 'NONE', *, *, #1018, .T. ) ;
#1255 = CARTESIAN_POINT ( 'NONE',  ( 29.00000000000000000, 1.499999999999999556, 0.000000000000000000 ) ) ;
#1256 = EDGE_LOOP ( 'NONE', ( #1182, #790, #1342, #1420 ) ) ;
#1257 = CYLINDRICAL_SURFACE ( 'NONE', #311, 2.999999999999999112 ) ;
#1258 = FACE_BOUND ( 'NONE', #58, .T. ) ;
#1259 = ORIENTED_EDGE ( 'NONE', *, *, #6, .T. ) ;
#1260 = DIRECTION ( 'NONE',  ( -0.000000000000000000, -0.000000000000000000, -1.000000000000000000 ) ) ;
#1261 = ORIENTED_EDGE ( 'NONE', *, *, #937, .T. ) ;
#1262 = FACE_OUTER_BOUND ( 'NONE', #101, .T. ) ;
#1263 = ADVANCED_FACE ( 'NONE', ( #1285 ), #814, .T. ) ;
#1264 = CARTESIAN_POINT ( 'NONE',  ( 32.00000000000000000, 10.00000000000000000, -8.000000000000000000 ) ) ;
#1265 = VERTEX_POINT ( 'NONE', #1181 ) ;
#1266 = CARTESIAN_POINT ( 'NONE',  ( 28.00000000000000000, 6.599999999999992539, -1.639483628583461083 ) ) ;
#1267 = CIRCLE ( 'NONE', #70, 1.599999999999986766 ) ;
#1268 = AXIS2_PLACEMENT_3D ( 'NONE', #994, #873, #866 ) ;
#1269 = TOROIDAL_SURFACE ( 'NONE', #99, 1.500000000000000000, 1.500000000000000000 ) ;
#1270 = VERTEX_POINT ( 'NONE', #232 ) ;
#1271 = CARTESIAN_POINT ( 'NONE',  ( 29.00000000000000000, 8.500000000000000000, -6.500000000000000888 ) ) ;
#1272 = CARTESIAN_POINT ( 'NONE',  ( 6.000000000000000000, 4.000000000000000000, -6.000000000000000000 ) ) ;
#1273 = ORIENTED_EDGE ( 'NONE', *, *, #878, .F. ) ;
#1274 = LINE ( 'NONE', #1305, #851 ) ;
#1275 = ORIENTED_EDGE ( 'NONE', *, *, #1032, .T. ) ;
#1276 = CARTESIAN_POINT ( 'NONE',  ( 32.00000000000000000, 3.000000000000000000, -1.500000000000000000 ) ) ;
#1277 = DIRECTION ( 'NONE',  ( 0.000000000000000000, -1.000000000000000000, -1.734723475976807094E-16 ) ) ;
#1278 = EDGE_LOOP ( 'NONE', ( #628, #423, #713, #536, #146 ) ) ;
#1279 = EDGE_CURVE ( 'NONE', #876, #1039, #264, .T. ) ;
#1280 = DIRECTION ( 'NONE',  ( 0.000000000000000000, 1.000000000000000000, 0.000000000000000000 ) ) ;
#1281 = AXIS2_PLACEMENT_3D ( 'NONE', #1187, #109, #1403 ) ;
#1282 = ORIENTED_EDGE ( 'NONE', *, *, #1459, .F. ) ;
#1283 = CARTESIAN_POINT ( 'NONE',  ( 3.000000000000000000, 1.499999999999999556, -12.00000000000000000 ) ) ;
#1284 = EDGE_CURVE ( 'NONE', #735, #243, #688, .T. ) ;
#1285 = FACE_OUTER_BOUND ( 'NONE', #807, .T. ) ;
#1286 = VERTEX_POINT ( 'NONE', #485 ) ;
#1287 = CIRCLE ( 'NONE', #702, 2.200000000000000622 ) ;
#1288 = CARTESIAN_POINT ( 'NONE',  ( 29.59999999999998721, 5.000000000000001776, 1.359357947053559592E-15 ) ) ;
#1289 = AXIS2_PLACEMENT_3D ( 'NONE', #1015, #1466, #1354 ) ;
#1290 = ORIENTED_EDGE ( 'NONE', *, *, #3, .T. ) ;
#1291 = AXIS2_PLACEMENT_3D ( 'NONE', #1096, #375, #839 ) ;
#1292 = CIRCLE ( 'NONE', #290, 1.600000000000012967 ) ;
#1293 = FACE_OUTER_BOUND ( 'NONE', #1488, .T. ) ;
#1294 = LINE ( 'NONE', #1394, #417 ) ;
#1295 = ORIENTED_EDGE ( 'NONE', *, *, #1217, .T. ) ;
#1296 = DIRECTION ( 'NONE',  ( -1.000000000000000000, 0.000000000000000000, 0.000000000000000000 ) ) ;
#1297 =( BOUNDED_CURVE ( )  B_SPLINE_CURVE ( 3, ( #161, #995, #1218, #153 ),
 .UNSPECIFIED., .F., .T. ) 
 B_SPLINE_CURVE_WITH_KNOTS ( ( 4, 4 ),
 ( 0.000000000000000000, 1.570796326794896558 ),
 .UNSPECIFIED. ) 
 CURVE ( )  GEOMETRIC_REPRESENTATION_ITEM ( )  RATIONAL_B_SPLINE_CURVE ( ( 1.000000000000000000, 0.8047378541243649375, 0.8047378541243649375, 1.000000000000000000 ) ) 
 REPRESENTATION_ITEM ( '' )  );
#1298 = DIRECTION ( 'NONE',  ( -0.000000000000000000, 1.000000000000000000, -0.000000000000000000 ) ) ;
#1299 = VERTEX_POINT ( 'NONE', #950 ) ;
#1300 = VECTOR ( 'NONE', #1197, 1000.000000000000000 ) ;
#1301 = DIRECTION ( 'NONE',  ( 0.000000000000000000, 0.000000000000000000, -1.000000000000000000 ) ) ;
#1302 = EDGE_CURVE ( 'NONE', #605, #1299, #754, .T. ) ;
#1303 = DIRECTION ( 'NONE',  ( -0.000000000000000000, 8.673617379884035472E-17, -1.000000000000000000 ) ) ;
#1304 = ORIENTED_EDGE ( 'NONE', *, *, #1060, .T. ) ;
#1305 = CARTESIAN_POINT ( 'NONE',  ( 17.59999999999999076, 5.000000000000000000, 0.000000000000000000 ) ) ;
#1306 = VECTOR ( 'NONE', #614, 1000.000000000000000 ) ;
#1307 = ADVANCED_FACE ( 'NONE', ( #587 ), #438, .T. ) ;
#1308 = DIRECTION ( 'NONE',  ( 1.000000000000000000, -0.000000000000000000, -0.000000000000000000 ) ) ;
#1309 = ORIENTED_EDGE ( 'NONE', *, *, #81, .F. ) ;
#1310 = ORIENTED_EDGE ( 'NONE', *, *, #330, .F. ) ;
#1311 = CARTESIAN_POINT ( 'NONE',  ( 6.000000000000000000, 0.000000000000000000, -6.000000000000000000 ) ) ;
#1312 = AXIS2_PLACEMENT_3D ( 'NONE', #444, #1136, #453 ) ;
#1313 = CARTESIAN_POINT ( 'NONE',  ( 12.00000000000000000, 8.500000000000000000, -9.000000000000001776 ) ) ;
#1314 = EDGE_CURVE ( 'NONE', #1474, #171, #1149, .T. ) ;
#1315 = ORIENTED_EDGE ( 'NONE', *, *, #1014, .T. ) ;
#1316 = DIRECTION ( 'NONE',  ( -1.000000000000000000, 0.000000000000000000, 0.000000000000000000 ) ) ;
#1317 = DIRECTION ( 'NONE',  ( -0.000000000000000000, 8.673617379884035472E-17, -1.000000000000000000 ) ) ;
#1318 = EDGE_LOOP ( 'NONE', ( #1273, #740, #14, #1019, #331 ) ) ;
#1319 = EDGE_LOOP ( 'NONE', ( #623, #1357 ) ) ;
#1320 = CARTESIAN_POINT ( 'NONE',  ( 29.00000000000000000, 3.000000000000000000, -6.500000000000001776 ) ) ;
#1321 = AXIS2_PLACEMENT_3D ( 'NONE', #79, #96, #1361 ) ;
#1322 = AXIS2_PLACEMENT_3D ( 'NONE', #166, #1431, #44 ) ;
#1323 = CYLINDRICAL_SURFACE ( 'NONE', #1411, 1.499999999999999556 ) ;
#1324 = CARTESIAN_POINT ( 'NONE',  ( 17.59999999999998721, 5.000000000000000000, 1.359357947053559592E-15 ) ) ;
#1325 = DIRECTION ( 'NONE',  ( -0.000000000000000000, -1.000000000000000000, 0.000000000000000000 ) ) ;
#1326 = VERTEX_POINT ( 'NONE', #478 ) ;
#1327 = ORIENTED_EDGE ( 'NONE', *, *, #896, .T. ) ;
#1328 = DIRECTION ( 'NONE',  ( 0.000000000000000000, 1.000000000000000000, 0.000000000000000000 ) ) ;
#1329 = EDGE_CURVE ( 'NONE', #1265, #50, #1073, .T. ) ;
#1330 = CARTESIAN_POINT ( 'NONE',  ( 0.000000000000000000, 1.499999999999999556, -10.50000000000000000 ) ) ;
#1331 = DIRECTION ( 'NONE',  ( 0.000000000000000000, 0.000000000000000000, -1.000000000000000000 ) ) ;
#1332 = DIRECTION ( 'NONE',  ( -0.000000000000000000, -0.000000000000000000, 1.000000000000000000 ) ) ;
#1333 =( LENGTH_UNIT ( ) NAMED_UNIT ( * ) SI_UNIT ( .MILLI., .METRE. ) );
#1334 = ORIENTED_EDGE ( 'NONE', *, *, #926, .T. ) ;
#1335 = EDGE_CURVE ( 'NONE', #556, #838, #1294, .T. ) ;
#1336 = CARTESIAN_POINT ( 'NONE',  ( 0.000000000000000000, 10.00000000000000000, 0.000000000000000000 ) ) ;
#1337 = CARTESIAN_POINT ( 'NONE',  ( 29.00000000000000000, 7.000000000000000000, 0.000000000000000000 ) ) ;
#1338 = EDGE_CURVE ( 'NONE', #1391, #1039, #342, .T. ) ;
#1339 = AXIS2_PLACEMENT_3D ( 'NONE', #35, #158, #45 ) ;
#1340 = ADVANCED_FACE ( 'NONE', ( #1498 ), #969, .F. ) ;
#1341 = SURFACE_STYLE_FILL_AREA ( #56 ) ;
#1342 = ORIENTED_EDGE ( 'NONE', *, *, #149, .F. ) ;
#1343 = AXIS2_PLACEMENT_3D ( 'NONE', #739, #867, #974 ) ;
#1344 = LINE ( 'NONE', #673, #52 ) ;
#1345 = CIRCLE ( 'NONE', #393, 1.499999999999999556 ) ;
#1346 = DIRECTION ( 'NONE',  ( -0.000000000000000000, 8.673617379884035472E-17, -1.000000000000000000 ) ) ;
#1347 = CIRCLE ( 'NONE', #1322, 1.599999999999986766 ) ;
#1348 = FACE_OUTER_BOUND ( 'NONE', #122, .T. ) ;
#1349 = SURFACE_SIDE_STYLE ('',( #1341 ) ) ;
#1350 = EDGE_LOOP ( 'NONE', ( #428, #8, #899, #1023 ) ) ;
#1351 = ORIENTED_EDGE ( 'NONE', *, *, #1508, .F. ) ;
#1352 = DIRECTION ( 'NONE',  ( -0.000000000000000000, 1.000000000000000000, -0.000000000000000000 ) ) ;
#1353 = CARTESIAN_POINT ( 'NONE',  ( 16.00000000000000000, 2.800000000000005596, -8.000000000000001776 ) ) ;
#1354 = DIRECTION ( 'NONE',  ( 0.000000000000000000, 1.000000000000000000, 1.355252715606888678E-16 ) ) ;
#1355 = CARTESIAN_POINT ( 'NONE',  ( 1.500000000000000000, 10.00000000000000000, -1.500000000000000000 ) ) ;
#1356 = ADVANCED_FACE ( 'NONE', ( #750 ), #59, .F. ) ;
#1357 = ORIENTED_EDGE ( 'NONE', *, *, #81, .T. ) ;
#1358 = CIRCLE ( 'NONE', #505, 1.500000000000000000 ) ;
#1359 = CARTESIAN_POINT ( 'NONE',  ( 1.500000000000000000, 10.00000000000000000, 0.000000000000000000 ) ) ;
#1360 = ADVANCED_FACE ( 'NONE', ( #1224 ), #1323, .T. ) ;
#1361 = DIRECTION ( 'NONE',  ( 0.000000000000000000, 0.000000000000000000, -1.000000000000000000 ) ) ;
#1362 = TOROIDAL_SURFACE ( 'NONE', #1281, 1.500000000000000000, 1.500000000000000000 ) ;
#1363 = AXIS2_PLACEMENT_3D ( 'NONE', #1115, #270, #626 ) ;
#1364 = CYLINDRICAL_SURFACE ( 'NONE', #946, 1.600000000000007638 ) ;
#1365 = ORIENTED_EDGE ( 'NONE', *, *, #1223, .F. ) ;
#1366 = DIRECTION ( 'NONE',  ( -0.000000000000000000, -1.000000000000000000, 0.000000000000000000 ) ) ;
#1367 = CIRCLE ( 'NONE', #1484, 1.500000000000000000 ) ;
#1368 = DIRECTION ( 'NONE',  ( -0.000000000000000000, 8.673617379884035472E-17, -1.000000000000000000 ) ) ;
#1369 = TOROIDAL_SURFACE ( 'NONE', #1027, 1.500000000000000000, 1.500000000000000000 ) ;
#1370 = DIRECTION ( 'NONE',  ( -0.000000000000000000, 1.000000000000000000, -0.000000000000000000 ) ) ;
#1371 = ORIENTED_EDGE ( 'NONE', *, *, #284, .F. ) ;
#1372 = DIRECTION ( 'NONE',  ( 1.000000000000000000, -0.000000000000000000, -0.000000000000000000 ) ) ;
#1373 = FACE_OUTER_BOUND ( 'NONE', #217, .T. ) ;
#1374 = ADVANCED_FACE ( 'NONE', ( #1213, #1200 ), #1447, .F. ) ;
#1375 = CARTESIAN_POINT ( 'NONE',  ( 29.00000000000000000, 3.000000000000000444, -8.000000000000001776 ) ) ;
#1376 = VERTEX_POINT ( 'NONE', #493 ) ;
#1377 = CARTESIAN_POINT ( 'NONE',  ( 16.00000000000000000, 5.000000000000000000, -2.000000000000002665 ) ) ;
#1378 = EDGE_CURVE ( 'NONE', #416, #62, #1347, .T. ) ;
#1379 = VERTEX_POINT ( 'NONE', #157 ) ;
#1380 = DIRECTION ( 'NONE',  ( -0.000000000000000000, 1.734723475976807094E-16, -1.000000000000000000 ) ) ;
#1381 = EDGE_LOOP ( 'NONE', ( #692, #685, #567, #660 ) ) ;
#1382 = CARTESIAN_POINT ( 'NONE',  ( 29.00000000000000000, 1.500000000000000000, -1.500000000000000000 ) ) ;
#1383 = EDGE_LOOP ( 'NONE', ( #936, #1371, #666, #1304, #517 ) ) ;
#1384 = CARTESIAN_POINT ( 'NONE',  ( 28.00000000000000000, 5.000000000000001776, -1.639483628583461305 ) ) ;
#1385 = CARTESIAN_POINT ( 'NONE',  ( 6.000000000000000000, 10.00000000000000178, -6.000000000000000000 ) ) ;
#1386 = VERTEX_POINT ( 'NONE', #1313 ) ;
#1387 = CARTESIAN_POINT ( 'NONE',  ( 32.00000000000000000, 3.000000000000000000, -6.500000000000002665 ) ) ;
#1388 = CIRCLE ( 'NONE', #923, 1.500000000000000000 ) ;
#1389 = AXIS2_PLACEMENT_3D ( 'NONE', #705, #1413, #1159 ) ;
#1390 = ADVANCED_FACE ( 'NONE', ( #639 ), #992, .T. ) ;
#1391 = VERTEX_POINT ( 'NONE', #864 ) ;
#1392 = UNCERTAINTY_MEASURE_WITH_UNIT (LENGTH_MEASURE( 1.000000000000000082E-05 ), #1333, 'distance_accuracy_value', 'NONE');
#1393 = CARTESIAN_POINT ( 'NONE',  ( 10.50000000000000000, 8.500000000000000000, 0.000000000000000000 ) ) ;
#1394 = CARTESIAN_POINT ( 'NONE',  ( 29.00000000000000000, 0.000000000000000000, 0.000000000000000000 ) ) ;
#1395 = EDGE_CURVE ( 'NONE', #583, #1299, #389, .T. ) ;
#1396 = EDGE_LOOP ( 'NONE', ( #1446, #749, #1436, #1057, #317, #510 ) ) ;
#1397 = DIRECTION ( 'NONE',  ( 0.000000000000000000, 0.000000000000000000, -1.000000000000000000 ) ) ;
#1398 = ORIENTED_EDGE ( 'NONE', *, *, #783, .F. ) ;
#1399 = DIRECTION ( 'NONE',  ( 0.000000000000000000, 0.000000000000000000, 1.000000000000000000 ) ) ;
#1400 = ORIENTED_EDGE ( 'NONE', *, *, #198, .F. ) ;
#1401 = ORIENTED_EDGE ( 'NONE', *, *, #801, .F. ) ;
#1402 = AXIS2_PLACEMENT_3D ( 'NONE', #971, #745, #1083 ) ;
#1403 = DIRECTION ( 'NONE',  ( 0.000000000000000000, -1.000000000000000000, -1.734723475976807094E-16 ) ) ;
#1404 = ORIENTED_EDGE ( 'NONE', *, *, #926, .F. ) ;
#1405 = DIRECTION ( 'NONE',  ( 0.000000000000000000, 0.000000000000000000, 1.000000000000000000 ) ) ;
#1406 = AXIS2_PLACEMENT_3D ( 'NONE', #1382, #657, #888 ) ;
#1407 = CARTESIAN_POINT ( 'NONE',  ( 30.50000000000000000, 1.127570259384925006E-15, -6.500000000000002665 ) ) ;
#1408 = AXIS2_PLACEMENT_3D ( 'NONE', #1110, #61, #399 ) ;
#1409 = ORIENTED_EDGE ( 'NONE', *, *, #64, .F. ) ;
#1410 = ADVANCED_FACE ( 'NONE', ( #513 ), #1454, .F. ) ;
#1411 = AXIS2_PLACEMENT_3D ( 'NONE', #28, #1189, #1082 ) ;
#1412 = DIRECTION ( 'NONE',  ( 0.000000000000000000, 0.000000000000000000, -1.000000000000000000 ) ) ;
#1413 = DIRECTION ( 'NONE',  ( -0.000000000000000000, -0.000000000000000000, 1.000000000000000000 ) ) ;
#1414 = LINE ( 'NONE', #1359, #1044 ) ;
#1415 = EDGE_CURVE ( 'NONE', #1286, #958, #680, .T. ) ;
#1416 = LINE ( 'NONE', #919, #797 ) ;
#1417 = LINE ( 'NONE', #1056, #768 ) ;
#1418 = EDGE_LOOP ( 'NONE', ( #1168, #1481 ) ) ;
#1419 = EDGE_CURVE ( 'NONE', #845, #456, #1102, .T. ) ;
#1420 = ORIENTED_EDGE ( 'NONE', *, *, #47, .F. ) ;
#1421 = CARTESIAN_POINT ( 'NONE',  ( 28.00000000000000000, 2.800000000000004707, -2.000000000000002665 ) ) ;
#1422 = DIRECTION ( 'NONE',  ( -0.000000000000000000, -0.000000000000000000, 1.000000000000000000 ) ) ;
#1423 = EDGE_LOOP ( 'NONE', ( #179, #570, #1011, #1085 ) ) ;
#1424 = DIRECTION ( 'NONE',  ( 0.000000000000000000, -1.000000000000000000, 0.000000000000000000 ) ) ;
#1425 = CIRCLE ( 'NONE', #913, 1.500000000000000000 ) ;
#1426 = CARTESIAN_POINT ( 'NONE',  ( 3.000000000000000000, 10.00000000000000000, -12.00000000000000000 ) ) ;
#1427 = VECTOR ( 'NONE', #254, 1000.000000000000000 ) ;
#1428 = ORIENTED_EDGE ( 'NONE', *, *, #896, .F. ) ;
#1429 = VECTOR ( 'NONE', #786, 1000.000000000000000 ) ;
#1430 = DIRECTION ( 'NONE',  ( 0.000000000000000000, -1.734723475976807094E-16, 1.000000000000000000 ) ) ;
#1431 = DIRECTION ( 'NONE',  ( -0.000000000000000000, -0.000000000000000000, 1.000000000000000000 ) ) ;
#1432 = DIRECTION ( 'NONE',  ( -1.000000000000000000, 0.000000000000000000, 0.000000000000000000 ) ) ;
#1433 = LINE ( 'NONE', #987, #659 ) ;
#1434 =( NAMED_UNIT ( * ) PLANE_ANGLE_UNIT ( ) SI_UNIT ( $, .RADIAN. ) );
#1435 =( GEOMETRIC_REPRESENTATION_CONTEXT ( 3 ) GLOBAL_UNCERTAINTY_ASSIGNED_CONTEXT ( ( #32 ) ) GLOBAL_UNIT_ASSIGNED_CONTEXT ( ( #892, #77, #773 ) ) REPRESENTATION_CONTEXT ( 'NONE', 'WORKASPACE' ) );
#1436 = ORIENTED_EDGE ( 'NONE', *, *, #783, .T. ) ;
#1437 = EDGE_CURVE ( 'NONE', #456, #40, #515, .T. ) ;
#1438 = ORIENTED_EDGE ( 'NONE', *, *, #1247, .F. ) ;
#1439 = FACE_OUTER_BOUND ( 'NONE', #296, .T. ) ;
#1440 = DIRECTION ( 'NONE',  ( 0.000000000000000000, 1.000000000000000000, 0.000000000000000000 ) ) ;
#1441 = ADVANCED_FACE ( 'NONE', ( #1107 ), #1369, .T. ) ;
#1442 = DIRECTION ( 'NONE',  ( 0.000000000000000000, 0.000000000000000000, -1.000000000000000000 ) ) ;
#1443 = CARTESIAN_POINT ( 'NONE',  ( 10.50000000000000000, 0.000000000000000000, -9.000000000000001776 ) ) ;
#1444 = VERTEX_POINT ( 'NONE', #410 ) ;
#1445 = EDGE_CURVE ( 'NONE', #588, #1112, #249, .T. ) ;
#1446 = ORIENTED_EDGE ( 'NONE', *, *, #1177, .T. ) ;
#1447 = PLANE ( 'NONE',  #636 ) ;
#1448 = EDGE_CURVE ( 'NONE', #1379, #1171, #1227, .T. ) ;
#1449 = DIRECTION ( 'NONE',  ( -1.000000000000000000, 0.000000000000000000, 0.000000000000000000 ) ) ;
#1450 = FACE_OUTER_BOUND ( 'NONE', #1383, .T. ) ;
#1451 = DIRECTION ( 'NONE',  ( 1.000000000000000000, 0.000000000000000000, 0.000000000000000000 ) ) ;
#1452 = ORIENTED_EDGE ( 'NONE', *, *, #247, .T. ) ;
#1453 = EDGE_LOOP ( 'NONE', ( #742, #975 ) ) ;
#1454 = CYLINDRICAL_SURFACE ( 'NONE', #1489, 2.200000000000013500 ) ;
#1455 = CARTESIAN_POINT ( 'NONE',  ( 10.50000000000000000, 10.00000000000000000, 0.000000000000000000 ) ) ;
#1456 = CARTESIAN_POINT ( 'NONE',  ( 29.00000000000000000, 7.000000000000000000, -6.500000000000001776 ) ) ;
#1457 = DIRECTION ( 'NONE',  ( -1.000000000000000000, 0.000000000000000000, 0.000000000000000000 ) ) ;
#1458 = ORIENTED_EDGE ( 'NONE', *, *, #973, .F. ) ;
#1459 = EDGE_CURVE ( 'NONE', #370, #588, #186, .T. ) ;
#1460 = ORIENTED_EDGE ( 'NONE', *, *, #878, .T. ) ;
#1461 = AXIS2_PLACEMENT_3D ( 'NONE', #881, #776, #80 ) ;
#1462 = CARTESIAN_POINT ( 'NONE',  ( 6.000000000000000000, 10.00000000000000000, -6.000000000000000000 ) ) ;
#1463 = AXIS2_PLACEMENT_3D ( 'NONE', #261, #159, #381 ) ;
#1464 = CARTESIAN_POINT ( 'NONE',  ( 0.000000000000000000, 1.499999999999999556, 0.000000000000000000 ) ) ;
#1465 = AXIS2_PLACEMENT_3D ( 'NONE', #1088, #720, #200 ) ;
#1466 = DIRECTION ( 'NONE',  ( -0.000000000000000000, 8.673617379884035472E-17, -1.000000000000000000 ) ) ;
#1467 = EDGE_CURVE ( 'NONE', #838, #134, #1344, .T. ) ;
#1468 = LINE ( 'NONE', #1233, #1237 ) ;
#1469 = EDGE_LOOP ( 'NONE', ( #1079, #17, #1506 ) ) ;
#1470 = EDGE_CURVE ( 'NONE', #811, #1379, #1120, .T. ) ;
#1471 = DIRECTION ( 'NONE',  ( 0.000000000000000000, 0.000000000000000000, 1.000000000000000000 ) ) ;
#1472 = CARTESIAN_POINT ( 'NONE',  ( 16.00000000000000000, 5.000000000000000888, -8.000000000000003553 ) ) ;
#1473 = DIRECTION ( 'NONE',  ( -0.000000000000000000, 1.734723475976807094E-16, -1.000000000000000000 ) ) ;
#1474 = VERTEX_POINT ( 'NONE', #785 ) ;
#1475 = CARTESIAN_POINT ( 'NONE',  ( 12.00000000000000000, 1.499999999999999778, -8.000000000000001776 ) ) ;
#1476 = DIRECTION ( 'NONE',  ( -1.000000000000000000, 0.000000000000000000, 0.000000000000000000 ) ) ;
#1477 = DIRECTION ( 'NONE',  ( 0.000000000000000000, 1.000000000000000000, 0.000000000000000000 ) ) ;
#1478 = AXIS2_PLACEMENT_3D ( 'NONE', #902, #1253, #211 ) ;
#1479 = AXIS2_PLACEMENT_3D ( 'NONE', #663, #1142, #909 ) ;
#1480 = PLANE ( 'NONE',  #286 ) ;
#1481 = ORIENTED_EDGE ( 'NONE', *, *, #1032, .F. ) ;
#1482 = EDGE_CURVE ( 'NONE', #845, #409, #418, .T. ) ;
#1483 = DIRECTION ( 'NONE',  ( -0.000000000000000000, 1.000000000000000000, -0.000000000000000000 ) ) ;
#1484 = AXIS2_PLACEMENT_3D ( 'NONE', #621, #1457, #508 ) ;
#1485 = CARTESIAN_POINT ( 'NONE',  ( 1.500000000000000000, 1.499999999999999556, 0.000000000000000000 ) ) ;
#1486 = DIRECTION ( 'NONE',  ( 1.000000000000000000, -0.000000000000000000, 0.000000000000000000 ) ) ;
#1487 = TOROIDAL_SURFACE ( 'NONE', #97, 1.500000000000000000, 1.500000000000000000 ) ;
#1488 = EDGE_LOOP ( 'NONE', ( #273, #877, #1275, #499 ) ) ;
#1489 = AXIS2_PLACEMENT_3D ( 'NONE', #520, #737, #404 ) ;
#1490 = EDGE_CURVE ( 'NONE', #755, #360, #147, .T. ) ;
#1491 = DIRECTION ( 'NONE',  ( 0.000000000000000000, 1.000000000000000000, 0.000000000000000000 ) ) ;
#1492 = ORIENTED_EDGE ( 'NONE', *, *, #1109, .T. ) ;
#1493 = CYLINDRICAL_SURFACE ( 'NONE', #1479, 1.500000000000000000 ) ;
#1494 = EDGE_CURVE ( 'NONE', #1326, #259, #74, .T. ) ;
#1495 = VERTEX_POINT ( 'NONE', #65 ) ;
#1496 = ORIENTED_EDGE ( 'NONE', *, *, #530, .F. ) ;
#1497 = CARTESIAN_POINT ( 'NONE',  ( 9.000000000000001776, 8.500000000000000000, -12.00000000000000000 ) ) ;
#1498 = FACE_OUTER_BOUND ( 'NONE', #1193, .T. ) ;
#1499 = ORIENTED_EDGE ( 'NONE', *, *, #741, .F. ) ;
#1500 = ADVANCED_FACE ( 'NONE', ( #424 ), #1257, .T. ) ;
#1501 = DIRECTION ( 'NONE',  ( -0.000000000000000000, -0.000000000000000000, 1.000000000000000000 ) ) ;
#1502 = AXIS2_PLACEMENT_3D ( 'NONE', #1472, #558, #1246 ) ;
#1503 = EDGE_LOOP ( 'NONE', ( #825, #137, #494, #955 ) ) ;
#1504 = ADVANCED_FACE ( 'NONE', ( #298 ), #662, .F. ) ;
#1505 = DIRECTION ( 'NONE',  ( 1.000000000000000000, -0.000000000000000000, 0.000000000000000000 ) ) ;
#1506 = ORIENTED_EDGE ( 'NONE', *, *, #853, .F. ) ;
#1507 = DIRECTION ( 'NONE',  ( -0.000000000000000000, 8.673617379884035472E-17, -1.000000000000000000 ) ) ;
#1508 = EDGE_CURVE ( 'NONE', #1265, #191, #292, .T. ) ;
#1509 = AXIS2_PLACEMENT_3D ( 'NONE', #237, #1174, #1067 ) ;
#1510 = CIRCLE ( 'NONE', #488, 1.599999999999990319 ) ;
ENDSEC;
END-ISO-10303-21;
